{"type":"FeatureCollection","features":[{"type":"Feature","properties":{"NAME_1":"Abia"},"geometry":{"type":"MultiPolygon","coordinates":[[[[7.463,4.982],[7.463,4.968],[7.466,4.958],[7.476,4.947],[7.476,4.928],[7.465,4.902],[7.494,4.847],[7.499,4.821],[7.493,4.815],[7.458,4.846],[7.429,4.862],[7.411,4.869],[7.382,4.862],[7.357,4.869],[7.329,4.882],[7.318,4.878],[7.302,4.877],[7.284,4.88],[7.266,4.87],[7.257,4.867],[7.228,4.866],[7.215,4.86],[7.199,4.862],[7.186,4.865],[7.173,4.877],[7.163,4.888],[7.153,4.905],[7.156,4.923],[7.167,4.96],[7.178,4.983],[7.2,5.007],[7.206,5.021],[7.233,5.053],[7.246,5.083],[7.256,5.098],[7.264,5.105],[7.272,5.121],[7.27,5.146],[7.271,5.166],[7.26,5.194],[7.252,5.195],[7.262,5.217],[7.272,5.25],[7.276,5.273],[7.301,5.361],[7.319,5.396],[7.335,5.423],[7.354,5.439],[7.365,5.451],[7.378,5.482],[7.384,5.5],[7.398,5.514],[7.404,5.532],[7.405,5.547],[7.403,5.569],[7.403,5.584],[7.399,5.603],[7.404,5.636],[7.391,5.654],[7.38,5.676],[7.386,5.683],[7.396,5.685],[7.399,5.688],[7.4,5.737],[7.394,5.76],[7.392,5.781],[7.393,5.825],[7.386,5.847],[7.378,5.864],[7.369,5.87],[7.353,5.876],[7.338,5.878],[7.316,5.889],[7.296,5.893],[7.282,5.899],[7.269,5.907],[7.252,5.926],[7.25,5.926],[7.271,5.962],[7.282,5.972],[7.293,5.983],[7.309,5.995],[7.335,6.009],[7.364,6.021],[7.37,6.018],[7.373,6.008],[7.381,6.012],[7.405,6.018],[7.451,6.023],[7.495,6.018],[7.528,5.997],[7.53,5.986],[7.534,5.981],[7.532,5.963],[7.535,5.919],[7.535,5.902],[7.528,5.888],[7.526,5.856],[7.527,5.844],[7.542,5.828],[7.611,5.822],[7.638,5.823],[7.662,5.819],[7.769,5.814],[7.78,5.804],[7.79,5.784],[7.793,5.748],[7.804,5.731],[7.82,5.72],[7.842,5.706],[7.856,5.694],[7.878,5.69],[7.887,5.685],[7.895,5.67],[7.894,5.654],[7.886,5.609],[7.886,5.578],[7.888,5.548],[7.897,5.526],[7.907,5.494],[7.91,5.473],[7.922,5.446],[7.95,5.414],[7.962,5.372],[7.952,5.353],[7.936,5.354],[7.913,5.362],[7.897,5.365],[7.888,5.378],[7.875,5.391],[7.854,5.407],[7.844,5.412],[7.826,5.416],[7.812,5.421],[7.792,5.434],[7.768,5.455],[7.763,5.468],[7.759,5.49],[7.75,5.502],[7.739,5.513],[7.723,5.521],[7.684,5.528],[7.66,5.529],[7.645,5.526],[7.641,5.511],[7.647,5.488],[7.65,5.465],[7.649,5.454],[7.645,5.434],[7.636,5.424],[7.633,5.407],[7.622,5.388],[7.62,5.372],[7.625,5.364],[7.638,5.365],[7.653,5.369],[7.661,5.367],[7.65,5.328],[7.638,5.313],[7.624,5.31],[7.585,5.312],[7.563,5.317],[7.54,5.316],[7.529,5.311],[7.522,5.3],[7.521,5.288],[7.527,5.276],[7.534,5.267],[7.538,5.256],[7.537,5.248],[7.527,5.212],[7.518,5.162],[7.518,5.123],[7.522,5.102],[7.529,5.083],[7.522,5.067],[7.518,5.051],[7.51,5.036],[7.5,5.026],[7.487,5.02],[7.469,5.005],[7.47,4.992],[7.463,4.982]]]]}},{"type":"Feature","properties":{"NAME_1":"Adamawa"},"geometry":{"type":"MultiPolygon","coordinates":[[[[12.251,8.173],[12.242,8.165],[12.242,8.15],[12.239,8.145],[12.227,8.136],[12.228,8.126],[12.22,8.121],[12.216,8.113],[12.211,8.107],[12.209,8.094],[12.212,8.077],[12.218,8.069],[12.219,8.053],[12.216,8.031],[12.222,8.022],[12.223,8.015],[12.221,8.003],[12.217,8.0],[12.217,7.994],[12.213,7.99],[12.211,7.984],[12.206,7.979],[12.207,7.972],[12.204,7.969],[12.188,7.959],[12.19,7.954],[12.188,7.943],[12.181,7.94],[12.176,7.933],[12.172,7.931],[12.167,7.926],[12.159,7.914],[12.155,7.897],[12.132,7.87],[12.127,7.865],[12.108,7.856],[12.1,7.849],[12.088,7.836],[12.076,7.805],[12.063,7.795],[12.062,7.789],[12.063,7.781],[12.053,7.773],[12.056,7.763],[12.055,7.757],[12.046,7.748],[12.042,7.74],[12.032,7.73],[12.029,7.701],[12.031,7.691],[12.026,7.676],[12.027,7.665],[12.026,7.664],[12.012,7.664],[12.008,7.662],[12.008,7.656],[12.017,7.635],[12.017,7.629],[12.019,7.622],[12.017,7.598],[12.019,7.587],[12.015,7.574],[12.021,7.56],[12.021,7.54],[12.028,7.529],[12.034,7.523],[12.034,7.521],[12.025,7.514],[12.012,7.508],[12.007,7.508],[11.992,7.499],[11.971,7.498],[11.96,7.495],[11.951,7.488],[11.936,7.47],[11.924,7.453],[11.916,7.444],[11.896,7.458],[11.897,7.484],[11.889,7.509],[11.866,7.558],[11.86,7.615],[11.848,7.643],[11.857,7.732],[11.84,7.764],[11.806,7.806],[11.768,7.843],[11.736,7.868],[11.708,7.898],[11.695,7.918],[11.671,7.937],[11.648,7.944],[11.621,7.937],[11.601,7.909],[11.596,7.899],[11.576,7.873],[11.559,7.857],[11.544,7.846],[11.532,7.841],[11.488,7.88],[11.477,7.903],[11.441,7.956],[11.434,7.975],[11.428,8.001],[11.4,8.064],[11.414,8.09],[11.443,8.126],[11.48,8.167],[11.542,8.219],[11.587,8.272],[11.624,8.307],[11.7,8.404],[11.722,8.438],[11.763,8.492],[11.823,8.548],[11.862,8.576],[11.869,8.609],[11.864,8.643],[11.862,8.674],[11.863,8.702],[11.873,8.73],[11.887,8.755],[11.897,8.767],[11.917,8.807],[11.931,8.836],[11.96,8.886],[11.971,8.916],[11.976,8.944],[11.972,8.973],[11.939,9.035],[11.897,9.046],[11.872,9.059],[11.848,9.081],[11.829,9.106],[11.826,9.124],[11.824,9.168],[11.831,9.202],[11.821,9.225],[11.805,9.25],[11.79,9.284],[11.769,9.327],[11.746,9.36],[11.713,9.381],[11.658,9.396],[11.637,9.398],[11.614,9.429],[11.578,9.497],[11.536,9.567],[11.526,9.592],[11.567,9.596],[11.626,9.607],[11.68,9.63],[11.725,9.659],[11.832,9.72],[11.889,9.756],[11.925,9.784],[11.943,9.822],[11.934,9.881],[11.936,9.937],[11.946,10.045],[11.987,10.036],[12.048,10.029],[12.092,10.032],[12.131,10.041],[12.165,10.053],[12.194,10.07],[12.221,10.101],[12.243,10.14],[12.281,10.19],[12.315,10.228],[12.343,10.264],[12.381,10.303],[12.422,10.316],[12.468,10.321],[12.524,10.324],[12.579,10.342],[12.619,10.36],[12.658,10.402],[12.671,10.444],[12.725,10.447],[12.763,10.465],[12.799,10.524],[12.833,10.559],[12.873,10.582],[12.948,10.58],[13.011,10.569],[13.057,10.553],[13.099,10.528],[13.145,10.478],[13.184,10.46],[13.223,10.444],[13.259,10.44],[13.293,10.444],[13.312,10.463],[13.32,10.517],[13.336,10.587],[13.38,10.678],[13.399,10.736],[13.414,10.802],[13.417,10.847],[13.414,10.892],[13.418,10.93],[13.468,10.937],[13.478,10.925],[13.499,10.916],[13.539,10.907],[13.601,10.911],[13.663,10.932],[13.692,10.939],[13.695,10.967],[13.707,10.979],[13.724,10.982],[13.708,10.972],[13.71,10.949],[13.713,10.944],[13.726,10.931],[13.728,10.923],[13.72,10.903],[13.719,10.876],[13.714,10.86],[13.701,10.847],[13.694,10.847],[13.683,10.842],[13.678,10.839],[13.674,10.823],[13.671,10.818],[13.663,10.818],[13.652,10.821],[13.637,10.792],[13.651,10.791],[13.654,10.79],[13.655,10.784],[13.643,10.776],[13.641,10.77],[13.642,10.764],[13.629,10.743],[13.628,10.734],[13.623,10.725],[13.621,10.719],[13.611,10.713],[13.604,10.704],[13.597,10.703],[13.587,10.705],[13.578,10.692],[13.58,10.687],[13.587,10.68],[13.586,10.672],[13.582,10.662],[13.574,10.658],[13.571,10.635],[13.565,10.63],[13.547,10.621],[13.546,10.618],[13.546,10.615],[13.553,10.605],[13.555,10.594],[13.558,10.591],[13.564,10.588],[13.567,10.584],[13.56,10.571],[13.558,10.558],[13.568,10.546],[13.574,10.535],[13.566,10.523],[13.556,10.513],[13.549,10.495],[13.538,10.48],[13.527,10.479],[13.527,10.476],[13.528,10.466],[13.538,10.452],[13.535,10.431],[13.536,10.424],[13.528,10.418],[13.526,10.406],[13.524,10.404],[13.509,10.397],[13.498,10.395],[13.494,10.391],[13.493,10.387],[13.498,10.368],[13.495,10.356],[13.498,10.339],[13.495,10.338],[13.487,10.338],[13.482,10.335],[13.481,10.333],[13.487,10.326],[13.489,10.318],[13.487,10.295],[13.48,10.291],[13.479,10.285],[13.471,10.274],[13.466,10.246],[13.469,10.236],[13.475,10.232],[13.475,10.223],[13.483,10.201],[13.483,10.199],[13.473,10.197],[13.469,10.194],[13.469,10.184],[13.466,10.177],[13.467,10.164],[13.443,10.154],[13.437,10.146],[13.436,10.137],[13.434,10.135],[13.424,10.131],[13.407,10.126],[13.392,10.125],[13.386,10.121],[13.369,10.121],[13.365,10.119],[13.363,10.114],[13.357,10.113],[13.347,10.114],[13.343,10.123],[13.317,10.101],[13.298,10.092],[13.291,10.083],[13.291,10.075],[13.288,10.063],[13.275,10.051],[13.252,10.042],[13.252,10.036],[13.248,10.036],[13.246,10.031],[13.25,10.029],[13.248,10.026],[13.248,10.018],[13.25,10.015],[13.248,10.011],[13.248,10.001],[13.261,9.996],[13.272,9.994],[13.278,9.991],[13.288,9.98],[13.284,9.97],[13.286,9.958],[13.282,9.957],[13.281,9.952],[13.278,9.948],[13.28,9.941],[13.271,9.939],[13.269,9.933],[13.254,9.932],[13.241,9.925],[13.237,9.92],[13.238,9.885],[13.245,9.876],[13.242,9.864],[13.247,9.861],[13.249,9.856],[13.256,9.858],[13.264,9.851],[13.269,9.853],[13.273,9.851],[13.275,9.848],[13.284,9.844],[13.29,9.837],[13.295,9.836],[13.299,9.828],[13.288,9.814],[13.287,9.805],[13.284,9.802],[13.272,9.793],[13.259,9.778],[13.258,9.774],[13.259,9.768],[13.256,9.764],[13.255,9.755],[13.258,9.743],[13.255,9.73],[13.249,9.721],[13.252,9.717],[13.248,9.713],[13.248,9.71],[13.251,9.705],[13.253,9.7],[13.248,9.695],[13.247,9.692],[13.233,9.688],[13.23,9.679],[13.23,9.674],[13.235,9.667],[13.237,9.662],[13.234,9.657],[13.229,9.652],[13.229,9.649],[13.231,9.646],[13.23,9.639],[13.231,9.628],[13.235,9.625],[13.236,9.621],[13.224,9.602],[13.225,9.585],[13.222,9.582],[13.214,9.566],[13.208,9.558],[13.2,9.556],[13.192,9.56],[13.174,9.545],[13.162,9.54],[13.156,9.543],[13.139,9.537],[13.126,9.528],[13.113,9.529],[13.105,9.525],[13.093,9.527],[13.085,9.52],[13.08,9.52],[13.077,9.515],[13.074,9.514],[13.067,9.518],[13.063,9.518],[13.058,9.512],[13.047,9.507],[13.034,9.511],[13.02,9.497],[13.009,9.491],[13.005,9.483],[12.986,9.476],[12.981,9.469],[12.974,9.473],[12.972,9.471],[12.97,9.458],[12.967,9.451],[12.959,9.443],[12.95,9.44],[12.946,9.436],[12.941,9.428],[12.942,9.425],[12.937,9.419],[12.924,9.413],[12.918,9.413],[12.911,9.407],[12.883,9.394],[12.871,9.391],[12.87,9.387],[12.866,9.382],[12.866,9.377],[12.868,9.372],[12.865,9.37],[12.853,9.373],[12.848,9.376],[12.845,9.375],[12.844,9.373],[12.848,9.369],[12.849,9.363],[12.854,9.359],[12.86,9.361],[12.866,9.359],[12.867,9.352],[12.877,9.347],[12.892,9.355],[12.901,9.353],[12.908,9.348],[12.914,9.341],[12.917,9.338],[12.917,9.329],[12.912,9.321],[12.913,9.317],[12.916,9.314],[12.914,9.305],[12.914,9.3],[12.909,9.292],[12.909,9.285],[12.913,9.282],[12.916,9.277],[12.915,9.272],[12.91,9.265],[12.91,9.259],[12.914,9.252],[12.91,9.236],[12.91,9.232],[12.906,9.225],[12.902,9.223],[12.898,9.218],[12.897,9.208],[12.899,9.205],[12.896,9.196],[12.889,9.189],[12.891,9.184],[12.886,9.18],[12.889,9.175],[12.889,9.167],[12.885,9.163],[12.884,9.159],[12.884,9.153],[12.883,9.15],[12.884,9.147],[12.891,9.141],[12.894,9.135],[12.891,9.127],[12.898,9.117],[12.898,9.115],[12.896,9.112],[12.89,9.11],[12.887,9.101],[12.889,9.096],[12.888,9.088],[12.884,9.085],[12.878,9.076],[12.873,9.066],[12.838,9.007],[12.835,8.991],[12.826,8.973],[12.828,8.955],[12.823,8.949],[12.821,8.936],[12.812,8.922],[12.804,8.916],[12.806,8.902],[12.81,8.903],[12.81,8.905],[12.813,8.905],[12.819,8.899],[12.816,8.892],[12.813,8.891],[12.807,8.886],[12.807,8.875],[12.816,8.867],[12.816,8.863],[12.805,8.862],[12.801,8.853],[12.809,8.836],[12.813,8.834],[12.818,8.835],[12.82,8.831],[12.815,8.824],[12.814,8.819],[12.811,8.818],[12.81,8.815],[12.812,8.8],[12.81,8.796],[12.798,8.788],[12.793,8.775],[12.792,8.757],[12.786,8.743],[12.783,8.742],[12.775,8.748],[12.765,8.747],[12.759,8.76],[12.742,8.759],[12.741,8.756],[12.738,8.756],[12.725,8.762],[12.72,8.761],[12.718,8.757],[12.715,8.754],[12.716,8.751],[12.714,8.745],[12.714,8.74],[12.709,8.738],[12.711,8.731],[12.706,8.716],[12.711,8.702],[12.705,8.692],[12.704,8.685],[12.698,8.676],[12.702,8.67],[12.701,8.668],[12.696,8.669],[12.693,8.662],[12.688,8.659],[12.687,8.653],[12.673,8.647],[12.661,8.653],[12.659,8.651],[12.652,8.65],[12.649,8.647],[12.643,8.645],[12.636,8.646],[12.632,8.636],[12.623,8.636],[12.615,8.639],[12.606,8.632],[12.608,8.627],[12.607,8.624],[12.598,8.623],[12.593,8.62],[12.586,8.62],[12.575,8.614],[12.56,8.626],[12.557,8.626],[12.553,8.622],[12.55,8.622],[12.544,8.624],[12.546,8.626],[12.538,8.631],[12.525,8.63],[12.516,8.634],[12.507,8.641],[12.492,8.641],[12.486,8.643],[12.483,8.643],[12.477,8.635],[12.469,8.629],[12.464,8.622],[12.455,8.623],[12.447,8.619],[12.439,8.62],[12.435,8.623],[12.432,8.621],[12.432,8.618],[12.437,8.609],[12.446,8.601],[12.446,8.594],[12.444,8.581],[12.446,8.564],[12.454,8.559],[12.459,8.548],[12.459,8.539],[12.466,8.524],[12.461,8.521],[12.448,8.518],[12.437,8.511],[12.421,8.495],[12.425,8.491],[12.424,8.489],[12.414,8.49],[12.408,8.489],[12.403,8.49],[12.395,8.486],[12.395,8.479],[12.397,8.475],[12.395,8.475],[12.382,8.482],[12.377,8.48],[12.363,8.467],[12.354,8.462],[12.35,8.457],[12.344,8.453],[12.337,8.446],[12.335,8.441],[12.339,8.432],[12.336,8.431],[12.313,8.426],[12.308,8.431],[12.306,8.44],[12.3,8.444],[12.272,8.447],[12.264,8.443],[12.26,8.437],[12.259,8.428],[12.26,8.419],[12.254,8.411],[12.247,8.386],[12.248,8.383],[12.253,8.379],[12.258,8.382],[12.26,8.38],[12.265,8.37],[12.259,8.362],[12.255,8.363],[12.252,8.361],[12.252,8.355],[12.239,8.339],[12.257,8.226],[12.255,8.217],[12.256,8.211],[12.257,8.177],[12.251,8.173]]]]}},{"type":"Feature","properties":{"NAME_1":"AkwaIbom"},"geometry":{"type":"MultiPolygon","coordinates":[[[[8.32,4.558],[8.318,4.559],[8.319,4.561],[8.322,4.562],[8.32,4.558]]],[[[8.261,4.59],[8.26,4.594],[8.264,4.599],[8.264,4.603],[8.264,4.604],[8.253,4.606],[8.242,4.605],[8.263,4.603],[8.264,4.6],[8.26,4.595],[8.26,4.59],[8.262,4.589],[8.265,4.589],[8.265,4.591],[8.271,4.592],[8.275,4.587],[8.276,4.582],[8.27,4.579],[8.269,4.574],[8.267,4.572],[8.258,4.57],[8.258,4.575],[8.256,4.577],[8.255,4.577],[8.258,4.574],[8.258,4.57],[8.256,4.568],[8.267,4.571],[8.27,4.574],[8.27,4.579],[8.277,4.58],[8.28,4.58],[8.285,4.575],[8.291,4.573],[8.295,4.573],[8.295,4.571],[8.29,4.564],[8.283,4.557],[8.281,4.558],[8.282,4.555],[8.282,4.545],[8.28,4.538],[8.282,4.539],[8.283,4.538],[8.278,4.535],[8.265,4.534],[8.225,4.541],[8.194,4.545],[8.166,4.546],[8.135,4.544],[8.101,4.546],[8.012,4.543],[8.002,4.54],[7.985,4.542],[7.981,4.538],[7.947,4.535],[7.933,4.536],[7.935,4.538],[7.926,4.536],[7.924,4.539],[7.926,4.535],[7.925,4.534],[7.85,4.525],[7.839,4.525],[7.837,4.523],[7.808,4.518],[7.782,4.518],[7.745,4.512],[7.738,4.513],[7.733,4.51],[7.729,4.512],[7.725,4.519],[7.732,4.523],[7.733,4.525],[7.73,4.524],[7.724,4.518],[7.705,4.518],[7.701,4.517],[7.695,4.511],[7.693,4.512],[7.686,4.519],[7.68,4.519],[7.685,4.528],[7.691,4.528],[7.705,4.538],[7.703,4.538],[7.691,4.529],[7.684,4.529],[7.679,4.52],[7.672,4.52],[7.666,4.513],[7.658,4.515],[7.655,4.513],[7.651,4.515],[7.65,4.522],[7.646,4.524],[7.645,4.528],[7.646,4.532],[7.652,4.53],[7.657,4.537],[7.665,4.542],[7.669,4.542],[7.671,4.547],[7.68,4.549],[7.685,4.553],[7.686,4.555],[7.686,4.556],[7.68,4.55],[7.675,4.55],[7.671,4.548],[7.669,4.544],[7.66,4.54],[7.654,4.535],[7.652,4.531],[7.645,4.532],[7.644,4.528],[7.645,4.524],[7.649,4.522],[7.648,4.514],[7.636,4.511],[7.633,4.514],[7.634,4.511],[7.636,4.51],[7.65,4.514],[7.655,4.51],[7.658,4.503],[7.651,4.502],[7.646,4.505],[7.65,4.501],[7.645,4.502],[7.641,4.501],[7.651,4.5],[7.659,4.501],[7.661,4.499],[7.66,4.498],[7.654,4.497],[7.662,4.498],[7.663,4.494],[7.659,4.49],[7.649,4.488],[7.641,4.482],[7.626,4.476],[7.624,4.476],[7.625,4.48],[7.622,4.481],[7.623,4.48],[7.619,4.474],[7.61,4.473],[7.601,4.48],[7.602,4.49],[7.598,4.497],[7.588,4.505],[7.575,4.511],[7.576,4.513],[7.584,4.513],[7.585,4.517],[7.59,4.52],[7.595,4.519],[7.598,4.514],[7.605,4.515],[7.605,4.516],[7.598,4.515],[7.595,4.52],[7.59,4.52],[7.585,4.519],[7.582,4.513],[7.576,4.514],[7.573,4.512],[7.569,4.514],[7.561,4.514],[7.553,4.52],[7.545,4.531],[7.547,4.542],[7.551,4.546],[7.575,4.542],[7.582,4.55],[7.586,4.547],[7.588,4.542],[7.591,4.54],[7.595,4.543],[7.603,4.554],[7.609,4.554],[7.61,4.55],[7.61,4.553],[7.615,4.557],[7.619,4.56],[7.625,4.56],[7.627,4.564],[7.624,4.561],[7.618,4.561],[7.611,4.556],[7.608,4.557],[7.609,4.564],[7.605,4.57],[7.606,4.573],[7.612,4.575],[7.61,4.576],[7.605,4.574],[7.603,4.571],[7.597,4.572],[7.593,4.569],[7.595,4.567],[7.596,4.57],[7.601,4.571],[7.609,4.564],[7.609,4.561],[7.607,4.558],[7.596,4.55],[7.591,4.543],[7.589,4.543],[7.588,4.548],[7.584,4.551],[7.579,4.55],[7.575,4.545],[7.57,4.544],[7.557,4.548],[7.55,4.548],[7.541,4.54],[7.533,4.546],[7.523,4.565],[7.524,4.575],[7.532,4.581],[7.526,4.595],[7.525,4.633],[7.523,4.654],[7.53,4.693],[7.537,4.706],[7.538,4.723],[7.531,4.743],[7.528,4.761],[7.513,4.793],[7.494,4.814],[7.499,4.821],[7.494,4.847],[7.465,4.902],[7.476,4.928],[7.476,4.947],[7.466,4.958],[7.463,4.968],[7.463,4.982],[7.47,4.992],[7.469,5.005],[7.487,5.02],[7.5,5.026],[7.51,5.036],[7.518,5.051],[7.522,5.067],[7.529,5.083],[7.522,5.102],[7.518,5.123],[7.518,5.162],[7.527,5.212],[7.537,5.248],[7.538,5.256],[7.534,5.267],[7.527,5.276],[7.521,5.288],[7.522,5.3],[7.529,5.311],[7.54,5.316],[7.563,5.317],[7.585,5.312],[7.624,5.31],[7.638,5.313],[7.65,5.328],[7.661,5.367],[7.653,5.369],[7.638,5.365],[7.625,5.364],[7.62,5.372],[7.622,5.388],[7.633,5.407],[7.636,5.424],[7.645,5.434],[7.649,5.454],[7.65,5.465],[7.647,5.488],[7.641,5.511],[7.645,5.526],[7.66,5.529],[7.684,5.528],[7.723,5.521],[7.739,5.513],[7.75,5.502],[7.759,5.49],[7.763,5.468],[7.768,5.455],[7.792,5.434],[7.812,5.421],[7.826,5.416],[7.844,5.412],[7.854,5.407],[7.875,5.391],[7.888,5.378],[7.897,5.365],[7.883,5.363],[7.878,5.353],[7.877,5.344],[7.865,5.324],[7.875,5.295],[7.889,5.29],[7.893,5.271],[7.902,5.258],[7.917,5.257],[7.934,5.264],[7.979,5.267],[8.009,5.254],[8.027,5.239],[8.047,5.233],[8.059,5.224],[8.064,5.21],[8.065,5.19],[8.059,5.173],[8.058,5.146],[8.055,5.134],[8.054,5.11],[8.055,5.091],[8.072,5.031],[8.082,5.008],[8.093,4.989],[8.122,4.952],[8.137,4.928],[8.17,4.894],[8.188,4.883],[8.249,4.813],[8.276,4.788],[8.287,4.783],[8.308,4.767],[8.314,4.76],[8.318,4.752],[8.318,4.747],[8.314,4.739],[8.316,4.726],[8.315,4.723],[8.312,4.722],[8.314,4.719],[8.311,4.716],[8.314,4.718],[8.316,4.717],[8.324,4.709],[8.325,4.694],[8.324,4.668],[8.32,4.662],[8.316,4.661],[8.313,4.672],[8.31,4.672],[8.309,4.662],[8.312,4.655],[8.326,4.646],[8.328,4.641],[8.317,4.627],[8.318,4.614],[8.309,4.614],[8.305,4.61],[8.308,4.595],[8.303,4.591],[8.3,4.586],[8.295,4.583],[8.295,4.58],[8.292,4.577],[8.289,4.576],[8.279,4.583],[8.276,4.59],[8.272,4.593],[8.267,4.593],[8.264,4.59],[8.261,4.59]]],[[[8.331,4.637],[8.339,4.626],[8.339,4.613],[8.344,4.611],[8.343,4.603],[8.331,4.591],[8.321,4.587],[8.314,4.587],[8.312,4.589],[8.312,4.595],[8.308,4.602],[8.307,4.61],[8.309,4.612],[8.32,4.613],[8.319,4.625],[8.326,4.637],[8.331,4.637]]],[[[7.612,4.471],[7.613,4.471],[7.613,4.472],[7.614,4.47],[7.611,4.47],[7.61,4.473],[7.612,4.471]]],[[[7.556,4.504],[7.556,4.504],[7.556,4.504],[7.556,4.504]]],[[[7.683,4.519],[7.689,4.516],[7.694,4.511],[7.696,4.511],[7.705,4.517],[7.715,4.516],[7.724,4.517],[7.73,4.51],[7.733,4.509],[7.738,4.512],[7.745,4.511],[7.763,4.513],[7.768,4.515],[7.769,4.514],[7.779,4.515],[7.78,4.515],[7.776,4.513],[7.739,4.509],[7.712,4.503],[7.703,4.502],[7.68,4.495],[7.67,4.496],[7.666,4.498],[7.662,4.505],[7.657,4.511],[7.657,4.513],[7.664,4.512],[7.669,4.514],[7.673,4.519],[7.683,4.519]]]]}},{"type":"Feature","properties":{"NAME_1":"Anambra"},"geometry":{"type":"MultiPolygon","coordinates":[[[[6.936,5.858],[6.936,5.846],[6.932,5.831],[6.893,5.756],[6.86,5.749],[6.85,5.752],[6.815,5.768],[6.801,5.777],[6.787,5.781],[6.777,5.783],[6.761,5.776],[6.751,5.77],[6.719,5.734],[6.702,5.708],[6.691,5.7],[6.679,5.696],[6.644,5.693],[6.63,5.698],[6.619,5.707],[6.612,5.718],[6.614,5.726],[6.62,5.728],[6.628,5.737],[6.632,5.751],[6.641,5.771],[6.659,5.801],[6.667,5.83],[6.665,5.843],[6.673,5.856],[6.681,5.875],[6.687,5.892],[6.689,5.907],[6.693,5.919],[6.701,5.931],[6.707,5.946],[6.717,5.961],[6.722,5.978],[6.734,5.993],[6.738,6.041],[6.738,6.074],[6.74,6.09],[6.743,6.101],[6.75,6.11],[6.758,6.135],[6.761,6.149],[6.757,6.17],[6.747,6.191],[6.741,6.21],[6.735,6.246],[6.731,6.26],[6.726,6.283],[6.724,6.305],[6.717,6.328],[6.718,6.35],[6.7,6.368],[6.695,6.387],[6.694,6.409],[6.692,6.423],[6.68,6.465],[6.679,6.477],[6.673,6.488],[6.664,6.527],[6.691,6.54],[6.712,6.535],[6.749,6.529],[6.763,6.536],[6.772,6.544],[6.779,6.552],[6.797,6.571],[6.802,6.584],[6.805,6.614],[6.803,6.628],[6.806,6.641],[6.811,6.654],[6.823,6.695],[6.837,6.709],[6.84,6.715],[6.859,6.732],[6.875,6.739],[6.884,6.746],[6.9,6.765],[6.906,6.776],[6.913,6.77],[6.914,6.731],[6.913,6.721],[6.914,6.711],[6.926,6.708],[6.939,6.711],[6.95,6.715],[6.976,6.713],[6.991,6.708],[7.016,6.691],[7.024,6.688],[7.038,6.688],[7.049,6.689],[7.08,6.677],[7.091,6.674],[7.109,6.662],[7.115,6.649],[7.109,6.634],[7.095,6.593],[7.083,6.576],[7.055,6.558],[7.037,6.537],[7.025,6.517],[7.027,6.516],[7.025,6.51],[7.029,6.502],[7.019,6.488],[7.019,6.478],[7.013,6.464],[7.012,6.45],[7.019,6.442],[7.029,6.438],[7.069,6.429],[7.081,6.423],[7.09,6.415],[7.104,6.394],[7.119,6.362],[7.125,6.335],[7.135,6.325],[7.147,6.305],[7.146,6.299],[7.142,6.29],[7.133,6.288],[7.128,6.285],[7.128,6.275],[7.135,6.263],[7.134,6.255],[7.128,6.248],[7.127,6.237],[7.132,6.228],[7.139,6.225],[7.153,6.23],[7.162,6.239],[7.169,6.243],[7.179,6.241],[7.183,6.221],[7.182,6.212],[7.186,6.206],[7.189,6.199],[7.2,6.197],[7.21,6.189],[7.205,6.17],[7.204,6.154],[7.222,6.114],[7.23,6.103],[7.235,6.093],[7.238,6.069],[7.25,6.053],[7.277,6.033],[7.288,6.03],[7.315,6.045],[7.333,6.044],[7.342,6.04],[7.351,6.032],[7.35,6.024],[7.364,6.021],[7.335,6.009],[7.309,5.995],[7.293,5.983],[7.282,5.972],[7.271,5.962],[7.25,5.926],[7.231,5.925],[7.186,5.908],[7.164,5.903],[7.1,5.922],[7.077,5.924],[7.054,5.923],[6.975,5.905],[6.957,5.897],[6.947,5.888],[6.936,5.858]]]]}},{"type":"Feature","properties":{"NAME_1":"Bauchi"},"geometry":{"type":"MultiPolygon","coordinates":[[[[9.753,9.601],[9.735,9.567],[9.689,9.554],[9.665,9.545],[9.624,9.544],[9.578,9.539],[9.502,9.535],[9.453,9.547],[9.437,9.549],[9.414,9.559],[9.336,9.563],[9.312,9.572],[9.287,9.593],[9.26,9.659],[9.255,9.668],[9.246,9.677],[9.233,9.688],[9.216,9.696],[9.17,9.711],[9.16,9.725],[9.16,9.741],[9.161,9.752],[9.178,9.789],[9.2,9.823],[9.203,9.842],[9.199,9.876],[9.198,9.899],[9.199,9.938],[9.195,9.961],[9.184,9.988],[9.17,10.006],[9.155,10.018],[9.137,10.022],[9.113,10.019],[9.041,10.003],[8.995,9.997],[8.96,9.986],[8.962,10.143],[8.959,10.168],[8.961,10.185],[8.958,10.227],[8.948,10.262],[8.924,10.303],[8.912,10.322],[8.906,10.328],[8.887,10.336],[8.861,10.342],[8.836,10.344],[8.81,10.344],[8.791,10.341],[8.785,10.336],[8.744,10.379],[8.729,10.389],[8.716,10.393],[8.699,10.407],[8.695,10.419],[8.699,10.429],[8.725,10.467],[8.733,10.486],[8.735,10.502],[8.744,10.535],[8.741,10.549],[8.746,10.55],[8.757,10.558],[8.769,10.58],[8.78,10.595],[8.799,10.623],[8.813,10.653],[8.821,10.685],[8.819,10.717],[8.807,10.743],[8.762,10.787],[8.745,10.813],[8.737,10.845],[8.733,10.892],[8.731,10.954],[8.738,11.01],[8.75,11.057],[8.764,11.083],[8.78,11.09],[8.824,11.088],[8.857,11.096],[8.873,11.113],[8.901,11.147],[8.922,11.185],[8.944,11.213],[8.961,11.225],[8.964,11.233],[8.981,11.244],[8.999,11.261],[9.021,11.279],[9.031,11.297],[9.072,11.322],[9.099,11.326],[9.117,11.309],[9.136,11.308],[9.17,11.32],[9.187,11.33],[9.222,11.342],[9.241,11.345],[9.338,11.328],[9.388,11.308],[9.441,11.292],[9.458,11.29],[9.512,11.313],[9.549,11.301],[9.569,11.268],[9.578,11.243],[9.628,11.239],[9.753,11.247],[9.776,11.252],[9.81,11.261],[9.829,11.257],[9.849,11.227],[9.872,11.178],[9.881,11.144],[9.879,11.097],[9.868,11.052],[9.867,11.019],[9.88,10.986],[9.902,10.965],[9.957,10.952],[9.994,10.946],[10.059,10.96],[10.085,10.968],[10.11,10.965],[10.14,10.943],[10.18,10.933],[10.21,10.943],[10.192,10.997],[10.193,11.026],[10.217,11.056],[10.258,11.078],[10.293,11.085],[10.323,11.094],[10.347,11.106],[10.376,11.129],[10.394,11.172],[10.377,11.195],[10.31,11.197],[10.234,11.204],[10.142,11.225],[10.089,11.232],[10.039,11.237],[9.99,11.266],[9.957,11.31],[9.932,11.348],[9.905,11.384],[9.888,11.424],[9.88,11.465],[9.837,11.453],[9.818,11.45],[9.799,11.468],[9.79,11.496],[9.799,11.518],[9.831,11.575],[9.828,11.614],[9.822,11.644],[9.813,11.679],[9.805,11.704],[9.799,11.715],[9.769,11.723],[9.725,11.718],[9.691,11.702],[9.649,11.701],[9.627,11.711],[9.625,11.733],[9.635,11.779],[9.657,11.816],[9.675,11.839],[9.687,11.851],[9.733,11.851],[9.786,11.859],[9.826,11.882],[9.875,11.907],[9.942,11.934],[10.006,11.951],[10.051,11.966],[10.132,12.001],[10.152,12.006],[10.171,12.021],[10.171,12.057],[10.162,12.087],[10.177,12.13],[10.2,12.211],[10.225,12.267],[10.241,12.313],[10.25,12.358],[10.259,12.392],[10.27,12.414],[10.289,12.424],[10.343,12.445],[10.373,12.453],[10.399,12.454],[10.415,12.441],[10.429,12.415],[10.431,12.393],[10.449,12.402],[10.466,12.413],[10.54,12.455],[10.564,12.475],[10.61,12.502],[10.629,12.484],[10.665,12.462],[10.704,12.433],[10.734,12.404],[10.753,12.358],[10.761,12.307],[10.765,12.245],[10.762,12.216],[10.791,12.178],[10.813,12.143],[10.817,12.088],[10.817,12.035],[10.822,11.992],[10.837,11.949],[10.836,11.918],[10.841,11.888],[10.861,11.831],[10.877,11.789],[10.896,11.76],[10.909,11.73],[10.932,11.669],[10.959,11.606],[10.975,11.555],[10.977,11.508],[10.972,11.477],[10.955,11.433],[10.953,11.402],[10.94,11.356],[10.939,11.325],[10.949,11.311],[10.965,11.301],[11.014,11.295],[11.005,11.289],[11.001,11.291],[10.995,11.279],[10.958,11.231],[10.86,11.179],[10.836,11.149],[10.818,11.12],[10.786,11.092],[10.762,11.08],[10.729,11.076],[10.699,11.066],[10.675,11.044],[10.653,11.011],[10.642,10.967],[10.637,10.933],[10.606,10.853],[10.595,10.814],[10.537,10.733],[10.534,10.711],[10.607,10.684],[10.653,10.663],[10.671,10.636],[10.679,10.598],[10.679,10.556],[10.685,10.522],[10.7,10.503],[10.729,10.493],[10.78,10.479],[10.816,10.461],[10.836,10.418],[10.85,10.382],[10.843,10.287],[10.842,10.244],[10.848,10.198],[10.835,10.17],[10.772,10.16],[10.74,10.146],[10.719,10.115],[10.724,10.089],[10.76,10.047],[10.793,10.019],[10.834,9.996],[10.874,9.963],[10.949,9.909],[10.981,9.883],[10.995,9.853],[11.001,9.822],[11.011,9.723],[11.053,9.638],[11.08,9.604],[11.078,9.589],[11.06,9.584],[11.042,9.584],[11.004,9.587],[10.928,9.603],[10.9,9.604],[10.871,9.591],[10.834,9.576],[10.729,9.527],[10.695,9.529],[10.657,9.539],[10.635,9.539],[10.569,9.505],[10.558,9.494],[10.458,9.552],[10.358,9.616],[10.313,9.638],[10.245,9.663],[10.179,9.692],[10.111,9.733],[10.071,9.75],[10.03,9.771],[9.988,9.78],[9.865,9.843],[9.845,9.833],[9.816,9.814],[9.812,9.791],[9.827,9.777],[9.846,9.754],[9.863,9.726],[9.867,9.698],[9.859,9.672],[9.834,9.667],[9.804,9.656],[9.782,9.651],[9.763,9.626],[9.753,9.601]]]]}},{"type":"Feature","properties":{"NAME_1":"Bayelsa"},"geometry":{"type":"MultiPolygon","coordinates":[[[[6.31,4.468],[6.309,4.469],[6.306,4.465],[6.303,4.468],[6.303,4.47],[6.306,4.471],[6.306,4.473],[6.304,4.474],[6.306,4.476],[6.303,4.475],[6.303,4.474],[6.305,4.472],[6.302,4.47],[6.302,4.467],[6.308,4.461],[6.307,4.46],[6.301,4.463],[6.3,4.468],[6.291,4.471],[6.299,4.472],[6.301,4.481],[6.3,4.483],[6.297,4.482],[6.301,4.481],[6.298,4.473],[6.292,4.474],[6.29,4.472],[6.286,4.483],[6.284,4.485],[6.282,4.486],[6.282,4.49],[6.285,4.492],[6.285,4.494],[6.282,4.51],[6.28,4.51],[6.282,4.509],[6.285,4.494],[6.282,4.49],[6.281,4.486],[6.286,4.482],[6.289,4.471],[6.292,4.468],[6.299,4.466],[6.297,4.456],[6.299,4.445],[6.298,4.435],[6.301,4.43],[6.306,4.427],[6.307,4.425],[6.302,4.416],[6.292,4.406],[6.275,4.395],[6.263,4.385],[6.261,4.388],[6.26,4.4],[6.262,4.417],[6.265,4.426],[6.265,4.435],[6.264,4.442],[6.256,4.456],[6.253,4.468],[6.255,4.477],[6.261,4.476],[6.265,4.478],[6.267,4.494],[6.261,4.495],[6.264,4.497],[6.263,4.505],[6.265,4.507],[6.265,4.51],[6.261,4.513],[6.264,4.509],[6.262,4.504],[6.263,4.497],[6.261,4.495],[6.261,4.494],[6.266,4.494],[6.264,4.481],[6.262,4.478],[6.256,4.479],[6.254,4.478],[6.252,4.474],[6.247,4.476],[6.247,4.48],[6.245,4.479],[6.241,4.483],[6.239,4.49],[6.239,4.5],[6.242,4.512],[6.251,4.53],[6.25,4.535],[6.26,4.541],[6.26,4.55],[6.265,4.556],[6.264,4.572],[6.266,4.572],[6.267,4.575],[6.271,4.575],[6.272,4.579],[6.274,4.579],[6.274,4.576],[6.28,4.571],[6.286,4.571],[6.287,4.574],[6.292,4.577],[6.281,4.594],[6.28,4.611],[6.282,4.612],[6.286,4.612],[6.287,4.614],[6.286,4.612],[6.282,4.613],[6.279,4.611],[6.279,4.603],[6.277,4.602],[6.279,4.602],[6.281,4.593],[6.285,4.587],[6.286,4.583],[6.29,4.581],[6.29,4.577],[6.285,4.575],[6.285,4.572],[6.281,4.572],[6.277,4.575],[6.274,4.58],[6.272,4.58],[6.27,4.575],[6.265,4.576],[6.265,4.573],[6.261,4.572],[6.26,4.574],[6.261,4.578],[6.26,4.588],[6.259,4.574],[6.262,4.568],[6.261,4.568],[6.259,4.569],[6.252,4.569],[6.247,4.575],[6.248,4.585],[6.247,4.588],[6.246,4.575],[6.251,4.568],[6.26,4.567],[6.261,4.561],[6.262,4.56],[6.263,4.556],[6.259,4.55],[6.258,4.543],[6.248,4.536],[6.248,4.527],[6.242,4.521],[6.238,4.511],[6.235,4.513],[6.231,4.514],[6.226,4.527],[6.225,4.528],[6.221,4.528],[6.226,4.527],[6.23,4.514],[6.235,4.513],[6.237,4.51],[6.233,4.497],[6.234,4.488],[6.238,4.475],[6.245,4.47],[6.247,4.466],[6.249,4.447],[6.246,4.441],[6.246,4.431],[6.255,4.418],[6.249,4.405],[6.245,4.4],[6.235,4.418],[6.229,4.426],[6.222,4.428],[6.212,4.427],[6.21,4.43],[6.212,4.433],[6.224,4.433],[6.226,4.435],[6.227,4.441],[6.225,4.45],[6.228,4.449],[6.228,4.45],[6.207,4.458],[6.211,4.463],[6.212,4.467],[6.211,4.472],[6.204,4.477],[6.208,4.484],[6.204,4.493],[6.208,4.503],[6.206,4.515],[6.21,4.521],[6.202,4.527],[6.199,4.534],[6.195,4.539],[6.199,4.546],[6.202,4.555],[6.198,4.56],[6.198,4.564],[6.204,4.567],[6.205,4.572],[6.208,4.573],[6.208,4.576],[6.205,4.579],[6.199,4.58],[6.199,4.592],[6.192,4.597],[6.192,4.6],[6.194,4.602],[6.199,4.604],[6.199,4.613],[6.198,4.613],[6.196,4.603],[6.193,4.603],[6.193,4.609],[6.196,4.611],[6.195,4.613],[6.194,4.615],[6.188,4.618],[6.187,4.617],[6.193,4.615],[6.195,4.612],[6.193,4.609],[6.192,4.603],[6.184,4.596],[6.185,4.593],[6.183,4.588],[6.184,4.583],[6.182,4.582],[6.181,4.579],[6.187,4.575],[6.189,4.57],[6.179,4.561],[6.177,4.548],[6.175,4.54],[6.175,4.535],[6.179,4.531],[6.173,4.519],[6.174,4.516],[6.177,4.513],[6.178,4.501],[6.186,4.496],[6.187,4.493],[6.186,4.485],[6.18,4.478],[6.18,4.475],[6.189,4.468],[6.189,4.458],[6.191,4.454],[6.188,4.444],[6.193,4.439],[6.197,4.428],[6.202,4.423],[6.214,4.423],[6.234,4.41],[6.237,4.404],[6.238,4.388],[6.226,4.374],[6.22,4.375],[6.213,4.373],[6.211,4.375],[6.21,4.377],[6.216,4.38],[6.217,4.382],[6.217,4.386],[6.214,4.388],[6.21,4.387],[6.208,4.379],[6.202,4.382],[6.203,4.385],[6.205,4.385],[6.205,4.386],[6.202,4.386],[6.201,4.385],[6.202,4.381],[6.207,4.378],[6.21,4.38],[6.211,4.386],[6.213,4.388],[6.215,4.387],[6.216,4.382],[6.209,4.377],[6.21,4.375],[6.213,4.372],[6.222,4.374],[6.227,4.372],[6.227,4.37],[6.215,4.34],[6.214,4.334],[6.214,4.324],[6.209,4.325],[6.203,4.324],[6.2,4.319],[6.197,4.308],[6.194,4.313],[6.195,4.323],[6.191,4.327],[6.186,4.337],[6.195,4.334],[6.199,4.335],[6.204,4.338],[6.206,4.343],[6.205,4.347],[6.201,4.349],[6.203,4.353],[6.202,4.356],[6.197,4.357],[6.197,4.359],[6.2,4.363],[6.199,4.368],[6.201,4.369],[6.201,4.371],[6.193,4.375],[6.19,4.376],[6.2,4.37],[6.198,4.368],[6.2,4.363],[6.196,4.359],[6.196,4.356],[6.202,4.356],[6.202,4.354],[6.199,4.351],[6.193,4.352],[6.19,4.35],[6.195,4.351],[6.199,4.35],[6.205,4.341],[6.197,4.336],[6.187,4.339],[6.185,4.336],[6.178,4.337],[6.178,4.335],[6.173,4.335],[6.17,4.334],[6.178,4.335],[6.181,4.336],[6.184,4.335],[6.186,4.329],[6.18,4.325],[6.17,4.32],[6.167,4.323],[6.159,4.322],[6.157,4.324],[6.159,4.329],[6.154,4.33],[6.152,4.332],[6.154,4.338],[6.153,4.342],[6.152,4.342],[6.153,4.34],[6.15,4.338],[6.147,4.339],[6.144,4.343],[6.143,4.341],[6.15,4.335],[6.148,4.33],[6.136,4.327],[6.134,4.33],[6.128,4.33],[6.121,4.335],[6.112,4.331],[6.1,4.341],[6.103,4.348],[6.097,4.357],[6.1,4.367],[6.108,4.367],[6.125,4.363],[6.138,4.366],[6.151,4.383],[6.152,4.392],[6.157,4.394],[6.156,4.396],[6.155,4.395],[6.152,4.394],[6.15,4.395],[6.138,4.415],[6.136,4.428],[6.138,4.434],[6.153,4.437],[6.16,4.444],[6.16,4.449],[6.15,4.457],[6.149,4.471],[6.145,4.489],[6.147,4.5],[6.146,4.509],[6.159,4.52],[6.159,4.525],[6.157,4.528],[6.157,4.533],[6.16,4.536],[6.157,4.534],[6.156,4.53],[6.159,4.525],[6.159,4.52],[6.145,4.51],[6.146,4.5],[6.144,4.496],[6.143,4.49],[6.145,4.48],[6.148,4.456],[6.158,4.445],[6.155,4.44],[6.15,4.437],[6.139,4.438],[6.138,4.442],[6.142,4.447],[6.143,4.452],[6.138,4.462],[6.128,4.473],[6.125,4.479],[6.126,4.487],[6.13,4.494],[6.131,4.5],[6.142,4.515],[6.143,4.527],[6.146,4.534],[6.146,4.542],[6.152,4.545],[6.152,4.548],[6.155,4.552],[6.152,4.555],[6.154,4.566],[6.15,4.572],[6.151,4.577],[6.149,4.584],[6.145,4.59],[6.152,4.593],[6.15,4.6],[6.155,4.601],[6.157,4.603],[6.153,4.613],[6.147,4.618],[6.15,4.628],[6.152,4.627],[6.151,4.629],[6.151,4.632],[6.149,4.632],[6.146,4.618],[6.152,4.61],[6.155,4.603],[6.15,4.602],[6.15,4.595],[6.149,4.593],[6.144,4.591],[6.144,4.588],[6.146,4.587],[6.149,4.579],[6.149,4.571],[6.153,4.566],[6.152,4.558],[6.15,4.556],[6.153,4.553],[6.153,4.551],[6.15,4.548],[6.15,4.545],[6.145,4.543],[6.144,4.533],[6.141,4.525],[6.14,4.517],[6.13,4.502],[6.122,4.483],[6.124,4.476],[6.13,4.468],[6.14,4.448],[6.129,4.437],[6.122,4.421],[6.114,4.416],[6.104,4.418],[6.101,4.425],[6.092,4.43],[6.09,4.436],[6.093,4.439],[6.105,4.443],[6.108,4.445],[6.11,4.453],[6.11,4.459],[6.112,4.463],[6.117,4.466],[6.119,4.471],[6.116,4.487],[6.112,4.49],[6.102,4.493],[6.098,4.497],[6.102,4.499],[6.113,4.498],[6.114,4.503],[6.112,4.507],[6.112,4.512],[6.117,4.52],[6.121,4.523],[6.12,4.532],[6.121,4.541],[6.12,4.556],[6.115,4.56],[6.118,4.56],[6.119,4.558],[6.123,4.56],[6.124,4.563],[6.124,4.57],[6.125,4.572],[6.124,4.576],[6.123,4.56],[6.12,4.559],[6.118,4.561],[6.115,4.56],[6.115,4.559],[6.119,4.555],[6.12,4.543],[6.118,4.533],[6.12,4.525],[6.113,4.518],[6.109,4.512],[6.112,4.5],[6.109,4.498],[6.106,4.5],[6.099,4.5],[6.096,4.497],[6.09,4.5],[6.09,4.504],[6.093,4.509],[6.093,4.52],[6.096,4.525],[6.1,4.527],[6.096,4.526],[6.097,4.53],[6.092,4.52],[6.092,4.51],[6.089,4.503],[6.09,4.499],[6.095,4.497],[6.1,4.491],[6.112,4.487],[6.114,4.482],[6.115,4.47],[6.106,4.461],[6.106,4.452],[6.105,4.45],[6.103,4.449],[6.104,4.449],[6.103,4.446],[6.091,4.443],[6.086,4.437],[6.086,4.433],[6.097,4.418],[6.098,4.413],[6.095,4.411],[6.086,4.409],[6.081,4.405],[6.073,4.406],[6.076,4.405],[6.077,4.402],[6.071,4.392],[6.068,4.392],[6.061,4.402],[6.053,4.407],[6.051,4.412],[6.053,4.415],[6.05,4.419],[6.056,4.431],[6.059,4.444],[6.058,4.455],[6.061,4.462],[6.059,4.464],[6.05,4.465],[6.04,4.468],[6.035,4.475],[6.031,4.487],[6.034,4.494],[6.042,4.503],[6.045,4.517],[6.052,4.522],[6.061,4.535],[6.066,4.538],[6.078,4.561],[6.078,4.568],[6.082,4.57],[6.085,4.569],[6.085,4.57],[6.08,4.57],[6.078,4.569],[6.077,4.561],[6.075,4.568],[6.072,4.569],[6.074,4.56],[6.073,4.556],[6.062,4.538],[6.044,4.519],[6.039,4.501],[6.032,4.494],[6.029,4.487],[6.036,4.468],[6.049,4.462],[6.056,4.449],[6.056,4.444],[6.053,4.436],[6.054,4.43],[6.046,4.419],[6.045,4.406],[6.042,4.407],[6.038,4.413],[6.037,4.412],[6.035,4.408],[6.026,4.409],[6.024,4.412],[6.029,4.417],[6.025,4.414],[6.024,4.412],[6.024,4.411],[6.026,4.407],[6.035,4.407],[6.04,4.395],[6.04,4.391],[6.037,4.386],[6.037,4.382],[6.04,4.38],[6.046,4.379],[6.049,4.376],[6.048,4.372],[6.043,4.364],[6.043,4.355],[6.054,4.34],[6.07,4.324],[6.067,4.309],[6.065,4.304],[6.067,4.294],[6.066,4.287],[6.059,4.288],[6.045,4.295],[6.022,4.299],[6.006,4.304],[5.987,4.309],[5.983,4.309],[5.978,4.311],[5.976,4.317],[5.979,4.322],[5.982,4.337],[5.978,4.341],[5.983,4.344],[5.987,4.355],[5.988,4.359],[5.99,4.36],[5.993,4.358],[5.99,4.361],[5.988,4.361],[5.986,4.364],[5.983,4.375],[5.981,4.372],[5.977,4.372],[5.975,4.375],[5.977,4.381],[5.982,4.38],[5.979,4.384],[5.979,4.391],[5.983,4.398],[5.986,4.4],[5.988,4.404],[5.986,4.4],[5.98,4.396],[5.978,4.391],[5.978,4.387],[5.975,4.389],[5.969,4.388],[5.971,4.377],[5.963,4.376],[5.96,4.378],[5.956,4.383],[5.954,4.395],[5.955,4.403],[5.954,4.409],[5.956,4.415],[5.955,4.426],[5.958,4.436],[5.956,4.447],[5.952,4.454],[5.945,4.455],[5.931,4.466],[5.921,4.47],[5.919,4.473],[5.921,4.469],[5.93,4.465],[5.944,4.456],[5.952,4.449],[5.956,4.444],[5.956,4.434],[5.951,4.423],[5.951,4.418],[5.948,4.418],[5.951,4.414],[5.952,4.404],[5.95,4.398],[5.945,4.396],[5.948,4.395],[5.949,4.39],[5.952,4.384],[5.957,4.376],[5.962,4.373],[5.97,4.368],[5.967,4.346],[5.968,4.339],[5.966,4.335],[5.961,4.336],[5.932,4.352],[5.885,4.374],[5.86,4.39],[5.847,4.401],[5.846,4.41],[5.856,4.412],[5.859,4.419],[5.868,4.414],[5.867,4.412],[5.86,4.41],[5.859,4.408],[5.865,4.408],[5.871,4.401],[5.875,4.402],[5.883,4.407],[5.882,4.415],[5.89,4.409],[5.892,4.409],[5.881,4.416],[5.882,4.408],[5.871,4.402],[5.865,4.409],[5.861,4.409],[5.868,4.412],[5.867,4.416],[5.863,4.419],[5.859,4.42],[5.856,4.419],[5.854,4.414],[5.85,4.414],[5.845,4.426],[5.857,4.432],[5.864,4.432],[5.872,4.436],[5.886,4.446],[5.891,4.447],[5.898,4.455],[5.902,4.455],[5.905,4.451],[5.908,4.45],[5.905,4.452],[5.904,4.454],[5.91,4.457],[5.91,4.46],[5.906,4.465],[5.904,4.466],[5.898,4.468],[5.893,4.465],[5.892,4.466],[5.895,4.476],[5.893,4.48],[5.897,4.489],[5.895,4.49],[5.889,4.49],[5.896,4.497],[5.899,4.497],[5.902,4.498],[5.896,4.498],[5.889,4.491],[5.889,4.489],[5.895,4.49],[5.896,4.488],[5.893,4.481],[5.895,4.476],[5.893,4.473],[5.892,4.465],[5.894,4.464],[5.896,4.466],[5.903,4.466],[5.907,4.462],[5.909,4.457],[5.905,4.456],[5.898,4.458],[5.894,4.455],[5.891,4.45],[5.886,4.45],[5.877,4.462],[5.867,4.467],[5.869,4.469],[5.881,4.468],[5.884,4.47],[5.883,4.477],[5.867,4.48],[5.865,4.482],[5.866,4.488],[5.867,4.489],[5.871,4.488],[5.876,4.483],[5.878,4.484],[5.88,4.493],[5.887,4.497],[5.887,4.5],[5.882,4.5],[5.886,4.499],[5.887,4.497],[5.88,4.493],[5.878,4.484],[5.872,4.489],[5.869,4.489],[5.865,4.488],[5.864,4.484],[5.867,4.479],[5.883,4.473],[5.881,4.469],[5.867,4.471],[5.866,4.47],[5.866,4.467],[5.876,4.458],[5.884,4.448],[5.87,4.444],[5.86,4.438],[5.856,4.44],[5.856,4.447],[5.851,4.448],[5.855,4.446],[5.855,4.442],[5.857,4.437],[5.844,4.437],[5.831,4.429],[5.832,4.427],[5.839,4.426],[5.842,4.415],[5.839,4.413],[5.833,4.413],[5.817,4.43],[5.791,4.449],[5.791,4.454],[5.793,4.454],[5.793,4.452],[5.795,4.452],[5.804,4.461],[5.819,4.465],[5.828,4.475],[5.836,4.49],[5.837,4.495],[5.835,4.496],[5.835,4.5],[5.838,4.505],[5.838,4.509],[5.844,4.519],[5.848,4.521],[5.857,4.519],[5.862,4.52],[5.872,4.53],[5.863,4.521],[5.856,4.52],[5.848,4.522],[5.843,4.52],[5.836,4.508],[5.831,4.497],[5.831,4.491],[5.824,4.476],[5.821,4.473],[5.815,4.471],[5.812,4.468],[5.796,4.458],[5.792,4.458],[5.789,4.461],[5.789,4.463],[5.801,4.469],[5.802,4.474],[5.796,4.479],[5.797,4.482],[5.792,4.481],[5.79,4.482],[5.788,4.488],[5.79,4.489],[5.794,4.486],[5.799,4.487],[5.8,4.49],[5.796,4.494],[5.795,4.499],[5.797,4.5],[5.8,4.496],[5.802,4.494],[5.804,4.494],[5.806,4.496],[5.804,4.507],[5.807,4.508],[5.811,4.506],[5.814,4.506],[5.816,4.507],[5.814,4.51],[5.81,4.51],[5.81,4.513],[5.814,4.517],[5.817,4.522],[5.818,4.526],[5.825,4.53],[5.827,4.539],[5.825,4.536],[5.825,4.53],[5.818,4.527],[5.816,4.522],[5.809,4.513],[5.809,4.51],[5.814,4.51],[5.815,4.508],[5.813,4.506],[5.807,4.508],[5.803,4.508],[5.805,4.496],[5.801,4.495],[5.798,4.5],[5.795,4.5],[5.794,4.496],[5.795,4.494],[5.799,4.49],[5.798,4.487],[5.794,4.487],[5.791,4.489],[5.788,4.489],[5.79,4.482],[5.8,4.474],[5.801,4.471],[5.798,4.468],[5.787,4.468],[5.781,4.465],[5.774,4.472],[5.771,4.473],[5.765,4.473],[5.759,4.479],[5.755,4.48],[5.752,4.48],[5.756,4.479],[5.761,4.473],[5.777,4.462],[5.78,4.464],[5.783,4.462],[5.785,4.461],[5.786,4.457],[5.776,4.46],[5.77,4.465],[5.745,4.483],[5.742,4.488],[5.742,4.49],[5.745,4.489],[5.743,4.494],[5.726,4.506],[5.726,4.508],[5.741,4.511],[5.751,4.516],[5.753,4.515],[5.762,4.526],[5.776,4.529],[5.787,4.528],[5.795,4.529],[5.81,4.541],[5.819,4.554],[5.814,4.571],[5.816,4.585],[5.825,4.593],[5.832,4.595],[5.824,4.594],[5.819,4.59],[5.828,4.602],[5.831,4.604],[5.832,4.606],[5.829,4.609],[5.832,4.611],[5.829,4.609],[5.83,4.605],[5.825,4.601],[5.823,4.596],[5.815,4.59],[5.815,4.585],[5.811,4.57],[5.816,4.552],[5.814,4.55],[5.808,4.548],[5.801,4.537],[5.796,4.534],[5.787,4.532],[5.779,4.534],[5.776,4.537],[5.772,4.543],[5.778,4.546],[5.785,4.546],[5.785,4.551],[5.785,4.554],[5.785,4.551],[5.784,4.547],[5.777,4.547],[5.771,4.543],[5.775,4.538],[5.776,4.533],[5.762,4.53],[5.75,4.52],[5.736,4.518],[5.737,4.515],[5.733,4.513],[5.726,4.513],[5.699,4.531],[5.689,4.532],[5.688,4.534],[5.686,4.534],[5.694,4.543],[5.7,4.544],[5.702,4.544],[5.704,4.537],[5.708,4.537],[5.711,4.539],[5.704,4.538],[5.704,4.546],[5.707,4.548],[5.707,4.554],[5.704,4.561],[5.702,4.57],[5.712,4.58],[5.714,4.585],[5.715,4.583],[5.718,4.582],[5.722,4.583],[5.723,4.587],[5.729,4.585],[5.729,4.59],[5.733,4.59],[5.732,4.587],[5.734,4.583],[5.741,4.577],[5.743,4.577],[5.745,4.579],[5.744,4.582],[5.747,4.59],[5.748,4.59],[5.75,4.583],[5.753,4.584],[5.754,4.589],[5.756,4.589],[5.759,4.586],[5.761,4.585],[5.756,4.589],[5.753,4.59],[5.753,4.585],[5.75,4.584],[5.75,4.59],[5.748,4.591],[5.746,4.59],[5.744,4.585],[5.744,4.578],[5.742,4.578],[5.734,4.583],[5.733,4.587],[5.734,4.59],[5.732,4.591],[5.729,4.591],[5.728,4.586],[5.722,4.588],[5.721,4.584],[5.718,4.583],[5.716,4.586],[5.714,4.586],[5.705,4.574],[5.701,4.573],[5.686,4.583],[5.686,4.586],[5.687,4.587],[5.701,4.586],[5.707,4.59],[5.708,4.599],[5.702,4.607],[5.708,4.616],[5.714,4.619],[5.72,4.619],[5.725,4.628],[5.733,4.632],[5.729,4.625],[5.739,4.614],[5.744,4.613],[5.75,4.617],[5.752,4.617],[5.756,4.612],[5.758,4.612],[5.761,4.613],[5.765,4.621],[5.773,4.615],[5.776,4.616],[5.775,4.628],[5.782,4.629],[5.776,4.63],[5.774,4.628],[5.775,4.616],[5.764,4.622],[5.758,4.612],[5.756,4.613],[5.754,4.617],[5.75,4.618],[5.747,4.618],[5.743,4.614],[5.741,4.614],[5.736,4.621],[5.732,4.625],[5.735,4.629],[5.734,4.634],[5.725,4.631],[5.721,4.623],[5.72,4.624],[5.722,4.629],[5.72,4.64],[5.718,4.643],[5.71,4.645],[5.711,4.651],[5.716,4.655],[5.738,4.655],[5.742,4.659],[5.745,4.666],[5.751,4.667],[5.756,4.669],[5.756,4.679],[5.765,4.681],[5.771,4.685],[5.774,4.682],[5.771,4.68],[5.78,4.68],[5.781,4.678],[5.787,4.676],[5.784,4.678],[5.784,4.681],[5.79,4.683],[5.797,4.678],[5.798,4.674],[5.799,4.676],[5.795,4.681],[5.8,4.682],[5.795,4.685],[5.794,4.689],[5.784,4.688],[5.782,4.689],[5.775,4.69],[5.774,4.694],[5.769,4.685],[5.759,4.682],[5.754,4.679],[5.754,4.675],[5.756,4.674],[5.755,4.67],[5.744,4.667],[5.739,4.659],[5.733,4.656],[5.72,4.659],[5.714,4.657],[5.709,4.652],[5.707,4.649],[5.708,4.645],[5.718,4.64],[5.72,4.627],[5.705,4.617],[5.7,4.609],[5.701,4.602],[5.705,4.595],[5.703,4.59],[5.698,4.588],[5.687,4.593],[5.687,4.598],[5.686,4.599],[5.684,4.599],[5.682,4.596],[5.685,4.598],[5.686,4.598],[5.686,4.593],[5.69,4.591],[5.684,4.588],[5.684,4.584],[5.687,4.578],[5.698,4.571],[5.698,4.563],[5.702,4.554],[5.702,4.552],[5.699,4.55],[5.686,4.546],[5.667,4.556],[5.658,4.573],[5.63,4.607],[5.575,4.687],[5.546,4.724],[5.542,4.734],[5.542,4.741],[5.545,4.743],[5.549,4.738],[5.552,4.727],[5.558,4.72],[5.564,4.719],[5.566,4.713],[5.566,4.705],[5.567,4.701],[5.582,4.689],[5.591,4.688],[5.608,4.691],[5.624,4.691],[5.634,4.689],[5.65,4.677],[5.66,4.671],[5.668,4.673],[5.68,4.683],[5.682,4.681],[5.684,4.676],[5.684,4.68],[5.681,4.684],[5.682,4.686],[5.708,4.715],[5.716,4.721],[5.728,4.726],[5.737,4.734],[5.739,4.738],[5.756,4.76],[5.756,4.77],[5.762,4.771],[5.771,4.767],[5.775,4.772],[5.782,4.771],[5.791,4.778],[5.803,4.775],[5.808,4.779],[5.806,4.779],[5.803,4.776],[5.79,4.779],[5.781,4.771],[5.779,4.773],[5.774,4.773],[5.771,4.768],[5.766,4.77],[5.767,4.776],[5.764,4.782],[5.776,4.785],[5.777,4.789],[5.773,4.792],[5.773,4.794],[5.776,4.796],[5.779,4.801],[5.788,4.802],[5.791,4.804],[5.793,4.808],[5.803,4.813],[5.799,4.814],[5.798,4.811],[5.793,4.809],[5.788,4.802],[5.78,4.803],[5.78,4.805],[5.784,4.806],[5.784,4.81],[5.782,4.812],[5.781,4.818],[5.782,4.83],[5.78,4.832],[5.775,4.832],[5.77,4.837],[5.771,4.838],[5.768,4.839],[5.772,4.833],[5.781,4.83],[5.779,4.824],[5.779,4.819],[5.783,4.807],[5.779,4.807],[5.773,4.812],[5.769,4.813],[5.766,4.809],[5.764,4.799],[5.761,4.797],[5.755,4.795],[5.726,4.799],[5.722,4.801],[5.72,4.806],[5.716,4.808],[5.708,4.807],[5.7,4.811],[5.696,4.811],[5.694,4.807],[5.693,4.786],[5.69,4.778],[5.687,4.776],[5.676,4.782],[5.663,4.782],[5.661,4.785],[5.669,4.79],[5.67,4.797],[5.639,4.81],[5.632,4.811],[5.627,4.81],[5.616,4.8],[5.61,4.802],[5.61,4.806],[5.612,4.811],[5.611,4.819],[5.615,4.827],[5.625,4.837],[5.641,4.838],[5.646,4.842],[5.645,4.848],[5.639,4.853],[5.638,4.855],[5.645,4.864],[5.658,4.871],[5.661,4.877],[5.666,4.88],[5.675,4.88],[5.69,4.87],[5.689,4.873],[5.691,4.876],[5.688,4.873],[5.679,4.878],[5.678,4.885],[5.676,4.888],[5.679,4.895],[5.675,4.89],[5.676,4.882],[5.668,4.883],[5.66,4.879],[5.658,4.885],[5.654,4.887],[5.657,4.891],[5.648,4.899],[5.65,4.901],[5.657,4.903],[5.661,4.905],[5.666,4.905],[5.667,4.908],[5.662,4.913],[5.663,4.914],[5.673,4.915],[5.673,4.917],[5.662,4.915],[5.662,4.912],[5.666,4.909],[5.666,4.906],[5.661,4.906],[5.648,4.9],[5.649,4.898],[5.654,4.893],[5.654,4.886],[5.658,4.884],[5.659,4.877],[5.644,4.866],[5.636,4.858],[5.636,4.853],[5.644,4.844],[5.642,4.841],[5.633,4.841],[5.629,4.843],[5.625,4.848],[5.625,4.855],[5.621,4.859],[5.619,4.864],[5.618,4.864],[5.62,4.859],[5.624,4.855],[5.624,4.847],[5.627,4.841],[5.619,4.84],[5.618,4.837],[5.603,4.827],[5.592,4.821],[5.582,4.812],[5.576,4.811],[5.567,4.825],[5.559,4.83],[5.559,4.835],[5.552,4.832],[5.55,4.835],[5.55,4.832],[5.546,4.832],[5.549,4.85],[5.551,4.851],[5.556,4.85],[5.556,4.855],[5.56,4.862],[5.56,4.867],[5.561,4.867],[5.56,4.871],[5.559,4.872],[5.56,4.87],[5.559,4.867],[5.55,4.88],[5.553,4.888],[5.558,4.892],[5.559,4.897],[5.555,4.902],[5.549,4.904],[5.555,4.901],[5.558,4.897],[5.558,4.892],[5.55,4.886],[5.55,4.882],[5.551,4.877],[5.558,4.868],[5.557,4.858],[5.555,4.854],[5.549,4.851],[5.546,4.838],[5.54,4.828],[5.529,4.822],[5.515,4.827],[5.507,4.839],[5.501,4.846],[5.495,4.858],[5.495,4.862],[5.492,4.863],[5.486,4.871],[5.482,4.883],[5.466,4.906],[5.462,4.917],[5.459,4.918],[5.457,4.924],[5.451,4.93],[5.444,4.941],[5.44,4.942],[5.44,4.945],[5.442,4.945],[5.446,4.953],[5.448,4.952],[5.447,4.948],[5.449,4.947],[5.45,4.95],[5.45,4.955],[5.445,4.955],[5.445,4.971],[5.442,4.973],[5.433,5.005],[5.415,5.049],[5.379,5.115],[5.377,5.126],[5.389,5.131],[5.396,5.131],[5.398,5.135],[5.402,5.137],[5.403,5.137],[5.402,5.132],[5.41,5.129],[5.411,5.131],[5.414,5.131],[5.417,5.134],[5.429,5.138],[5.433,5.137],[5.433,5.131],[5.436,5.131],[5.439,5.129],[5.441,5.132],[5.441,5.131],[5.44,5.128],[5.441,5.127],[5.449,5.134],[5.45,5.14],[5.453,5.14],[5.461,5.134],[5.476,5.115],[5.487,5.106],[5.526,5.086],[5.533,5.08],[5.551,5.076],[5.562,5.07],[5.571,5.071],[5.583,5.068],[5.592,5.059],[5.612,5.046],[5.626,5.042],[5.632,5.033],[5.642,5.024],[5.662,5.023],[5.68,5.031],[5.686,5.03],[5.695,5.025],[5.716,5.035],[5.733,5.048],[5.746,5.051],[5.755,5.061],[5.764,5.068],[5.772,5.072],[5.784,5.073],[5.796,5.076],[5.816,5.091],[5.824,5.093],[5.839,5.091],[5.844,5.086],[5.852,5.084],[5.858,5.085],[5.865,5.087],[5.888,5.103],[5.896,5.104],[5.911,5.111],[5.92,5.124],[5.923,5.136],[5.934,5.154],[5.935,5.161],[5.939,5.166],[5.947,5.169],[5.956,5.162],[5.963,5.16],[5.975,5.148],[5.981,5.148],[5.984,5.138],[5.995,5.13],[5.997,5.121],[6.004,5.117],[6.02,5.116],[6.028,5.111],[6.039,5.111],[6.056,5.115],[6.071,5.126],[6.082,5.151],[6.085,5.153],[6.102,5.155],[6.115,5.153],[6.126,5.149],[6.134,5.149],[6.16,5.158],[6.169,5.163],[6.175,5.169],[6.179,5.171],[6.19,5.173],[6.206,5.183],[6.206,5.199],[6.202,5.208],[6.202,5.221],[6.207,5.236],[6.223,5.237],[6.231,5.235],[6.237,5.226],[6.244,5.225],[6.27,5.23],[6.278,5.233],[6.285,5.241],[6.289,5.255],[6.31,5.3],[6.319,5.301],[6.331,5.3],[6.346,5.306],[6.355,5.308],[6.374,5.302],[6.394,5.303],[6.401,5.301],[6.411,5.301],[6.42,5.305],[6.444,5.312],[6.47,5.323],[6.493,5.336],[6.513,5.35],[6.51,5.366],[6.5,5.39],[6.517,5.385],[6.531,5.391],[6.564,5.393],[6.595,5.38],[6.607,5.37],[6.611,5.354],[6.618,5.346],[6.62,5.329],[6.618,5.314],[6.613,5.302],[6.603,5.29],[6.577,5.273],[6.575,5.262],[6.576,5.255],[6.581,5.249],[6.581,5.243],[6.577,5.24],[6.565,5.236],[6.556,5.231],[6.555,5.216],[6.55,5.201],[6.544,5.19],[6.535,5.182],[6.502,5.186],[6.49,5.185],[6.488,5.178],[6.471,5.155],[6.418,5.058],[6.407,5.031],[6.396,4.998],[6.396,4.986],[6.401,4.978],[6.41,4.973],[6.422,4.978],[6.431,4.976],[6.43,4.955],[6.42,4.937],[6.418,4.922],[6.41,4.91],[6.39,4.888],[6.387,4.879],[6.384,4.821],[6.386,4.809],[6.394,4.795],[6.426,4.779],[6.441,4.779],[6.447,4.772],[6.441,4.748],[6.444,4.737],[6.446,4.717],[6.463,4.713],[6.569,4.754],[6.587,4.755],[6.601,4.753],[6.615,4.741],[6.623,4.723],[6.627,4.713],[6.629,4.696],[6.633,4.68],[6.643,4.652],[6.653,4.641],[6.682,4.621],[6.697,4.613],[6.712,4.607],[6.712,4.606],[6.715,4.608],[6.716,4.611],[6.718,4.611],[6.721,4.598],[6.717,4.572],[6.713,4.565],[6.709,4.564],[6.713,4.562],[6.713,4.559],[6.704,4.551],[6.701,4.543],[6.697,4.538],[6.689,4.514],[6.692,4.493],[6.691,4.482],[6.691,4.472],[6.696,4.462],[6.7,4.431],[6.7,4.424],[6.694,4.422],[6.683,4.446],[6.676,4.468],[6.676,4.481],[6.675,4.488],[6.668,4.499],[6.66,4.506],[6.66,4.511],[6.665,4.515],[6.672,4.523],[6.678,4.528],[6.68,4.533],[6.678,4.538],[6.68,4.54],[6.678,4.539],[6.673,4.543],[6.663,4.547],[6.656,4.556],[6.651,4.566],[6.649,4.583],[6.646,4.59],[6.642,4.594],[6.643,4.603],[6.64,4.608],[6.64,4.61],[6.642,4.612],[6.647,4.608],[6.652,4.608],[6.653,4.61],[6.653,4.616],[6.651,4.624],[6.649,4.627],[6.65,4.628],[6.646,4.628],[6.648,4.627],[6.651,4.614],[6.65,4.609],[6.649,4.608],[6.644,4.613],[6.641,4.612],[6.639,4.61],[6.641,4.603],[6.64,4.598],[6.632,4.599],[6.628,4.597],[6.619,4.605],[6.616,4.609],[6.617,4.616],[6.624,4.627],[6.624,4.632],[6.622,4.636],[6.609,4.636],[6.604,4.641],[6.603,4.645],[6.612,4.671],[6.612,4.675],[6.611,4.677],[6.609,4.679],[6.605,4.68],[6.61,4.677],[6.611,4.673],[6.606,4.659],[6.602,4.656],[6.595,4.658],[6.592,4.663],[6.584,4.672],[6.578,4.673],[6.574,4.675],[6.572,4.682],[6.568,4.684],[6.567,4.688],[6.563,4.686],[6.564,4.683],[6.571,4.682],[6.572,4.675],[6.578,4.67],[6.588,4.665],[6.595,4.656],[6.603,4.654],[6.6,4.647],[6.595,4.642],[6.589,4.643],[6.585,4.642],[6.586,4.632],[6.593,4.627],[6.587,4.619],[6.59,4.607],[6.589,4.596],[6.59,4.594],[6.595,4.594],[6.596,4.593],[6.591,4.587],[6.59,4.583],[6.598,4.573],[6.599,4.568],[6.595,4.563],[6.592,4.557],[6.578,4.56],[6.577,4.565],[6.58,4.57],[6.57,4.578],[6.573,4.585],[6.572,4.587],[6.57,4.577],[6.58,4.57],[6.577,4.565],[6.577,4.56],[6.577,4.559],[6.583,4.557],[6.59,4.556],[6.594,4.558],[6.595,4.563],[6.598,4.564],[6.597,4.556],[6.594,4.546],[6.595,4.542],[6.601,4.541],[6.606,4.543],[6.612,4.542],[6.616,4.536],[6.621,4.532],[6.634,4.509],[6.645,4.503],[6.654,4.501],[6.662,4.49],[6.665,4.483],[6.666,4.472],[6.671,4.454],[6.666,4.436],[6.658,4.436],[6.647,4.432],[6.645,4.434],[6.645,4.44],[6.643,4.441],[6.638,4.44],[6.637,4.437],[6.64,4.44],[6.644,4.44],[6.646,4.432],[6.655,4.432],[6.656,4.428],[6.654,4.425],[6.657,4.428],[6.658,4.434],[6.666,4.433],[6.667,4.43],[6.667,4.424],[6.669,4.417],[6.674,4.413],[6.682,4.41],[6.688,4.405],[6.689,4.4],[6.691,4.399],[6.694,4.386],[6.684,4.381],[6.695,4.38],[6.698,4.364],[6.702,4.359],[6.704,4.348],[6.703,4.34],[6.694,4.339],[6.67,4.338],[6.646,4.334],[6.642,4.328],[6.638,4.326],[6.636,4.32],[6.631,4.319],[6.611,4.338],[6.598,4.347],[6.602,4.351],[6.601,4.357],[6.604,4.357],[6.604,4.355],[6.605,4.354],[6.611,4.355],[6.609,4.352],[6.609,4.349],[6.61,4.348],[6.618,4.348],[6.62,4.346],[6.622,4.346],[6.623,4.349],[6.628,4.349],[6.629,4.346],[6.627,4.343],[6.636,4.342],[6.641,4.346],[6.645,4.345],[6.648,4.345],[6.648,4.348],[6.651,4.351],[6.655,4.351],[6.657,4.354],[6.662,4.356],[6.665,4.359],[6.663,4.36],[6.665,4.365],[6.662,4.365],[6.661,4.359],[6.654,4.357],[6.652,4.354],[6.649,4.354],[6.645,4.346],[6.639,4.347],[6.636,4.344],[6.629,4.35],[6.622,4.35],[6.621,4.347],[6.618,4.349],[6.61,4.349],[6.611,4.356],[6.613,4.357],[6.605,4.354],[6.605,4.357],[6.601,4.358],[6.6,4.35],[6.594,4.354],[6.603,4.386],[6.6,4.401],[6.605,4.441],[6.604,4.463],[6.597,4.478],[6.58,4.497],[6.564,4.506],[6.55,4.51],[6.545,4.512],[6.544,4.514],[6.545,4.529],[6.56,4.538],[6.565,4.548],[6.564,4.552],[6.556,4.554],[6.548,4.559],[6.538,4.57],[6.539,4.573],[6.545,4.578],[6.547,4.582],[6.546,4.586],[6.542,4.587],[6.537,4.595],[6.539,4.602],[6.535,4.614],[6.54,4.619],[6.546,4.619],[6.551,4.625],[6.551,4.628],[6.547,4.634],[6.554,4.635],[6.555,4.638],[6.554,4.64],[6.548,4.644],[6.549,4.645],[6.554,4.645],[6.555,4.646],[6.555,4.649],[6.553,4.657],[6.553,4.653],[6.555,4.649],[6.555,4.646],[6.549,4.646],[6.548,4.643],[6.555,4.638],[6.553,4.636],[6.548,4.636],[6.546,4.634],[6.547,4.632],[6.55,4.628],[6.55,4.625],[6.545,4.62],[6.539,4.619],[6.536,4.617],[6.534,4.61],[6.537,4.605],[6.536,4.6],[6.535,4.597],[6.532,4.599],[6.532,4.598],[6.536,4.594],[6.538,4.588],[6.545,4.582],[6.542,4.577],[6.537,4.575],[6.536,4.573],[6.538,4.566],[6.55,4.554],[6.554,4.552],[6.561,4.551],[6.563,4.549],[6.551,4.535],[6.538,4.535],[6.532,4.532],[6.527,4.538],[6.527,4.541],[6.531,4.543],[6.531,4.548],[6.526,4.549],[6.524,4.552],[6.529,4.552],[6.532,4.553],[6.534,4.56],[6.529,4.565],[6.522,4.565],[6.522,4.567],[6.524,4.569],[6.523,4.57],[6.521,4.568],[6.522,4.565],[6.529,4.565],[6.534,4.56],[6.53,4.553],[6.524,4.553],[6.524,4.55],[6.526,4.548],[6.531,4.547],[6.531,4.545],[6.526,4.541],[6.524,4.541],[6.525,4.543],[6.524,4.543],[6.523,4.541],[6.526,4.538],[6.527,4.534],[6.523,4.533],[6.522,4.525],[6.519,4.525],[6.515,4.529],[6.514,4.528],[6.518,4.525],[6.522,4.525],[6.524,4.527],[6.524,4.532],[6.525,4.533],[6.533,4.531],[6.54,4.531],[6.538,4.523],[6.54,4.512],[6.544,4.508],[6.556,4.503],[6.576,4.49],[6.575,4.481],[6.579,4.472],[6.577,4.471],[6.564,4.472],[6.562,4.47],[6.56,4.463],[6.559,4.463],[6.551,4.473],[6.544,4.479],[6.541,4.478],[6.541,4.47],[6.538,4.468],[6.535,4.473],[6.535,4.47],[6.534,4.47],[6.529,4.473],[6.513,4.474],[6.504,4.477],[6.5,4.485],[6.494,4.509],[6.494,4.516],[6.491,4.527],[6.492,4.533],[6.491,4.534],[6.49,4.542],[6.492,4.551],[6.491,4.555],[6.485,4.559],[6.484,4.565],[6.481,4.568],[6.482,4.574],[6.481,4.575],[6.477,4.576],[6.474,4.578],[6.473,4.581],[6.47,4.585],[6.472,4.586],[6.469,4.586],[6.469,4.585],[6.473,4.581],[6.474,4.577],[6.476,4.575],[6.48,4.575],[6.481,4.571],[6.479,4.566],[6.481,4.566],[6.484,4.556],[6.49,4.551],[6.488,4.541],[6.489,4.535],[6.487,4.525],[6.484,4.527],[6.482,4.536],[6.481,4.533],[6.484,4.526],[6.489,4.523],[6.492,4.518],[6.492,4.506],[6.497,4.483],[6.5,4.478],[6.506,4.474],[6.522,4.471],[6.53,4.466],[6.532,4.462],[6.532,4.451],[6.527,4.444],[6.527,4.44],[6.534,4.435],[6.541,4.426],[6.549,4.423],[6.551,4.42],[6.551,4.402],[6.547,4.397],[6.547,4.392],[6.554,4.39],[6.561,4.393],[6.564,4.39],[6.568,4.38],[6.564,4.37],[6.564,4.361],[6.571,4.357],[6.584,4.358],[6.585,4.355],[6.585,4.345],[6.583,4.338],[6.577,4.336],[6.552,4.334],[6.532,4.335],[6.522,4.331],[6.515,4.332],[6.502,4.337],[6.498,4.339],[6.495,4.344],[6.493,4.344],[6.499,4.337],[6.516,4.33],[6.525,4.33],[6.537,4.333],[6.544,4.332],[6.563,4.333],[6.574,4.332],[6.589,4.337],[6.595,4.334],[6.589,4.328],[6.583,4.326],[6.557,4.327],[6.492,4.321],[6.476,4.319],[6.465,4.315],[6.456,4.314],[6.444,4.316],[6.43,4.327],[6.43,4.332],[6.436,4.338],[6.44,4.338],[6.439,4.342],[6.44,4.352],[6.434,4.361],[6.428,4.375],[6.428,4.384],[6.432,4.39],[6.443,4.397],[6.446,4.401],[6.448,4.407],[6.448,4.417],[6.449,4.417],[6.454,4.408],[6.458,4.412],[6.466,4.433],[6.468,4.447],[6.468,4.465],[6.47,4.466],[6.479,4.465],[6.481,4.467],[6.483,4.471],[6.482,4.477],[6.479,4.479],[6.478,4.48],[6.475,4.479],[6.473,4.481],[6.472,4.489],[6.473,4.494],[6.47,4.494],[6.467,4.492],[6.473,4.494],[6.471,4.489],[6.472,4.48],[6.475,4.479],[6.48,4.478],[6.482,4.471],[6.479,4.465],[6.47,4.466],[6.468,4.465],[6.467,4.447],[6.465,4.435],[6.455,4.411],[6.454,4.41],[6.452,4.416],[6.446,4.422],[6.444,4.438],[6.439,4.447],[6.439,4.452],[6.443,4.458],[6.439,4.47],[6.444,4.478],[6.443,4.481],[6.435,4.483],[6.438,4.499],[6.442,4.502],[6.441,4.505],[6.436,4.509],[6.436,4.513],[6.435,4.509],[6.436,4.507],[6.442,4.503],[6.442,4.502],[6.437,4.5],[6.436,4.493],[6.434,4.49],[6.434,4.485],[6.435,4.481],[6.443,4.479],[6.438,4.471],[6.441,4.458],[6.436,4.451],[6.437,4.445],[6.44,4.439],[6.441,4.429],[6.443,4.427],[6.443,4.409],[6.441,4.4],[6.429,4.392],[6.425,4.386],[6.424,4.379],[6.427,4.364],[6.438,4.347],[6.436,4.343],[6.431,4.34],[6.424,4.339],[6.413,4.335],[6.402,4.335],[6.398,4.343],[6.403,4.348],[6.408,4.359],[6.404,4.366],[6.399,4.38],[6.407,4.387],[6.412,4.397],[6.413,4.403],[6.412,4.404],[6.409,4.404],[6.402,4.401],[6.4,4.403],[6.397,4.411],[6.398,4.405],[6.402,4.4],[6.409,4.403],[6.412,4.402],[6.412,4.398],[6.409,4.395],[6.404,4.386],[6.397,4.381],[6.401,4.368],[6.406,4.36],[6.405,4.355],[6.4,4.347],[6.396,4.345],[6.393,4.347],[6.376,4.372],[6.368,4.374],[6.354,4.375],[6.351,4.378],[6.35,4.388],[6.353,4.394],[6.353,4.402],[6.355,4.403],[6.348,4.408],[6.348,4.416],[6.343,4.423],[6.348,4.429],[6.351,4.438],[6.351,4.443],[6.349,4.451],[6.349,4.46],[6.347,4.471],[6.338,4.487],[6.339,4.488],[6.354,4.487],[6.357,4.492],[6.356,4.498],[6.35,4.503],[6.345,4.51],[6.35,4.516],[6.351,4.521],[6.347,4.532],[6.348,4.547],[6.344,4.56],[6.346,4.564],[6.35,4.564],[6.351,4.567],[6.348,4.569],[6.343,4.576],[6.338,4.58],[6.338,4.585],[6.337,4.587],[6.335,4.587],[6.336,4.59],[6.336,4.594],[6.334,4.597],[6.329,4.598],[6.328,4.603],[6.329,4.598],[6.334,4.596],[6.335,4.594],[6.336,4.59],[6.334,4.587],[6.338,4.585],[6.338,4.579],[6.344,4.574],[6.349,4.566],[6.349,4.564],[6.346,4.564],[6.344,4.563],[6.343,4.559],[6.347,4.548],[6.346,4.543],[6.346,4.529],[6.349,4.521],[6.347,4.516],[6.345,4.515],[6.34,4.526],[6.331,4.534],[6.33,4.544],[6.324,4.56],[6.324,4.557],[6.33,4.544],[6.33,4.534],[6.337,4.525],[6.341,4.523],[6.343,4.519],[6.341,4.513],[6.344,4.514],[6.344,4.507],[6.353,4.496],[6.354,4.49],[6.352,4.489],[6.345,4.491],[6.337,4.49],[6.336,4.487],[6.338,4.478],[6.335,4.476],[6.33,4.476],[6.33,4.48],[6.333,4.487],[6.326,4.49],[6.325,4.494],[6.327,4.504],[6.324,4.511],[6.32,4.515],[6.318,4.523],[6.319,4.514],[6.326,4.505],[6.324,4.492],[6.327,4.488],[6.332,4.486],[6.329,4.481],[6.329,4.475],[6.327,4.472],[6.324,4.471],[6.324,4.468],[6.315,4.47],[6.314,4.469],[6.314,4.465],[6.31,4.468],[6.31,4.468],[6.31,4.468]],[[5.785,4.554],[5.785,4.554],[5.785,4.554],[5.785,4.554]],[[5.785,4.554],[5.784,4.555],[5.782,4.555],[5.779,4.551],[5.776,4.552],[5.774,4.555],[5.775,4.557],[5.774,4.555],[5.776,4.551],[5.779,4.551],[5.783,4.555],[5.785,4.554]],[[5.711,4.539],[5.711,4.539],[5.711,4.539],[5.711,4.539]],[[5.711,4.539],[5.713,4.54],[5.712,4.545],[5.714,4.547],[5.721,4.545],[5.726,4.538],[5.738,4.538],[5.739,4.54],[5.739,4.546],[5.745,4.544],[5.743,4.547],[5.738,4.546],[5.738,4.538],[5.726,4.538],[5.72,4.546],[5.713,4.548],[5.712,4.547],[5.711,4.539]]],[[[5.438,4.946],[5.439,4.945],[5.439,4.944],[5.436,4.945],[5.436,4.947],[5.438,4.947],[5.438,4.946]]],[[[6.584,4.671],[6.586,4.669],[6.581,4.672],[6.584,4.672],[6.584,4.671]]],[[[5.781,4.689],[5.783,4.688],[5.783,4.685],[5.773,4.686],[5.774,4.69],[5.781,4.689]]],[[[5.68,4.778],[5.687,4.775],[5.69,4.776],[5.693,4.78],[5.696,4.796],[5.697,4.81],[5.706,4.805],[5.716,4.806],[5.725,4.798],[5.737,4.795],[5.761,4.795],[5.766,4.799],[5.766,4.808],[5.77,4.812],[5.772,4.812],[5.777,4.806],[5.779,4.805],[5.778,4.801],[5.771,4.793],[5.772,4.79],[5.775,4.788],[5.775,4.785],[5.769,4.785],[5.764,4.783],[5.763,4.779],[5.766,4.774],[5.759,4.774],[5.755,4.772],[5.75,4.76],[5.741,4.745],[5.73,4.733],[5.725,4.728],[5.713,4.724],[5.703,4.716],[5.694,4.704],[5.682,4.694],[5.678,4.686],[5.666,4.673],[5.659,4.674],[5.645,4.686],[5.629,4.693],[5.611,4.695],[5.595,4.692],[5.592,4.69],[5.588,4.689],[5.581,4.691],[5.574,4.698],[5.571,4.704],[5.57,4.715],[5.577,4.722],[5.594,4.731],[5.595,4.741],[5.599,4.742],[5.604,4.736],[5.609,4.736],[5.607,4.731],[5.609,4.728],[5.613,4.726],[5.618,4.726],[5.619,4.727],[5.609,4.728],[5.608,4.732],[5.61,4.737],[5.604,4.737],[5.602,4.741],[5.6,4.743],[5.594,4.741],[5.593,4.731],[5.591,4.732],[5.587,4.73],[5.579,4.734],[5.579,4.735],[5.582,4.739],[5.582,4.744],[5.579,4.745],[5.577,4.743],[5.575,4.742],[5.566,4.753],[5.567,4.756],[5.573,4.757],[5.572,4.758],[5.566,4.756],[5.566,4.752],[5.575,4.742],[5.582,4.744],[5.578,4.734],[5.585,4.729],[5.571,4.723],[5.566,4.723],[5.563,4.728],[5.562,4.735],[5.555,4.738],[5.546,4.745],[5.54,4.747],[5.533,4.754],[5.53,4.754],[5.532,4.763],[5.527,4.777],[5.474,4.862],[5.455,4.901],[5.452,4.912],[5.453,4.917],[5.455,4.918],[5.458,4.903],[5.465,4.891],[5.469,4.888],[5.471,4.881],[5.476,4.875],[5.489,4.848],[5.5,4.834],[5.517,4.821],[5.525,4.818],[5.54,4.818],[5.552,4.825],[5.568,4.812],[5.577,4.808],[5.592,4.81],[5.608,4.817],[5.608,4.805],[5.612,4.799],[5.619,4.8],[5.623,4.803],[5.628,4.81],[5.632,4.81],[5.657,4.798],[5.668,4.796],[5.668,4.793],[5.66,4.787],[5.66,4.781],[5.665,4.779],[5.675,4.781],[5.68,4.778]]],[[[5.701,4.525],[5.703,4.523],[5.703,4.521],[5.713,4.512],[5.72,4.508],[5.724,4.508],[5.725,4.505],[5.73,4.499],[5.734,4.497],[5.735,4.493],[5.728,4.497],[5.705,4.515],[5.699,4.521],[5.698,4.526],[5.701,4.525]]],[[[6.604,4.556],[6.613,4.555],[6.613,4.553],[6.601,4.543],[6.598,4.542],[6.597,4.548],[6.598,4.553],[6.6,4.557],[6.604,4.556]]],[[[6.62,4.553],[6.614,4.545],[6.607,4.546],[6.608,4.548],[6.613,4.551],[6.614,4.556],[6.62,4.556],[6.62,4.553]]],[[[6.637,4.596],[6.639,4.595],[6.64,4.588],[6.644,4.582],[6.648,4.568],[6.648,4.562],[6.657,4.547],[6.671,4.538],[6.676,4.532],[6.675,4.528],[6.667,4.526],[6.662,4.522],[6.654,4.51],[6.645,4.507],[6.639,4.511],[6.627,4.533],[6.615,4.543],[6.615,4.545],[6.622,4.552],[6.621,4.556],[6.608,4.559],[6.613,4.566],[6.613,4.579],[6.619,4.58],[6.62,4.583],[6.617,4.587],[6.617,4.59],[6.622,4.593],[6.625,4.597],[6.637,4.596]]],[[[6.601,4.641],[6.607,4.635],[6.618,4.635],[6.623,4.63],[6.622,4.626],[6.615,4.619],[6.612,4.613],[6.615,4.606],[6.622,4.596],[6.622,4.594],[6.616,4.59],[6.616,4.587],[6.62,4.583],[6.612,4.579],[6.612,4.577],[6.612,4.567],[6.605,4.557],[6.6,4.56],[6.6,4.572],[6.591,4.583],[6.592,4.587],[6.597,4.592],[6.596,4.595],[6.591,4.596],[6.592,4.602],[6.589,4.614],[6.589,4.619],[6.594,4.625],[6.594,4.627],[6.592,4.631],[6.587,4.632],[6.586,4.64],[6.587,4.642],[6.595,4.641],[6.6,4.644],[6.601,4.641]]],[[[6.677,4.431],[6.681,4.423],[6.681,4.419],[6.68,4.417],[6.675,4.417],[6.673,4.422],[6.673,4.43],[6.675,4.432],[6.677,4.431]]],[[[5.865,4.435],[5.864,4.434],[5.862,4.434],[5.867,4.436],[5.865,4.435]]],[[[6.31,4.468],[6.312,4.465],[6.314,4.464],[6.315,4.469],[6.324,4.467],[6.325,4.468],[6.324,4.471],[6.328,4.471],[6.329,4.474],[6.332,4.473],[6.334,4.472],[6.336,4.465],[6.344,4.452],[6.345,4.44],[6.342,4.431],[6.338,4.426],[6.334,4.425],[6.321,4.431],[6.316,4.432],[6.311,4.43],[6.306,4.434],[6.302,4.435],[6.301,4.461],[6.309,4.459],[6.31,4.462],[6.307,4.465],[6.31,4.467],[6.31,4.468],[6.31,4.468]]],[[[6.441,4.306],[6.44,4.305],[6.439,4.309],[6.44,4.309],[6.441,4.306]]],[[[5.95,4.39],[5.949,4.392],[5.95,4.393],[5.951,4.392],[5.95,4.39]]],[[[6.581,4.487],[6.592,4.47],[6.598,4.458],[6.592,4.423],[6.593,4.377],[6.592,4.373],[6.582,4.363],[6.578,4.362],[6.575,4.364],[6.567,4.361],[6.566,4.365],[6.57,4.378],[6.57,4.386],[6.561,4.394],[6.557,4.395],[6.552,4.393],[6.556,4.404],[6.553,4.421],[6.541,4.435],[6.532,4.438],[6.53,4.442],[6.535,4.454],[6.534,4.467],[6.54,4.468],[6.543,4.471],[6.542,4.478],[6.545,4.477],[6.557,4.462],[6.561,4.461],[6.564,4.471],[6.574,4.47],[6.58,4.471],[6.577,4.485],[6.578,4.488],[6.581,4.487]]],[[[6.252,4.376],[6.251,4.363],[6.247,4.359],[6.243,4.36],[6.241,4.362],[6.242,4.366],[6.25,4.377],[6.252,4.376]]],[[[5.977,4.368],[5.978,4.37],[5.979,4.37],[5.979,4.368],[5.977,4.368]]],[[[5.981,4.352],[5.981,4.35],[5.98,4.349],[5.98,4.354],[5.982,4.353],[5.981,4.352]]],[[[6.096,4.355],[6.101,4.348],[6.099,4.342],[6.1,4.339],[6.112,4.33],[6.122,4.334],[6.125,4.329],[6.134,4.325],[6.139,4.325],[6.152,4.328],[6.154,4.327],[6.155,4.323],[6.158,4.321],[6.167,4.322],[6.169,4.319],[6.172,4.319],[6.186,4.327],[6.189,4.327],[6.191,4.32],[6.191,4.31],[6.193,4.306],[6.196,4.305],[6.2,4.305],[6.203,4.307],[6.207,4.318],[6.211,4.321],[6.213,4.318],[6.215,4.304],[6.217,4.303],[6.221,4.292],[6.221,4.282],[6.215,4.28],[6.181,4.279],[6.175,4.277],[6.131,4.275],[6.105,4.273],[6.099,4.271],[6.091,4.272],[6.086,4.271],[6.083,4.277],[6.086,4.298],[6.08,4.333],[6.083,4.343],[6.091,4.354],[6.095,4.357],[6.096,4.355]]],[[[6.264,4.354],[6.264,4.348],[6.259,4.348],[6.262,4.356],[6.264,4.354]]],[[[6.324,4.426],[6.332,4.423],[6.34,4.422],[6.344,4.416],[6.345,4.405],[6.35,4.398],[6.345,4.381],[6.348,4.376],[6.356,4.371],[6.37,4.369],[6.378,4.364],[6.383,4.35],[6.38,4.338],[6.374,4.34],[6.369,4.339],[6.365,4.326],[6.36,4.329],[6.356,4.329],[6.348,4.327],[6.341,4.323],[6.338,4.329],[6.333,4.329],[6.327,4.326],[6.326,4.319],[6.328,4.32],[6.329,4.326],[6.333,4.328],[6.337,4.328],[6.338,4.325],[6.34,4.322],[6.355,4.328],[6.365,4.325],[6.37,4.338],[6.38,4.336],[6.383,4.341],[6.383,4.347],[6.385,4.348],[6.391,4.337],[6.399,4.327],[6.417,4.309],[6.41,4.305],[6.321,4.298],[6.285,4.292],[6.25,4.291],[6.239,4.294],[6.235,4.297],[6.236,4.305],[6.237,4.308],[6.239,4.308],[6.237,4.31],[6.242,4.319],[6.244,4.321],[6.248,4.329],[6.253,4.335],[6.258,4.346],[6.261,4.341],[6.261,4.332],[6.265,4.33],[6.272,4.329],[6.272,4.325],[6.268,4.32],[6.268,4.318],[6.273,4.317],[6.278,4.318],[6.269,4.318],[6.269,4.321],[6.272,4.324],[6.273,4.329],[6.271,4.331],[6.263,4.33],[6.261,4.333],[6.262,4.34],[6.26,4.346],[6.264,4.346],[6.266,4.345],[6.27,4.346],[6.271,4.355],[6.277,4.357],[6.282,4.362],[6.295,4.358],[6.296,4.35],[6.289,4.343],[6.287,4.343],[6.285,4.348],[6.283,4.345],[6.286,4.345],[6.286,4.342],[6.29,4.343],[6.29,4.344],[6.292,4.343],[6.292,4.336],[6.295,4.333],[6.292,4.333],[6.29,4.335],[6.288,4.333],[6.29,4.334],[6.292,4.332],[6.296,4.333],[6.298,4.332],[6.294,4.337],[6.294,4.34],[6.293,4.345],[6.298,4.35],[6.297,4.36],[6.299,4.364],[6.304,4.364],[6.307,4.373],[6.312,4.372],[6.314,4.378],[6.312,4.388],[6.308,4.39],[6.307,4.393],[6.308,4.394],[6.305,4.396],[6.304,4.399],[6.303,4.408],[6.309,4.416],[6.31,4.422],[6.319,4.427],[6.324,4.426]]],[[[5.984,4.364],[5.987,4.362],[5.985,4.358],[5.982,4.356],[5.977,4.36],[5.978,4.356],[5.976,4.356],[5.976,4.36],[5.98,4.364],[5.981,4.366],[5.984,4.364]]],[[[6.29,4.391],[6.296,4.399],[6.302,4.402],[6.306,4.39],[6.311,4.388],[6.313,4.38],[6.311,4.374],[6.306,4.374],[6.303,4.365],[6.298,4.365],[6.295,4.36],[6.292,4.36],[6.282,4.363],[6.271,4.357],[6.269,4.353],[6.269,4.346],[6.267,4.346],[6.266,4.358],[6.27,4.367],[6.285,4.381],[6.29,4.391]]],[[[6.048,4.416],[6.054,4.402],[6.06,4.399],[6.07,4.389],[6.069,4.375],[6.07,4.352],[6.068,4.351],[6.061,4.356],[6.058,4.357],[6.058,4.362],[6.061,4.369],[6.056,4.378],[6.056,4.381],[6.054,4.378],[6.057,4.37],[6.055,4.37],[6.052,4.363],[6.05,4.366],[6.051,4.373],[6.051,4.378],[6.047,4.381],[6.042,4.381],[6.039,4.384],[6.039,4.387],[6.041,4.389],[6.043,4.395],[6.037,4.408],[6.039,4.411],[6.042,4.405],[6.046,4.406],[6.047,4.409],[6.046,4.411],[6.047,4.416],[6.046,4.418],[6.048,4.416]]],[[[6.149,4.39],[6.149,4.383],[6.147,4.38],[6.145,4.379],[6.143,4.383],[6.144,4.387],[6.146,4.391],[6.149,4.39]]],[[[6.248,4.388],[6.247,4.385],[6.244,4.384],[6.244,4.387],[6.247,4.391],[6.248,4.388]]],[[[6.132,4.421],[6.136,4.414],[6.141,4.395],[6.14,4.373],[6.131,4.367],[6.125,4.365],[6.111,4.371],[6.101,4.371],[6.095,4.367],[6.09,4.36],[6.087,4.36],[6.087,4.362],[6.084,4.366],[6.079,4.37],[6.077,4.379],[6.077,4.386],[6.081,4.394],[6.087,4.4],[6.096,4.404],[6.102,4.41],[6.115,4.413],[6.125,4.421],[6.132,4.421]]],[[[6.293,4.403],[6.292,4.404],[6.295,4.405],[6.293,4.403],[6.292,4.403],[6.293,4.403]]],[[[6.059,4.462],[6.06,4.46],[6.056,4.455],[6.053,4.463],[6.059,4.462]]],[[[6.341,4.475],[6.343,4.473],[6.345,4.462],[6.341,4.464],[6.337,4.472],[6.339,4.476],[6.341,4.475]]],[[[6.132,4.431],[6.133,4.429],[6.131,4.424],[6.126,4.424],[6.127,4.43],[6.13,4.432],[6.132,4.431]]],[[[6.254,4.444],[6.256,4.441],[6.258,4.432],[6.253,4.426],[6.25,4.428],[6.248,4.436],[6.25,4.442],[6.252,4.445],[6.254,4.444]]],[[[6.192,4.596],[6.194,4.594],[6.198,4.591],[6.199,4.579],[6.205,4.579],[6.208,4.575],[6.207,4.573],[6.205,4.572],[6.203,4.567],[6.198,4.564],[6.197,4.56],[6.201,4.555],[6.198,4.546],[6.194,4.54],[6.202,4.524],[6.209,4.521],[6.205,4.514],[6.206,4.51],[6.206,4.504],[6.203,4.492],[6.203,4.489],[6.207,4.485],[6.202,4.477],[6.209,4.468],[6.209,4.463],[6.206,4.461],[6.205,4.458],[6.208,4.454],[6.215,4.453],[6.22,4.45],[6.224,4.444],[6.225,4.438],[6.222,4.434],[6.212,4.437],[6.21,4.435],[6.207,4.43],[6.202,4.429],[6.198,4.437],[6.191,4.444],[6.193,4.457],[6.19,4.463],[6.19,4.471],[6.189,4.473],[6.182,4.476],[6.188,4.482],[6.189,4.495],[6.185,4.5],[6.181,4.5],[6.179,4.503],[6.178,4.512],[6.175,4.516],[6.178,4.528],[6.18,4.53],[6.177,4.536],[6.18,4.546],[6.18,4.558],[6.19,4.57],[6.188,4.576],[6.182,4.58],[6.183,4.582],[6.185,4.583],[6.184,4.59],[6.186,4.596],[6.19,4.6],[6.191,4.6],[6.192,4.596]]]]}},{"type":"Feature","properties":{"NAME_1":"Benue"},"geometry":{"type":"MultiPolygon","coordinates":[[[[8.138,6.739],[8.122,6.712],[8.091,6.697],[8.044,6.701],[7.988,6.695],[7.984,6.673],[7.982,6.643],[7.975,6.614],[7.968,6.562],[7.952,6.529],[7.929,6.519],[7.9,6.531],[7.835,6.591],[7.825,6.616],[7.83,6.642],[7.845,6.67],[7.854,6.694],[7.865,6.734],[7.862,6.776],[7.85,6.825],[7.827,6.859],[7.803,6.878],[7.757,6.883],[7.741,6.87],[7.721,6.849],[7.688,6.838],[7.64,6.862],[7.582,6.907],[7.557,6.934],[7.536,6.961],[7.52,6.995],[7.509,7.035],[7.492,7.066],[7.494,7.074],[7.498,7.076],[7.499,7.082],[7.5,7.083],[7.514,7.073],[7.537,7.049],[7.555,7.036],[7.568,7.02],[7.582,7.022],[7.604,7.005],[7.632,7.005],[7.639,7.042],[7.637,7.076],[7.653,7.099],[7.736,7.138],[7.757,7.15],[7.785,7.171],[7.81,7.2],[7.821,7.225],[7.841,7.294],[7.848,7.357],[7.856,7.378],[7.876,7.397],[7.881,7.427],[7.858,7.434],[7.823,7.428],[7.804,7.429],[7.784,7.446],[7.764,7.535],[7.762,7.569],[7.757,7.604],[7.754,7.645],[7.758,7.687],[7.758,7.721],[7.754,7.756],[7.743,7.786],[7.723,7.803],[7.699,7.828],[7.669,7.88],[7.663,7.913],[7.665,7.95],[7.66,7.974],[7.661,8.004],[7.665,8.02],[7.678,8.02],[7.715,8.01],[7.768,7.99],[7.812,7.98],[7.871,7.972],[7.903,7.971],[7.95,7.96],[7.969,7.949],[7.978,7.946],[7.98,7.947],[8.002,7.934],[8.06,7.913],[8.091,7.903],[8.148,7.869],[8.17,7.858],[8.223,7.852],[8.255,7.842],[8.272,7.844],[8.3,7.824],[8.326,7.799],[8.35,7.791],[8.367,7.781],[8.382,7.777],[8.412,7.763],[8.43,7.78],[8.432,7.802],[8.412,7.857],[8.391,7.902],[8.387,7.921],[8.372,7.952],[8.366,7.974],[8.356,7.99],[8.353,8.012],[8.355,8.03],[8.358,8.048],[8.367,8.065],[8.371,8.077],[8.391,8.099],[8.455,8.135],[8.496,8.142],[8.519,8.142],[8.537,8.14],[8.562,8.135],[8.604,8.117],[8.725,8.075],[8.773,8.065],[8.803,8.056],[8.87,8.045],[8.915,8.043],[8.979,8.047],[8.979,8.058],[9.047,8.012],[9.171,7.913],[9.157,7.901],[9.148,7.881],[9.142,7.876],[9.137,7.863],[9.128,7.854],[9.112,7.83],[9.108,7.818],[9.122,7.811],[9.139,7.809],[9.152,7.818],[9.184,7.83],[9.202,7.841],[9.238,7.851],[9.287,7.857],[9.311,7.862],[9.333,7.862],[9.358,7.867],[9.418,7.865],[9.444,7.86],[9.491,7.859],[9.548,7.846],[9.575,7.842],[9.611,7.831],[9.646,7.804],[9.671,7.775],[9.694,7.752],[9.704,7.741],[9.71,7.727],[9.725,7.715],[9.74,7.693],[9.754,7.678],[9.766,7.661],[9.815,7.614],[9.844,7.593],[9.901,7.539],[9.899,7.528],[9.918,7.506],[9.914,7.489],[9.923,7.476],[9.923,7.461],[9.92,7.441],[9.916,7.431],[9.913,7.409],[9.897,7.364],[9.887,7.347],[9.881,7.327],[9.875,7.314],[9.875,7.285],[9.882,7.231],[9.88,7.218],[9.873,7.206],[9.865,7.195],[9.848,7.181],[9.815,7.164],[9.783,7.135],[9.772,7.122],[9.759,7.111],[9.74,7.082],[9.72,7.045],[9.71,7.024],[9.706,7.012],[9.687,6.916],[9.679,6.846],[9.672,6.826],[9.682,6.815],[9.676,6.797],[9.679,6.783],[9.678,6.763],[9.679,6.697],[9.676,6.656],[9.673,6.641],[9.668,6.632],[9.668,6.614],[9.658,6.588],[9.652,6.565],[9.651,6.55],[9.644,6.53],[9.645,6.524],[9.633,6.52],[9.623,6.524],[9.612,6.525],[9.6,6.531],[9.595,6.529],[9.593,6.516],[9.586,6.508],[9.583,6.493],[9.588,6.475],[9.542,6.449],[9.528,6.443],[9.514,6.443],[9.467,6.456],[9.458,6.476],[9.447,6.488],[9.422,6.525],[9.401,6.548],[9.38,6.583],[9.36,6.598],[9.351,6.61],[9.331,6.631],[9.312,6.654],[9.302,6.661],[9.29,6.675],[9.279,6.677],[9.266,6.687],[9.242,6.689],[9.238,6.688],[9.224,6.69],[9.216,6.691],[9.193,6.688],[9.162,6.676],[9.122,6.668],[9.109,6.663],[9.088,6.661],[9.062,6.654],[9.027,6.654],[8.991,6.661],[8.971,6.676],[8.973,6.692],[8.978,6.694],[8.976,6.704],[8.982,6.753],[8.979,6.769],[8.973,6.779],[8.938,6.8],[8.871,6.845],[8.858,6.851],[8.833,6.866],[8.814,6.874],[8.764,6.886],[8.746,6.893],[8.731,6.896],[8.711,6.894],[8.674,6.885],[8.658,6.878],[8.64,6.874],[8.616,6.855],[8.618,6.83],[8.628,6.803],[8.628,6.782],[8.614,6.772],[8.592,6.761],[8.577,6.751],[8.527,6.738],[8.465,6.74],[8.431,6.751],[8.4,6.744],[8.379,6.715],[8.34,6.684],[8.295,6.673],[8.279,6.686],[8.265,6.712],[8.257,6.735],[8.251,6.781],[8.223,6.802],[8.213,6.784],[8.206,6.765],[8.171,6.764],[8.151,6.759],[8.138,6.739]]]]}},{"type":"Feature","properties":{"NAME_1":"Borno"},"geometry":{"type":"MultiPolygon","coordinates":[[[[11.914,10.059],[11.882,10.08],[11.853,10.106],[11.818,10.183],[11.803,10.204],[11.77,10.221],[11.734,10.23],[11.711,10.242],[11.681,10.271],[11.642,10.327],[11.629,10.372],[11.68,10.45],[11.713,10.493],[11.723,10.541],[11.711,10.576],[11.701,10.594],[11.75,10.605],[11.777,10.637],[11.805,10.678],[11.801,10.812],[11.811,10.856],[11.838,10.901],[11.881,10.932],[11.965,10.952],[12.002,10.965],[12.062,10.98],[12.111,11.004],[12.161,11.038],[12.195,11.087],[12.199,11.134],[12.187,11.2],[12.186,11.248],[12.2,11.293],[12.247,11.347],[12.269,11.387],[12.3,11.441],[12.341,11.475],[12.374,11.511],[12.39,11.545],[12.376,11.598],[12.355,11.629],[12.326,11.658],[12.292,11.66],[12.246,11.654],[12.236,11.66],[12.234,11.691],[12.31,11.836],[12.296,11.915],[12.282,11.955],[12.285,12.011],[12.315,12.192],[12.32,12.236],[12.326,12.269],[12.328,12.342],[12.326,12.361],[12.312,12.387],[12.299,12.422],[12.307,12.457],[12.321,12.473],[12.396,12.529],[12.422,12.557],[12.46,12.606],[12.49,12.673],[12.488,12.704],[12.482,12.732],[12.464,12.745],[12.437,12.768],[12.404,12.793],[12.381,12.822],[12.361,12.883],[12.367,12.935],[12.378,12.976],[12.385,13.01],[12.386,13.077],[12.402,13.077],[12.4,13.074],[12.407,13.079],[12.41,13.079],[12.434,13.071],[12.453,13.072],[12.461,13.069],[12.471,13.063],[12.477,13.062],[12.48,13.065],[12.483,13.071],[12.479,13.081],[12.481,13.084],[12.497,13.084],[12.496,13.087],[12.492,13.088],[12.491,13.09],[12.497,13.094],[12.492,13.098],[12.492,13.102],[12.496,13.11],[12.491,13.12],[12.495,13.129],[12.504,13.139],[12.512,13.143],[12.519,13.15],[12.526,13.146],[12.537,13.146],[12.538,13.14],[12.54,13.139],[12.542,13.14],[12.546,13.149],[12.55,13.153],[12.559,13.158],[12.554,13.161],[12.553,13.176],[12.556,13.181],[12.565,13.193],[12.561,13.198],[12.553,13.191],[12.548,13.191],[12.544,13.192],[12.54,13.196],[12.537,13.204],[12.537,13.207],[12.536,13.212],[12.541,13.213],[12.547,13.201],[12.55,13.201],[12.553,13.204],[12.553,13.219],[12.557,13.223],[12.568,13.226],[12.572,13.231],[12.566,13.237],[12.566,13.24],[12.575,13.25],[12.577,13.256],[12.579,13.268],[12.581,13.27],[12.591,13.263],[12.592,13.268],[12.589,13.278],[12.598,13.276],[12.609,13.277],[12.618,13.272],[12.626,13.272],[12.634,13.28],[12.64,13.297],[12.643,13.3],[12.647,13.3],[12.648,13.286],[12.651,13.284],[12.655,13.284],[12.66,13.286],[12.664,13.285],[12.668,13.274],[12.674,13.273],[12.677,13.274],[12.689,13.29],[12.694,13.3],[12.691,13.309],[12.693,13.313],[12.698,13.312],[12.704,13.313],[12.714,13.304],[12.722,13.307],[12.714,13.315],[12.715,13.317],[12.73,13.319],[12.738,13.321],[12.742,13.325],[12.743,13.329],[12.739,13.332],[12.738,13.335],[12.74,13.34],[12.753,13.354],[12.755,13.352],[12.763,13.352],[12.772,13.354],[12.787,13.361],[12.794,13.369],[12.795,13.372],[12.794,13.375],[12.797,13.381],[12.8,13.381],[12.82,13.393],[12.821,13.397],[12.819,13.401],[12.822,13.406],[12.825,13.407],[12.828,13.397],[12.832,13.398],[12.834,13.404],[12.832,13.417],[12.829,13.42],[12.816,13.421],[12.815,13.423],[12.817,13.426],[12.828,13.426],[12.83,13.431],[12.838,13.429],[12.839,13.432],[12.835,13.438],[12.838,13.443],[12.842,13.444],[12.848,13.439],[12.861,13.437],[12.862,13.441],[12.855,13.45],[12.863,13.466],[12.861,13.468],[12.851,13.469],[12.849,13.47],[12.852,13.474],[12.856,13.476],[12.858,13.48],[12.866,13.477],[12.874,13.47],[12.878,13.47],[12.879,13.477],[12.873,13.484],[12.873,13.488],[12.874,13.495],[12.877,13.497],[12.892,13.493],[12.893,13.486],[12.901,13.485],[12.906,13.481],[12.924,13.483],[12.931,13.493],[12.938,13.5],[12.947,13.503],[12.954,13.51],[12.961,13.497],[12.971,13.515],[12.974,13.514],[12.976,13.509],[12.986,13.51],[12.995,13.514],[13.001,13.514],[13.005,13.511],[13.008,13.511],[13.012,13.514],[13.026,13.531],[13.03,13.532],[13.042,13.525],[13.047,13.524],[13.045,13.532],[13.048,13.541],[13.049,13.543],[13.055,13.539],[13.058,13.54],[13.065,13.547],[13.075,13.547],[13.081,13.546],[13.082,13.544],[13.075,13.535],[13.072,13.535],[13.068,13.531],[13.067,13.527],[13.072,13.523],[13.083,13.52],[13.087,13.52],[13.091,13.515],[13.094,13.516],[13.101,13.531],[13.106,13.535],[13.123,13.52],[13.127,13.519],[13.125,13.525],[13.129,13.528],[13.123,13.536],[13.124,13.54],[13.139,13.54],[13.146,13.547],[13.148,13.548],[13.15,13.545],[13.144,13.537],[13.145,13.53],[13.142,13.518],[13.143,13.515],[13.149,13.515],[13.155,13.513],[13.158,13.513],[13.159,13.514],[13.158,13.518],[13.163,13.522],[13.163,13.526],[13.165,13.528],[13.179,13.532],[13.184,13.532],[13.187,13.53],[13.192,13.515],[13.195,13.511],[13.199,13.51],[13.2,13.511],[13.199,13.519],[13.2,13.523],[13.208,13.527],[13.214,13.55],[13.216,13.552],[13.219,13.546],[13.22,13.547],[13.222,13.553],[13.232,13.555],[13.238,13.558],[13.241,13.564],[13.241,13.57],[13.239,13.572],[13.233,13.572],[13.232,13.573],[13.236,13.585],[13.24,13.586],[13.252,13.581],[13.255,13.582],[13.257,13.585],[13.257,13.588],[13.265,13.594],[13.262,13.599],[13.255,13.597],[13.254,13.606],[13.248,13.613],[13.25,13.615],[13.257,13.618],[13.261,13.622],[13.265,13.631],[13.275,13.638],[13.271,13.643],[13.274,13.648],[13.283,13.652],[13.293,13.659],[13.299,13.658],[13.3,13.664],[13.298,13.673],[13.3,13.674],[13.306,13.675],[13.309,13.681],[13.314,13.683],[13.315,13.689],[13.318,13.691],[13.331,13.691],[13.335,13.693],[13.341,13.71],[13.349,13.71],[13.354,13.714],[13.363,13.712],[13.37,13.714],[13.376,13.71],[13.392,13.712],[13.416,13.709],[13.457,13.711],[13.465,13.709],[13.555,13.711],[13.587,13.709],[13.592,13.711],[13.613,13.709],[13.617,13.711],[13.634,13.711],[13.638,13.701],[13.662,13.669],[13.662,13.667],[13.683,13.641],[13.703,13.614],[13.712,13.606],[13.716,13.596],[13.752,13.545],[13.755,13.538],[13.761,13.533],[13.763,13.528],[13.774,13.512],[13.781,13.506],[13.784,13.496],[13.799,13.479],[13.803,13.47],[13.85,13.403],[13.861,13.386],[13.866,13.383],[13.87,13.373],[13.884,13.357],[13.889,13.346],[13.967,13.239],[13.974,13.229],[13.977,13.228],[13.98,13.221],[14.025,13.16],[14.048,13.124],[14.052,13.122],[14.066,13.102],[14.068,13.097],[14.085,13.078],[14.123,12.879],[14.184,12.529],[14.185,12.524],[14.194,12.514],[14.197,12.504],[14.195,12.502],[14.193,12.502],[14.188,12.499],[14.187,12.485],[14.184,12.482],[14.174,12.48],[14.173,12.474],[14.178,12.465],[14.181,12.454],[14.179,12.448],[14.183,12.446],[14.191,12.451],[14.194,12.448],[14.187,12.446],[14.186,12.443],[14.186,12.441],[14.193,12.436],[14.193,12.433],[14.189,12.433],[14.185,12.436],[14.184,12.435],[14.183,12.43],[14.181,12.427],[14.176,12.43],[14.173,12.429],[14.173,12.423],[14.177,12.418],[14.17,12.412],[14.171,12.41],[14.173,12.408],[14.186,12.406],[14.198,12.386],[14.218,12.376],[14.22,12.373],[14.216,12.371],[14.216,12.369],[14.216,12.366],[14.22,12.362],[14.236,12.364],[14.247,12.368],[14.261,12.368],[14.266,12.372],[14.273,12.373],[14.282,12.37],[14.286,12.359],[14.288,12.357],[14.293,12.356],[14.296,12.361],[14.295,12.365],[14.289,12.368],[14.289,12.371],[14.291,12.373],[14.299,12.369],[14.3,12.365],[14.298,12.363],[14.3,12.36],[14.309,12.359],[14.311,12.359],[14.319,12.366],[14.323,12.372],[14.329,12.375],[14.351,12.363],[14.364,12.365],[14.371,12.363],[14.376,12.358],[14.379,12.357],[14.384,12.358],[14.39,12.364],[14.4,12.366],[14.406,12.366],[14.417,12.361],[14.423,12.361],[14.429,12.368],[14.434,12.369],[14.444,12.362],[14.444,12.352],[14.448,12.347],[14.456,12.356],[14.463,12.359],[14.468,12.358],[14.473,12.348],[14.476,12.345],[14.48,12.345],[14.483,12.352],[14.487,12.351],[14.489,12.348],[14.484,12.343],[14.485,12.34],[14.494,12.337],[14.501,12.329],[14.516,12.328],[14.521,12.325],[14.521,12.314],[14.519,12.313],[14.514,12.316],[14.51,12.315],[14.51,12.311],[14.514,12.305],[14.511,12.296],[14.515,12.295],[14.52,12.296],[14.525,12.29],[14.529,12.288],[14.534,12.288],[14.54,12.282],[14.545,12.28],[14.546,12.277],[14.541,12.272],[14.548,12.256],[14.553,12.255],[14.557,12.26],[14.56,12.259],[14.555,12.25],[14.554,12.245],[14.548,12.241],[14.549,12.235],[14.567,12.23],[14.572,12.224],[14.582,12.226],[14.591,12.226],[14.594,12.22],[14.591,12.218],[14.591,12.216],[14.594,12.212],[14.601,12.211],[14.607,12.197],[14.606,12.195],[14.597,12.195],[14.598,12.19],[14.604,12.191],[14.61,12.188],[14.615,12.189],[14.615,12.187],[14.613,12.186],[14.614,12.183],[14.619,12.183],[14.629,12.179],[14.631,12.18],[14.631,12.183],[14.628,12.187],[14.632,12.192],[14.639,12.189],[14.641,12.19],[14.642,12.194],[14.648,12.191],[14.652,12.196],[14.659,12.197],[14.665,12.189],[14.663,12.178],[14.673,12.174],[14.675,12.169],[14.676,12.16],[14.673,12.156],[14.669,12.154],[14.667,12.149],[14.664,12.147],[14.662,12.144],[14.656,12.138],[14.652,12.139],[14.649,12.136],[14.654,12.128],[14.654,12.117],[14.646,12.104],[14.634,12.092],[14.633,12.086],[14.639,12.075],[14.645,12.07],[14.653,12.067],[14.653,12.062],[14.632,12.058],[14.624,12.049],[14.62,12.04],[14.621,12.026],[14.626,12.023],[14.632,12.008],[14.631,11.996],[14.633,11.989],[14.636,11.987],[14.637,11.981],[14.64,11.977],[14.642,11.969],[14.648,11.964],[14.652,11.963],[14.654,11.957],[14.652,11.952],[14.648,11.948],[14.643,11.94],[14.634,11.932],[14.633,11.927],[14.642,11.91],[14.628,11.901],[14.624,11.891],[14.618,11.881],[14.609,11.876],[14.603,11.865],[14.607,11.858],[14.614,11.853],[14.614,11.85],[14.612,11.846],[14.606,11.841],[14.605,11.833],[14.609,11.818],[14.605,11.805],[14.605,11.796],[14.608,11.786],[14.613,11.781],[14.599,11.76],[14.594,11.757],[14.587,11.755],[14.584,11.751],[14.577,11.75],[14.574,11.745],[14.574,11.738],[14.572,11.735],[14.549,11.723],[14.553,11.715],[14.553,11.711],[14.557,11.709],[14.566,11.709],[14.58,11.7],[14.594,11.702],[14.599,11.701],[14.604,11.69],[14.608,11.686],[14.61,11.678],[14.619,11.676],[14.623,11.671],[14.626,11.664],[14.634,11.659],[14.641,11.651],[14.64,11.646],[14.636,11.642],[14.638,11.637],[14.637,11.628],[14.639,11.623],[14.647,11.618],[14.65,11.609],[14.643,11.598],[14.644,11.583],[14.643,11.576],[14.64,11.571],[14.632,11.564],[14.628,11.557],[14.62,11.537],[14.614,11.513],[14.602,11.506],[14.595,11.5],[14.583,11.498],[14.577,11.495],[14.57,11.494],[14.555,11.482],[14.531,11.475],[14.516,11.473],[14.508,11.464],[14.501,11.46],[14.492,11.449],[14.477,11.44],[14.466,11.425],[14.458,11.424],[14.446,11.419],[14.428,11.42],[14.423,11.415],[14.414,11.402],[14.407,11.398],[14.39,11.381],[14.357,11.356],[14.322,11.333],[14.266,11.303],[14.257,11.296],[14.245,11.293],[14.24,11.289],[14.236,11.289],[14.216,11.27],[14.214,11.264],[14.205,11.26],[14.202,11.255],[14.199,11.253],[14.195,11.253],[14.189,11.256],[14.183,11.255],[14.175,11.248],[14.169,11.246],[14.164,11.249],[14.149,11.254],[14.125,11.258],[14.111,11.263],[14.11,11.27],[14.101,11.279],[14.082,11.283],[14.068,11.282],[14.042,11.294],[14.033,11.296],[14.015,11.304],[14.01,11.309],[13.995,11.314],[13.986,11.32],[13.981,11.319],[13.973,11.307],[13.969,11.28],[13.957,11.261],[13.953,11.246],[13.947,11.239],[13.94,11.224],[13.936,11.223],[13.934,11.216],[13.928,11.211],[13.927,11.203],[13.915,11.197],[13.914,11.194],[13.912,11.181],[13.91,11.174],[13.906,11.168],[13.889,11.161],[13.882,11.153],[13.879,11.146],[13.877,11.135],[13.872,11.133],[13.866,11.12],[13.86,11.118],[13.858,11.115],[13.861,11.111],[13.857,11.107],[13.858,11.104],[13.855,11.101],[13.849,11.096],[13.847,11.092],[13.839,11.091],[13.834,11.086],[13.829,11.086],[13.826,11.071],[13.819,11.074],[13.812,11.069],[13.814,11.063],[13.811,11.053],[13.809,11.046],[13.799,11.034],[13.8,11.031],[13.795,11.026],[13.797,11.017],[13.793,11.01],[13.785,11.008],[13.764,11.007],[13.746,11.011],[13.735,11.011],[13.728,11.002],[13.728,10.998],[13.731,10.994],[13.726,10.983],[13.724,10.982],[13.707,10.979],[13.695,10.967],[13.692,10.939],[13.663,10.932],[13.601,10.911],[13.539,10.907],[13.499,10.916],[13.478,10.925],[13.468,10.937],[13.418,10.93],[13.414,10.892],[13.417,10.847],[13.414,10.802],[13.399,10.736],[13.38,10.678],[13.336,10.587],[13.32,10.517],[13.312,10.463],[13.293,10.444],[13.259,10.44],[13.223,10.444],[13.184,10.46],[13.145,10.478],[13.099,10.528],[13.057,10.553],[13.011,10.569],[12.948,10.58],[12.873,10.582],[12.833,10.559],[12.799,10.524],[12.763,10.465],[12.725,10.447],[12.671,10.444],[12.658,10.402],[12.619,10.36],[12.579,10.342],[12.524,10.324],[12.468,10.321],[12.422,10.316],[12.381,10.303],[12.343,10.264],[12.315,10.228],[12.281,10.19],[12.243,10.14],[12.221,10.101],[12.194,10.07],[12.165,10.053],[12.131,10.041],[12.092,10.032],[12.048,10.029],[11.987,10.036],[11.944,10.045],[11.914,10.059]]]]}},{"type":"Feature","properties":{"NAME_1":"CrossRiver"},"geometry":{"type":"MultiPolygon","coordinates":[[[[8.188,4.883],[8.17,4.894],[8.137,4.928],[8.122,4.952],[8.093,4.989],[8.082,5.008],[8.072,5.031],[8.055,5.091],[8.054,5.11],[8.055,5.134],[8.058,5.146],[8.059,5.173],[8.065,5.19],[8.064,5.21],[8.059,5.224],[8.047,5.233],[8.027,5.239],[8.009,5.254],[7.979,5.267],[7.934,5.264],[7.917,5.257],[7.902,5.258],[7.893,5.271],[7.889,5.29],[7.875,5.295],[7.867,5.314],[7.865,5.324],[7.877,5.344],[7.878,5.353],[7.883,5.363],[7.899,5.365],[7.936,5.354],[7.952,5.353],[7.962,5.372],[7.95,5.414],[7.922,5.446],[7.91,5.473],[7.907,5.494],[7.897,5.526],[7.888,5.548],[7.886,5.578],[7.886,5.609],[7.894,5.654],[7.895,5.67],[7.887,5.685],[7.878,5.69],[7.88,5.698],[7.881,5.719],[7.884,5.729],[7.906,5.763],[7.922,5.779],[7.917,5.791],[7.916,5.822],[7.925,5.831],[7.926,5.835],[7.935,5.837],[7.94,5.843],[7.939,5.848],[7.945,5.864],[7.96,5.883],[7.965,5.886],[7.977,5.902],[7.977,5.908],[7.98,5.913],[7.98,5.925],[7.978,5.941],[7.976,5.947],[7.96,5.97],[7.96,5.981],[7.963,5.986],[7.973,5.992],[7.984,5.994],[8.0,6.003],[8.027,6.007],[8.035,6.005],[8.042,6.006],[8.049,6.001],[8.061,5.981],[8.068,5.957],[8.076,5.941],[8.081,5.935],[8.085,5.933],[8.095,5.941],[8.096,5.947],[8.103,5.962],[8.107,5.967],[8.115,5.971],[8.121,5.97],[8.142,5.979],[8.152,5.99],[8.169,5.999],[8.178,6.007],[8.182,6.028],[8.188,6.031],[8.212,6.033],[8.224,6.029],[8.239,6.014],[8.248,6.013],[8.261,6.027],[8.262,6.04],[8.272,6.064],[8.271,6.075],[8.276,6.092],[8.274,6.106],[8.287,6.13],[8.295,6.134],[8.324,6.18],[8.336,6.187],[8.352,6.207],[8.362,6.216],[8.386,6.245],[8.399,6.266],[8.399,6.288],[8.393,6.299],[8.376,6.317],[8.369,6.33],[8.367,6.342],[8.368,6.356],[8.377,6.366],[8.395,6.383],[8.417,6.389],[8.422,6.386],[8.431,6.389],[8.437,6.397],[8.444,6.416],[8.44,6.433],[8.423,6.442],[8.418,6.449],[8.413,6.463],[8.411,6.473],[8.403,6.479],[8.403,6.49],[8.406,6.495],[8.4,6.504],[8.401,6.511],[8.405,6.511],[8.399,6.52],[8.388,6.524],[8.384,6.529],[8.382,6.545],[8.376,6.556],[8.368,6.559],[8.332,6.587],[8.325,6.595],[8.318,6.608],[8.3,6.629],[8.294,6.644],[8.291,6.671],[8.292,6.676],[8.295,6.673],[8.34,6.684],[8.379,6.715],[8.4,6.744],[8.431,6.751],[8.465,6.74],[8.527,6.738],[8.577,6.751],[8.592,6.761],[8.614,6.772],[8.628,6.782],[8.628,6.803],[8.618,6.83],[8.616,6.855],[8.64,6.874],[8.658,6.878],[8.695,6.891],[8.711,6.894],[8.731,6.896],[8.746,6.893],[8.764,6.886],[8.814,6.874],[8.833,6.866],[8.858,6.851],[8.871,6.845],[8.938,6.8],[8.973,6.779],[8.979,6.769],[8.982,6.753],[8.976,6.704],[8.978,6.694],[8.973,6.692],[8.971,6.676],[8.991,6.661],[9.027,6.654],[9.062,6.654],[9.088,6.661],[9.109,6.663],[9.122,6.668],[9.162,6.676],[9.193,6.688],[9.216,6.691],[9.224,6.69],[9.238,6.688],[9.242,6.689],[9.266,6.687],[9.279,6.677],[9.29,6.675],[9.302,6.661],[9.312,6.654],[9.331,6.631],[9.351,6.61],[9.36,6.598],[9.38,6.583],[9.393,6.559],[9.401,6.548],[9.422,6.525],[9.447,6.488],[9.458,6.476],[9.465,6.462],[9.467,6.456],[9.464,6.454],[9.463,6.445],[9.461,6.439],[9.46,6.435],[9.458,6.433],[9.46,6.428],[9.46,6.426],[9.458,6.426],[9.459,6.423],[9.456,6.422],[9.458,6.418],[9.457,6.41],[9.452,6.398],[9.451,6.386],[9.445,6.382],[9.444,6.376],[9.446,6.374],[9.443,6.366],[9.444,6.356],[9.441,6.354],[9.442,6.349],[9.434,6.329],[9.433,6.321],[9.431,6.317],[9.416,6.322],[9.409,6.327],[9.393,6.334],[9.387,6.338],[9.364,6.346],[9.352,6.353],[9.348,6.354],[9.343,6.351],[9.342,6.339],[9.344,6.337],[9.344,6.329],[9.335,6.322],[9.334,6.32],[9.337,6.315],[9.336,6.303],[9.334,6.293],[9.331,6.293],[9.33,6.287],[9.327,6.287],[9.323,6.29],[9.32,6.288],[9.321,6.285],[9.324,6.281],[9.322,6.275],[9.308,6.263],[9.266,6.184],[9.212,6.167],[9.168,6.131],[9.153,6.091],[9.133,6.072],[9.107,6.05],[9.054,5.999],[8.945,5.911],[8.937,5.911],[8.925,5.904],[8.914,5.904],[8.912,5.902],[8.911,5.899],[8.914,5.892],[8.903,5.873],[8.903,5.863],[8.883,5.861],[8.879,5.856],[8.859,5.845],[8.857,5.841],[8.859,5.835],[8.856,5.831],[8.843,5.829],[8.84,5.826],[8.84,5.823],[8.846,5.813],[8.849,5.803],[8.846,5.795],[8.847,5.792],[8.86,5.8],[8.864,5.796],[8.869,5.796],[8.872,5.802],[8.874,5.797],[8.883,5.793],[8.881,5.783],[8.883,5.777],[8.882,5.771],[8.874,5.77],[8.873,5.768],[8.873,5.763],[8.868,5.759],[8.87,5.754],[8.869,5.751],[8.87,5.748],[8.875,5.749],[8.875,5.747],[8.874,5.744],[8.87,5.741],[8.868,5.735],[8.864,5.735],[8.862,5.733],[8.86,5.721],[8.854,5.72],[8.853,5.714],[8.854,5.709],[8.847,5.705],[8.842,5.699],[8.842,5.702],[8.839,5.703],[8.836,5.707],[8.834,5.708],[8.832,5.706],[8.833,5.696],[8.836,5.693],[8.835,5.689],[8.838,5.687],[8.837,5.68],[8.839,5.676],[8.841,5.677],[8.854,5.668],[8.859,5.659],[8.865,5.657],[8.87,5.649],[8.87,5.646],[8.878,5.644],[8.882,5.641],[8.885,5.638],[8.886,5.634],[8.89,5.627],[8.899,5.624],[8.904,5.617],[8.91,5.601],[8.91,5.597],[8.915,5.582],[8.92,5.575],[8.92,5.565],[8.913,5.562],[8.911,5.559],[8.906,5.543],[8.892,5.518],[8.887,5.514],[8.875,5.497],[8.872,5.497],[8.867,5.489],[8.866,5.486],[8.868,5.481],[8.865,5.473],[8.853,5.463],[8.85,5.464],[8.848,5.463],[8.841,5.455],[8.84,5.448],[8.831,5.43],[8.835,5.416],[8.837,5.396],[8.84,5.388],[8.834,5.329],[8.829,5.321],[8.815,5.284],[8.817,5.261],[8.813,5.22],[8.819,5.186],[8.816,5.184],[8.811,5.174],[8.808,5.164],[8.8,5.156],[8.8,5.148],[8.794,5.138],[8.794,5.135],[8.789,5.124],[8.783,5.121],[8.783,5.116],[8.782,5.113],[8.775,5.109],[8.748,5.101],[8.743,5.097],[8.742,5.088],[8.741,5.086],[8.738,5.085],[8.725,5.075],[8.723,5.064],[8.719,5.059],[8.717,5.053],[8.721,5.042],[8.717,5.039],[8.716,5.032],[8.71,5.032],[8.704,5.02],[8.694,5.014],[8.692,5.005],[8.683,5.002],[8.681,4.998],[8.682,4.995],[8.694,4.991],[8.694,4.988],[8.693,4.986],[8.68,4.981],[8.678,4.973],[8.666,4.965],[8.665,4.963],[8.666,4.952],[8.663,4.948],[8.652,4.945],[8.651,4.943],[8.649,4.935],[8.653,4.923],[8.652,4.915],[8.647,4.909],[8.641,4.907],[8.628,4.907],[8.622,4.905],[8.608,4.885],[8.603,4.872],[8.603,4.868],[8.608,4.859],[8.626,4.844],[8.63,4.827],[8.629,4.82],[8.627,4.817],[8.616,4.813],[8.6,4.802],[8.593,4.8],[8.584,4.799],[8.572,4.8],[8.563,4.797],[8.558,4.796],[8.548,4.801],[8.545,4.8],[8.539,4.792],[8.529,4.77],[8.525,4.746],[8.526,4.735],[8.522,4.734],[8.531,4.719],[8.532,4.71],[8.517,4.704],[8.504,4.708],[8.508,4.705],[8.509,4.694],[8.499,4.694],[8.493,4.693],[8.49,4.69],[8.482,4.691],[8.48,4.689],[8.472,4.696],[8.456,4.699],[8.456,4.7],[8.457,4.708],[8.461,4.713],[8.462,4.722],[8.465,4.727],[8.482,4.729],[8.479,4.734],[8.47,4.74],[8.461,4.755],[8.459,4.755],[8.458,4.747],[8.448,4.736],[8.445,4.735],[8.442,4.737],[8.438,4.736],[8.436,4.732],[8.43,4.728],[8.424,4.727],[8.416,4.728],[8.412,4.73],[8.408,4.735],[8.403,4.733],[8.396,4.735],[8.386,4.747],[8.386,4.754],[8.398,4.765],[8.413,4.767],[8.413,4.768],[8.402,4.768],[8.397,4.775],[8.4,4.781],[8.396,4.783],[8.375,4.776],[8.366,4.779],[8.36,4.787],[8.355,4.785],[8.318,4.751],[8.314,4.76],[8.308,4.767],[8.287,4.783],[8.276,4.788],[8.249,4.813],[8.188,4.883]]]]}},{"type":"Feature","properties":{"NAME_1":"Delta"},"geometry":{"type":"MultiPolygon","coordinates":[[[[5.49,5.603],[5.505,5.591],[5.501,5.582],[5.505,5.574],[5.502,5.572],[5.497,5.572],[5.492,5.565],[5.489,5.551],[5.492,5.542],[5.481,5.542],[5.479,5.54],[5.478,5.535],[5.479,5.534],[5.48,5.532],[5.475,5.53],[5.474,5.529],[5.47,5.528],[5.47,5.52],[5.472,5.515],[5.468,5.516],[5.466,5.514],[5.466,5.51],[5.469,5.509],[5.47,5.506],[5.463,5.496],[5.458,5.482],[5.455,5.479],[5.447,5.48],[5.442,5.479],[5.441,5.475],[5.442,5.466],[5.441,5.465],[5.431,5.466],[5.43,5.47],[5.422,5.478],[5.425,5.486],[5.435,5.489],[5.44,5.492],[5.44,5.498],[5.437,5.503],[5.437,5.506],[5.442,5.503],[5.443,5.499],[5.444,5.499],[5.441,5.505],[5.435,5.51],[5.436,5.52],[5.431,5.525],[5.432,5.527],[5.435,5.525],[5.439,5.526],[5.442,5.538],[5.446,5.54],[5.449,5.54],[5.451,5.539],[5.458,5.537],[5.459,5.537],[5.446,5.542],[5.441,5.538],[5.436,5.526],[5.432,5.531],[5.438,5.534],[5.438,5.54],[5.434,5.543],[5.435,5.545],[5.433,5.545],[5.433,5.541],[5.436,5.54],[5.436,5.534],[5.432,5.532],[5.43,5.528],[5.43,5.522],[5.435,5.519],[5.431,5.508],[5.437,5.5],[5.439,5.495],[5.435,5.491],[5.426,5.49],[5.42,5.483],[5.42,5.476],[5.429,5.466],[5.426,5.456],[5.429,5.45],[5.425,5.445],[5.416,5.44],[5.413,5.444],[5.411,5.458],[5.4,5.476],[5.405,5.48],[5.401,5.487],[5.403,5.49],[5.417,5.492],[5.418,5.493],[5.418,5.498],[5.412,5.507],[5.412,5.515],[5.417,5.523],[5.413,5.521],[5.41,5.515],[5.401,5.516],[5.405,5.524],[5.405,5.529],[5.402,5.536],[5.404,5.54],[5.402,5.55],[5.409,5.557],[5.41,5.562],[5.413,5.566],[5.412,5.569],[5.415,5.575],[5.424,5.583],[5.432,5.583],[5.436,5.585],[5.437,5.582],[5.439,5.581],[5.45,5.579],[5.452,5.58],[5.455,5.587],[5.458,5.583],[5.463,5.584],[5.466,5.591],[5.472,5.588],[5.475,5.588],[5.476,5.589],[5.481,5.588],[5.48,5.584],[5.485,5.587],[5.491,5.584],[5.495,5.59],[5.488,5.598],[5.488,5.604],[5.49,5.603]],[[5.478,5.535],[5.478,5.535],[5.478,5.535],[5.478,5.535]],[[5.478,5.535],[5.473,5.538],[5.47,5.537],[5.469,5.536],[5.467,5.537],[5.466,5.548],[5.462,5.547],[5.46,5.545],[5.463,5.538],[5.46,5.536],[5.463,5.537],[5.463,5.54],[5.461,5.545],[5.465,5.548],[5.466,5.547],[5.465,5.542],[5.467,5.536],[5.469,5.535],[5.473,5.537],[5.478,5.535]]],[[[5.635,5.632],[5.641,5.628],[5.641,5.626],[5.635,5.62],[5.635,5.618],[5.628,5.613],[5.627,5.62],[5.628,5.624],[5.631,5.632],[5.635,5.632]]],[[[5.249,5.708],[5.25,5.709],[5.246,5.707],[5.244,5.71],[5.239,5.709],[5.244,5.709],[5.244,5.705],[5.239,5.702],[5.237,5.693],[5.232,5.692],[5.227,5.697],[5.226,5.704],[5.217,5.711],[5.206,5.718],[5.195,5.719],[5.177,5.727],[5.176,5.731],[5.18,5.741],[5.179,5.747],[5.175,5.751],[5.176,5.755],[5.173,5.757],[5.176,5.762],[5.176,5.768],[5.173,5.773],[5.178,5.775],[5.182,5.769],[5.186,5.769],[5.189,5.772],[5.193,5.774],[5.189,5.774],[5.185,5.77],[5.183,5.77],[5.178,5.776],[5.173,5.775],[5.172,5.771],[5.175,5.765],[5.171,5.757],[5.175,5.752],[5.158,5.753],[5.161,5.763],[5.16,5.769],[5.152,5.787],[5.146,5.804],[5.145,5.813],[5.155,5.821],[5.17,5.828],[5.176,5.834],[5.178,5.838],[5.186,5.843],[5.197,5.854],[5.218,5.859],[5.222,5.863],[5.227,5.865],[5.231,5.869],[5.233,5.869],[5.246,5.861],[5.249,5.831],[5.247,5.827],[5.231,5.823],[5.224,5.818],[5.219,5.811],[5.218,5.805],[5.221,5.799],[5.23,5.793],[5.229,5.789],[5.227,5.787],[5.23,5.788],[5.231,5.794],[5.234,5.794],[5.231,5.785],[5.233,5.781],[5.25,5.78],[5.254,5.775],[5.252,5.784],[5.25,5.782],[5.233,5.782],[5.233,5.785],[5.237,5.788],[5.244,5.8],[5.246,5.815],[5.244,5.812],[5.243,5.8],[5.238,5.793],[5.232,5.8],[5.221,5.803],[5.219,5.805],[5.22,5.809],[5.229,5.819],[5.243,5.822],[5.25,5.827],[5.252,5.832],[5.251,5.85],[5.25,5.857],[5.247,5.865],[5.249,5.87],[5.256,5.874],[5.261,5.88],[5.263,5.887],[5.264,5.887],[5.264,5.891],[5.269,5.892],[5.276,5.899],[5.285,5.904],[5.293,5.905],[5.29,5.891],[5.295,5.881],[5.298,5.88],[5.3,5.88],[5.306,5.886],[5.313,5.88],[5.313,5.878],[5.307,5.873],[5.309,5.866],[5.306,5.86],[5.307,5.857],[5.319,5.849],[5.334,5.845],[5.334,5.843],[5.331,5.84],[5.333,5.829],[5.333,5.824],[5.322,5.819],[5.323,5.813],[5.33,5.809],[5.35,5.811],[5.353,5.807],[5.337,5.796],[5.331,5.789],[5.331,5.784],[5.333,5.777],[5.333,5.772],[5.331,5.768],[5.331,5.76],[5.339,5.746],[5.339,5.743],[5.323,5.731],[5.319,5.725],[5.319,5.713],[5.314,5.708],[5.306,5.706],[5.304,5.699],[5.299,5.699],[5.299,5.707],[5.295,5.71],[5.298,5.707],[5.298,5.699],[5.3,5.697],[5.305,5.699],[5.307,5.706],[5.314,5.707],[5.318,5.712],[5.32,5.71],[5.321,5.705],[5.303,5.67],[5.296,5.65],[5.293,5.636],[5.293,5.623],[5.291,5.619],[5.254,5.626],[5.243,5.625],[5.229,5.623],[5.215,5.616],[5.21,5.619],[5.212,5.616],[5.21,5.613],[5.199,5.609],[5.195,5.605],[5.18,5.615],[5.181,5.617],[5.178,5.616],[5.175,5.618],[5.194,5.603],[5.182,5.594],[5.179,5.594],[5.17,5.598],[5.142,5.624],[5.122,5.65],[5.118,5.656],[5.117,5.662],[5.111,5.667],[5.109,5.672],[5.1,5.692],[5.082,5.719],[5.08,5.729],[5.08,5.739],[5.078,5.744],[5.081,5.748],[5.083,5.754],[5.091,5.795],[5.092,5.796],[5.095,5.796],[5.095,5.8],[5.105,5.808],[5.124,5.808],[5.14,5.801],[5.142,5.797],[5.148,5.782],[5.156,5.769],[5.154,5.754],[5.157,5.749],[5.161,5.747],[5.167,5.747],[5.173,5.749],[5.177,5.748],[5.175,5.731],[5.179,5.723],[5.186,5.72],[5.194,5.718],[5.195,5.716],[5.195,5.711],[5.196,5.715],[5.199,5.716],[5.204,5.716],[5.207,5.715],[5.223,5.705],[5.227,5.695],[5.232,5.691],[5.237,5.691],[5.24,5.695],[5.24,5.7],[5.242,5.703],[5.249,5.708]]],[[[5.68,5.539],[5.679,5.535],[5.673,5.537],[5.673,5.538],[5.676,5.54],[5.68,5.539]]],[[[5.591,5.52],[5.584,5.515],[5.581,5.515],[5.59,5.522],[5.591,5.522],[5.591,5.52]]],[[[5.612,5.537],[5.613,5.534],[5.613,5.529],[5.606,5.52],[5.605,5.524],[5.606,5.536],[5.608,5.538],[5.612,5.537]]],[[[5.42,5.638],[5.423,5.637],[5.438,5.636],[5.441,5.633],[5.462,5.635],[5.475,5.627],[5.481,5.623],[5.485,5.613],[5.487,5.607],[5.486,5.601],[5.483,5.599],[5.48,5.599],[5.481,5.595],[5.477,5.592],[5.475,5.589],[5.471,5.589],[5.467,5.592],[5.465,5.592],[5.463,5.585],[5.461,5.583],[5.458,5.584],[5.457,5.588],[5.454,5.589],[5.454,5.587],[5.449,5.58],[5.44,5.582],[5.441,5.588],[5.436,5.588],[5.434,5.586],[5.43,5.585],[5.423,5.585],[5.414,5.577],[5.405,5.557],[5.399,5.553],[5.399,5.535],[5.392,5.535],[5.39,5.542],[5.387,5.542],[5.384,5.54],[5.381,5.546],[5.382,5.549],[5.388,5.549],[5.39,5.555],[5.395,5.555],[5.395,5.561],[5.394,5.565],[5.398,5.564],[5.4,5.566],[5.394,5.566],[5.392,5.565],[5.394,5.555],[5.389,5.556],[5.387,5.55],[5.381,5.551],[5.379,5.548],[5.381,5.54],[5.385,5.539],[5.389,5.54],[5.389,5.534],[5.38,5.533],[5.362,5.546],[5.357,5.553],[5.358,5.562],[5.361,5.565],[5.377,5.573],[5.382,5.58],[5.392,5.589],[5.398,5.596],[5.404,5.609],[5.405,5.62],[5.402,5.633],[5.402,5.637],[5.407,5.639],[5.42,5.638]]],[[[5.526,5.619],[5.538,5.615],[5.538,5.605],[5.54,5.603],[5.533,5.604],[5.526,5.599],[5.513,5.597],[5.509,5.592],[5.503,5.597],[5.496,5.6],[5.49,5.606],[5.486,5.619],[5.487,5.619],[5.49,5.616],[5.496,5.614],[5.505,5.613],[5.511,5.614],[5.523,5.62],[5.526,5.619]]],[[[5.461,5.744],[5.465,5.739],[5.473,5.72],[5.484,5.704],[5.489,5.703],[5.496,5.703],[5.51,5.705],[5.517,5.709],[5.516,5.707],[5.518,5.705],[5.516,5.703],[5.52,5.699],[5.523,5.7],[5.523,5.697],[5.519,5.695],[5.518,5.689],[5.512,5.679],[5.511,5.66],[5.51,5.656],[5.498,5.664],[5.48,5.662],[5.468,5.665],[5.467,5.67],[5.469,5.676],[5.476,5.677],[5.476,5.681],[5.466,5.686],[5.457,5.687],[5.45,5.679],[5.439,5.674],[5.433,5.669],[5.431,5.665],[5.432,5.653],[5.408,5.65],[5.408,5.654],[5.411,5.656],[5.407,5.654],[5.407,5.65],[5.406,5.65],[5.398,5.64],[5.392,5.622],[5.382,5.609],[5.381,5.603],[5.378,5.603],[5.376,5.601],[5.368,5.598],[5.355,5.598],[5.336,5.606],[5.324,5.609],[5.322,5.614],[5.317,5.619],[5.312,5.628],[5.308,5.643],[5.309,5.649],[5.326,5.68],[5.328,5.689],[5.327,5.705],[5.33,5.711],[5.338,5.71],[5.355,5.693],[5.359,5.692],[5.372,5.693],[5.382,5.697],[5.406,5.701],[5.42,5.708],[5.431,5.718],[5.444,5.734],[5.454,5.744],[5.459,5.745],[5.461,5.744]]],[[[5.392,5.303],[5.389,5.301],[5.388,5.301],[5.39,5.305],[5.392,5.305],[5.392,5.303]]],[[[5.326,5.364],[5.331,5.36],[5.338,5.359],[5.346,5.363],[5.349,5.362],[5.35,5.359],[5.354,5.36],[5.352,5.351],[5.354,5.349],[5.357,5.35],[5.355,5.353],[5.355,5.357],[5.367,5.356],[5.366,5.351],[5.368,5.35],[5.369,5.355],[5.374,5.355],[5.386,5.36],[5.404,5.361],[5.412,5.364],[5.427,5.363],[5.428,5.354],[5.426,5.35],[5.422,5.346],[5.421,5.337],[5.42,5.337],[5.417,5.341],[5.412,5.342],[5.413,5.333],[5.407,5.329],[5.402,5.32],[5.395,5.318],[5.393,5.309],[5.386,5.303],[5.382,5.301],[5.379,5.296],[5.38,5.295],[5.385,5.3],[5.387,5.3],[5.385,5.296],[5.387,5.296],[5.393,5.302],[5.397,5.318],[5.404,5.32],[5.409,5.328],[5.415,5.331],[5.414,5.341],[5.421,5.334],[5.423,5.335],[5.424,5.341],[5.427,5.34],[5.429,5.336],[5.428,5.34],[5.424,5.343],[5.43,5.35],[5.432,5.362],[5.436,5.365],[5.441,5.363],[5.45,5.354],[5.456,5.333],[5.46,5.329],[5.469,5.328],[5.471,5.324],[5.47,5.318],[5.458,5.312],[5.451,5.301],[5.456,5.305],[5.46,5.301],[5.469,5.299],[5.472,5.301],[5.476,5.314],[5.479,5.314],[5.48,5.312],[5.481,5.302],[5.486,5.299],[5.49,5.3],[5.494,5.294],[5.5,5.291],[5.5,5.289],[5.492,5.283],[5.491,5.279],[5.487,5.278],[5.486,5.275],[5.487,5.271],[5.49,5.268],[5.492,5.257],[5.479,5.253],[5.47,5.241],[5.462,5.242],[5.457,5.239],[5.455,5.23],[5.458,5.224],[5.455,5.219],[5.449,5.2],[5.441,5.199],[5.434,5.202],[5.426,5.197],[5.415,5.201],[5.41,5.204],[5.413,5.218],[5.41,5.22],[5.404,5.22],[5.403,5.223],[5.408,5.23],[5.408,5.234],[5.405,5.238],[5.408,5.242],[5.408,5.251],[5.404,5.256],[5.407,5.249],[5.406,5.241],[5.404,5.237],[5.407,5.23],[5.402,5.223],[5.403,5.22],[5.412,5.218],[5.409,5.21],[5.41,5.203],[5.416,5.199],[5.42,5.199],[5.426,5.195],[5.43,5.196],[5.434,5.201],[5.441,5.197],[5.446,5.196],[5.447,5.194],[5.445,5.185],[5.447,5.178],[5.462,5.164],[5.463,5.16],[5.462,5.156],[5.452,5.152],[5.423,5.154],[5.398,5.143],[5.386,5.139],[5.375,5.145],[5.36,5.17],[5.352,5.176],[5.352,5.178],[5.354,5.182],[5.355,5.179],[5.356,5.179],[5.358,5.194],[5.354,5.207],[5.356,5.207],[5.356,5.208],[5.354,5.211],[5.351,5.22],[5.35,5.239],[5.346,5.257],[5.338,5.283],[5.333,5.294],[5.333,5.3],[5.33,5.3],[5.331,5.307],[5.325,5.326],[5.326,5.34],[5.322,5.356],[5.323,5.365],[5.325,5.366],[5.326,5.364]]],[[[5.506,5.359],[5.499,5.357],[5.496,5.358],[5.503,5.36],[5.506,5.359]]],[[[5.506,5.377],[5.511,5.372],[5.512,5.363],[5.499,5.364],[5.479,5.361],[5.475,5.366],[5.469,5.364],[5.462,5.365],[5.465,5.369],[5.476,5.371],[5.482,5.378],[5.506,5.377]]],[[[5.695,5.413],[5.701,5.409],[5.701,5.407],[5.697,5.403],[5.697,5.401],[5.702,5.394],[5.71,5.391],[5.714,5.387],[5.718,5.386],[5.716,5.379],[5.713,5.372],[5.707,5.37],[5.699,5.358],[5.693,5.355],[5.684,5.354],[5.676,5.351],[5.671,5.341],[5.667,5.341],[5.663,5.344],[5.653,5.348],[5.65,5.35],[5.647,5.354],[5.646,5.363],[5.642,5.365],[5.638,5.365],[5.623,5.35],[5.616,5.338],[5.608,5.335],[5.604,5.338],[5.595,5.351],[5.591,5.361],[5.588,5.362],[5.58,5.375],[5.58,5.381],[5.594,5.377],[5.613,5.38],[5.628,5.396],[5.637,5.401],[5.637,5.399],[5.635,5.395],[5.636,5.393],[5.646,5.414],[5.654,5.425],[5.658,5.428],[5.664,5.428],[5.671,5.422],[5.682,5.422],[5.689,5.42],[5.695,5.413]]],[[[5.567,5.386],[5.573,5.385],[5.575,5.378],[5.563,5.383],[5.561,5.387],[5.567,5.386]]],[[[5.606,5.379],[5.595,5.378],[5.59,5.38],[5.598,5.383],[5.608,5.384],[5.617,5.388],[5.618,5.387],[5.614,5.381],[5.606,5.379]]],[[[5.541,5.388],[5.537,5.373],[5.534,5.37],[5.534,5.367],[5.529,5.364],[5.527,5.366],[5.533,5.37],[5.534,5.372],[5.526,5.367],[5.519,5.366],[5.516,5.367],[5.508,5.378],[5.495,5.38],[5.495,5.382],[5.499,5.383],[5.511,5.381],[5.521,5.385],[5.529,5.385],[5.534,5.389],[5.539,5.389],[5.541,5.388]]],[[[5.641,5.407],[5.639,5.402],[5.636,5.402],[5.638,5.406],[5.641,5.409],[5.641,5.407]]],[[[5.509,5.397],[5.508,5.396],[5.507,5.398],[5.51,5.398],[5.509,5.397]]],[[[5.511,5.386],[5.515,5.385],[5.513,5.383],[5.509,5.382],[5.504,5.385],[5.509,5.388],[5.511,5.386]]],[[[5.514,5.395],[5.517,5.394],[5.521,5.395],[5.529,5.395],[5.534,5.391],[5.527,5.386],[5.523,5.387],[5.516,5.386],[5.514,5.387],[5.518,5.387],[5.52,5.39],[5.515,5.388],[5.509,5.389],[5.51,5.391],[5.506,5.388],[5.5,5.39],[5.501,5.392],[5.503,5.394],[5.507,5.393],[5.51,5.396],[5.513,5.397],[5.514,5.395]]],[[[5.521,5.403],[5.525,5.402],[5.525,5.4],[5.524,5.399],[5.527,5.397],[5.516,5.396],[5.515,5.399],[5.52,5.4],[5.52,5.404],[5.521,5.403]]],[[[5.657,5.434],[5.649,5.419],[5.631,5.4],[5.612,5.387],[5.6,5.384],[5.599,5.394],[5.581,5.419],[5.583,5.423],[5.589,5.425],[5.609,5.421],[5.616,5.423],[5.619,5.426],[5.62,5.426],[5.62,5.427],[5.612,5.423],[5.599,5.426],[5.587,5.426],[5.582,5.423],[5.58,5.42],[5.582,5.414],[5.598,5.393],[5.598,5.387],[5.597,5.385],[5.59,5.381],[5.58,5.383],[5.567,5.39],[5.545,5.392],[5.537,5.399],[5.531,5.4],[5.527,5.405],[5.523,5.413],[5.533,5.414],[5.535,5.411],[5.54,5.412],[5.545,5.426],[5.555,5.425],[5.556,5.431],[5.558,5.428],[5.56,5.428],[5.561,5.431],[5.566,5.432],[5.565,5.428],[5.572,5.427],[5.574,5.423],[5.577,5.425],[5.574,5.424],[5.573,5.427],[5.57,5.428],[5.566,5.428],[5.566,5.433],[5.561,5.432],[5.56,5.429],[5.557,5.432],[5.554,5.432],[5.554,5.434],[5.558,5.434],[5.559,5.435],[5.558,5.439],[5.561,5.437],[5.563,5.439],[5.56,5.444],[5.559,5.444],[5.559,5.442],[5.561,5.44],[5.557,5.439],[5.558,5.434],[5.553,5.435],[5.554,5.427],[5.545,5.428],[5.537,5.415],[5.534,5.417],[5.526,5.416],[5.523,5.423],[5.516,5.425],[5.513,5.43],[5.512,5.437],[5.513,5.439],[5.511,5.44],[5.509,5.452],[5.518,5.5],[5.523,5.504],[5.53,5.506],[5.539,5.506],[5.541,5.505],[5.545,5.502],[5.555,5.49],[5.549,5.48],[5.55,5.475],[5.553,5.472],[5.567,5.471],[5.57,5.48],[5.575,5.483],[5.587,5.484],[5.592,5.491],[5.594,5.49],[5.597,5.481],[5.602,5.477],[5.604,5.477],[5.608,5.481],[5.612,5.482],[5.617,5.491],[5.622,5.494],[5.625,5.493],[5.625,5.484],[5.626,5.483],[5.629,5.484],[5.631,5.486],[5.636,5.487],[5.638,5.483],[5.642,5.482],[5.644,5.485],[5.641,5.487],[5.645,5.487],[5.646,5.481],[5.648,5.478],[5.648,5.473],[5.65,5.47],[5.649,5.467],[5.649,5.465],[5.651,5.462],[5.651,5.459],[5.649,5.458],[5.649,5.455],[5.657,5.452],[5.663,5.457],[5.665,5.449],[5.657,5.434],[5.657,5.434],[5.657,5.434]]],[[[5.657,5.434],[5.668,5.452],[5.677,5.455],[5.692,5.457],[5.698,5.46],[5.7,5.458],[5.699,5.461],[5.705,5.464],[5.709,5.471],[5.71,5.476],[5.708,5.477],[5.708,5.48],[5.712,5.494],[5.724,5.507],[5.727,5.507],[5.729,5.513],[5.725,5.513],[5.725,5.518],[5.724,5.518],[5.724,5.515],[5.722,5.512],[5.716,5.513],[5.705,5.531],[5.702,5.534],[5.704,5.539],[5.702,5.535],[5.69,5.536],[5.684,5.534],[5.679,5.542],[5.675,5.542],[5.671,5.54],[5.662,5.544],[5.661,5.549],[5.657,5.556],[5.66,5.566],[5.656,5.569],[5.646,5.567],[5.638,5.572],[5.636,5.58],[5.64,5.583],[5.637,5.587],[5.64,5.598],[5.638,5.599],[5.634,5.597],[5.631,5.601],[5.637,5.605],[5.637,5.607],[5.635,5.61],[5.635,5.61],[5.635,5.61],[5.63,5.614],[5.635,5.617],[5.635,5.619],[5.639,5.615],[5.645,5.615],[5.649,5.617],[5.655,5.627],[5.663,5.636],[5.663,5.643],[5.66,5.647],[5.662,5.649],[5.668,5.648],[5.672,5.656],[5.677,5.655],[5.684,5.656],[5.672,5.657],[5.668,5.649],[5.661,5.649],[5.659,5.645],[5.662,5.637],[5.644,5.616],[5.638,5.617],[5.638,5.621],[5.641,5.623],[5.642,5.627],[5.64,5.631],[5.635,5.634],[5.63,5.634],[5.626,5.627],[5.625,5.613],[5.622,5.614],[5.617,5.624],[5.61,5.625],[5.609,5.623],[5.607,5.612],[5.604,5.606],[5.602,5.595],[5.599,5.591],[5.596,5.595],[5.596,5.603],[5.595,5.605],[5.587,5.607],[5.58,5.606],[5.578,5.6],[5.579,5.584],[5.578,5.582],[5.576,5.582],[5.567,5.591],[5.566,5.595],[5.567,5.6],[5.565,5.603],[5.556,5.607],[5.54,5.607],[5.542,5.617],[5.544,5.623],[5.538,5.638],[5.539,5.639],[5.541,5.639],[5.546,5.631],[5.551,5.63],[5.558,5.633],[5.571,5.644],[5.578,5.639],[5.575,5.642],[5.575,5.644],[5.581,5.646],[5.582,5.649],[5.584,5.661],[5.587,5.667],[5.592,5.672],[5.596,5.671],[5.606,5.665],[5.608,5.665],[5.609,5.668],[5.613,5.668],[5.613,5.674],[5.619,5.673],[5.628,5.677],[5.631,5.677],[5.633,5.673],[5.639,5.674],[5.644,5.671],[5.64,5.675],[5.634,5.674],[5.631,5.678],[5.628,5.678],[5.618,5.674],[5.613,5.675],[5.611,5.673],[5.612,5.67],[5.608,5.67],[5.605,5.666],[5.59,5.679],[5.591,5.687],[5.59,5.691],[5.591,5.702],[5.598,5.704],[5.603,5.709],[5.603,5.713],[5.598,5.705],[5.593,5.704],[5.59,5.701],[5.588,5.683],[5.59,5.675],[5.585,5.67],[5.584,5.665],[5.58,5.661],[5.58,5.65],[5.569,5.646],[5.563,5.643],[5.557,5.636],[5.552,5.635],[5.549,5.635],[5.548,5.639],[5.543,5.642],[5.537,5.642],[5.535,5.64],[5.535,5.633],[5.538,5.627],[5.538,5.623],[5.525,5.626],[5.51,5.621],[5.502,5.621],[5.49,5.626],[5.485,5.63],[5.484,5.635],[5.481,5.638],[5.481,5.64],[5.483,5.641],[5.492,5.64],[5.491,5.649],[5.497,5.646],[5.493,5.651],[5.491,5.651],[5.49,5.649],[5.491,5.64],[5.484,5.641],[5.479,5.639],[5.48,5.637],[5.484,5.633],[5.484,5.631],[5.469,5.639],[5.455,5.643],[5.45,5.646],[5.445,5.652],[5.435,5.657],[5.433,5.662],[5.435,5.668],[5.452,5.676],[5.456,5.683],[5.458,5.685],[5.471,5.683],[5.475,5.68],[5.475,5.679],[5.468,5.678],[5.466,5.676],[5.466,5.666],[5.467,5.665],[5.479,5.661],[5.499,5.662],[5.507,5.654],[5.511,5.654],[5.513,5.657],[5.514,5.678],[5.521,5.694],[5.523,5.693],[5.525,5.688],[5.533,5.683],[5.545,5.684],[5.554,5.682],[5.556,5.684],[5.553,5.689],[5.545,5.696],[5.545,5.698],[5.555,5.713],[5.562,5.713],[5.563,5.716],[5.559,5.721],[5.554,5.724],[5.56,5.718],[5.561,5.714],[5.555,5.714],[5.544,5.699],[5.544,5.696],[5.555,5.686],[5.555,5.683],[5.552,5.683],[5.545,5.685],[5.532,5.684],[5.524,5.69],[5.524,5.7],[5.521,5.701],[5.52,5.7],[5.517,5.704],[5.519,5.705],[5.517,5.707],[5.519,5.709],[5.516,5.71],[5.516,5.723],[5.502,5.739],[5.498,5.746],[5.498,5.751],[5.506,5.766],[5.51,5.765],[5.514,5.759],[5.52,5.755],[5.529,5.753],[5.538,5.755],[5.538,5.762],[5.533,5.771],[5.508,5.782],[5.518,5.792],[5.517,5.806],[5.519,5.812],[5.523,5.815],[5.527,5.814],[5.527,5.811],[5.523,5.803],[5.523,5.798],[5.526,5.794],[5.539,5.791],[5.548,5.782],[5.553,5.779],[5.56,5.779],[5.566,5.776],[5.56,5.78],[5.551,5.781],[5.543,5.792],[5.528,5.795],[5.525,5.797],[5.524,5.803],[5.53,5.816],[5.522,5.816],[5.519,5.814],[5.515,5.804],[5.516,5.791],[5.508,5.786],[5.506,5.782],[5.508,5.78],[5.518,5.774],[5.532,5.769],[5.537,5.761],[5.536,5.757],[5.531,5.755],[5.519,5.758],[5.514,5.762],[5.511,5.767],[5.507,5.768],[5.504,5.767],[5.496,5.752],[5.496,5.747],[5.498,5.741],[5.515,5.72],[5.515,5.716],[5.511,5.708],[5.489,5.706],[5.484,5.708],[5.472,5.737],[5.461,5.748],[5.458,5.75],[5.454,5.755],[5.457,5.749],[5.443,5.743],[5.416,5.712],[5.408,5.706],[5.376,5.702],[5.36,5.695],[5.355,5.698],[5.348,5.709],[5.342,5.713],[5.327,5.715],[5.322,5.72],[5.323,5.724],[5.337,5.735],[5.343,5.743],[5.342,5.748],[5.334,5.76],[5.337,5.775],[5.333,5.784],[5.333,5.788],[5.352,5.803],[5.357,5.803],[5.362,5.801],[5.367,5.802],[5.368,5.811],[5.375,5.815],[5.381,5.823],[5.399,5.823],[5.409,5.819],[5.412,5.82],[5.416,5.829],[5.425,5.823],[5.432,5.826],[5.439,5.822],[5.445,5.822],[5.454,5.825],[5.46,5.815],[5.463,5.806],[5.468,5.806],[5.471,5.807],[5.471,5.809],[5.469,5.81],[5.468,5.807],[5.464,5.807],[5.462,5.815],[5.455,5.826],[5.451,5.826],[5.442,5.823],[5.434,5.827],[5.425,5.824],[5.417,5.833],[5.412,5.829],[5.41,5.822],[5.409,5.82],[5.398,5.825],[5.386,5.825],[5.38,5.824],[5.374,5.817],[5.368,5.814],[5.364,5.803],[5.355,5.806],[5.352,5.812],[5.35,5.813],[5.344,5.813],[5.334,5.81],[5.327,5.811],[5.323,5.815],[5.323,5.819],[5.333,5.823],[5.335,5.83],[5.333,5.84],[5.337,5.845],[5.324,5.85],[5.319,5.85],[5.314,5.855],[5.308,5.859],[5.307,5.861],[5.31,5.865],[5.308,5.872],[5.314,5.877],[5.314,5.881],[5.307,5.887],[5.303,5.886],[5.299,5.881],[5.297,5.881],[5.294,5.884],[5.292,5.894],[5.296,5.909],[5.29,5.917],[5.272,5.913],[5.267,5.909],[5.266,5.904],[5.255,5.899],[5.242,5.888],[5.239,5.886],[5.222,5.884],[5.218,5.879],[5.207,5.876],[5.165,5.855],[5.159,5.848],[5.146,5.839],[5.13,5.831],[5.109,5.824],[5.091,5.812],[5.076,5.796],[5.073,5.788],[5.072,5.776],[5.069,5.771],[5.063,5.769],[5.055,5.772],[5.044,5.784],[5.037,5.795],[5.032,5.811],[5.027,5.816],[5.02,5.832],[5.011,5.842],[5.011,5.845],[5.01,5.844],[5.01,5.847],[5.004,5.856],[5.115,6.127],[5.203,6.082],[5.215,6.066],[5.23,6.055],[5.233,6.045],[5.232,6.032],[5.221,5.984],[5.231,5.943],[5.232,5.903],[5.259,5.904],[5.303,5.94],[5.325,5.957],[5.333,5.974],[5.319,5.999],[5.32,6.016],[5.33,6.021],[5.346,6.026],[5.366,6.017],[5.394,6.014],[5.407,6.018],[5.446,6.025],[5.468,6.02],[5.505,5.988],[5.533,5.981],[5.543,5.996],[5.546,6.003],[5.563,6.02],[5.586,6.027],[5.598,6.033],[5.617,6.038],[5.629,6.045],[5.646,6.05],[5.654,6.047],[5.663,6.04],[5.672,6.028],[5.699,6.019],[5.723,6.008],[5.799,5.966],[5.813,5.949],[5.825,5.932],[5.831,5.92],[5.869,5.894],[5.894,5.882],[5.902,5.868],[5.895,5.848],[5.882,5.824],[5.874,5.816],[5.869,5.803],[5.895,5.777],[5.887,5.763],[5.883,5.748],[5.893,5.742],[5.918,5.739],[6.003,5.756],[6.032,5.765],[6.077,5.798],[6.097,5.829],[6.114,5.847],[6.135,5.864],[6.163,5.88],[6.172,5.892],[6.19,5.907],[6.192,5.913],[6.215,5.938],[6.211,5.937],[6.226,5.99],[6.224,6.005],[6.221,6.019],[6.206,6.027],[6.196,6.027],[6.185,6.032],[6.176,6.044],[6.167,6.051],[6.155,6.055],[6.123,6.094],[6.09,6.152],[6.088,6.174],[6.089,6.191],[6.087,6.21],[6.082,6.23],[6.058,6.243],[6.052,6.255],[6.051,6.271],[6.054,6.293],[6.064,6.318],[6.069,6.326],[6.083,6.343],[6.097,6.352],[6.106,6.353],[6.124,6.347],[6.141,6.34],[6.182,6.276],[6.193,6.277],[6.21,6.299],[6.224,6.313],[6.236,6.332],[6.243,6.339],[6.258,6.35],[6.346,6.389],[6.355,6.39],[6.377,6.4],[6.417,6.428],[6.447,6.44],[6.463,6.451],[6.483,6.468],[6.509,6.483],[6.527,6.49],[6.539,6.493],[6.569,6.496],[6.588,6.496],[6.622,6.487],[6.635,6.49],[6.646,6.497],[6.665,6.523],[6.673,6.488],[6.679,6.477],[6.68,6.465],[6.692,6.423],[6.694,6.409],[6.695,6.387],[6.7,6.368],[6.718,6.35],[6.717,6.328],[6.724,6.305],[6.726,6.283],[6.731,6.26],[6.735,6.246],[6.741,6.21],[6.747,6.191],[6.757,6.17],[6.761,6.149],[6.758,6.135],[6.75,6.11],[6.743,6.101],[6.74,6.09],[6.738,6.074],[6.738,6.041],[6.734,5.993],[6.722,5.978],[6.717,5.961],[6.707,5.946],[6.701,5.931],[6.693,5.919],[6.689,5.907],[6.687,5.892],[6.681,5.875],[6.673,5.856],[6.665,5.843],[6.667,5.83],[6.659,5.801],[6.641,5.771],[6.632,5.751],[6.628,5.737],[6.62,5.728],[6.614,5.726],[6.612,5.718],[6.611,5.719],[6.608,5.713],[6.623,5.67],[6.626,5.656],[6.624,5.642],[6.618,5.629],[6.613,5.604],[6.607,5.59],[6.598,5.576],[6.592,5.572],[6.578,5.56],[6.565,5.553],[6.559,5.543],[6.554,5.529],[6.551,5.505],[6.556,5.468],[6.555,5.454],[6.551,5.443],[6.543,5.44],[6.533,5.433],[6.522,5.431],[6.503,5.422],[6.494,5.414],[6.49,5.408],[6.492,5.403],[6.507,5.375],[6.51,5.366],[6.513,5.35],[6.493,5.336],[6.47,5.323],[6.444,5.312],[6.42,5.305],[6.411,5.301],[6.401,5.301],[6.394,5.303],[6.374,5.302],[6.355,5.308],[6.346,5.306],[6.331,5.3],[6.319,5.301],[6.31,5.3],[6.289,5.255],[6.285,5.241],[6.278,5.233],[6.27,5.23],[6.244,5.225],[6.237,5.226],[6.231,5.235],[6.223,5.237],[6.207,5.236],[6.202,5.221],[6.202,5.208],[6.206,5.199],[6.206,5.183],[6.19,5.173],[6.179,5.171],[6.175,5.169],[6.169,5.163],[6.16,5.158],[6.134,5.149],[6.126,5.149],[6.115,5.153],[6.102,5.155],[6.085,5.153],[6.082,5.151],[6.071,5.126],[6.056,5.115],[6.039,5.111],[6.028,5.111],[6.02,5.116],[6.004,5.117],[5.997,5.121],[5.995,5.13],[5.984,5.138],[5.981,5.148],[5.975,5.148],[5.963,5.16],[5.956,5.162],[5.947,5.169],[5.939,5.166],[5.935,5.161],[5.934,5.154],[5.923,5.136],[5.92,5.124],[5.911,5.111],[5.896,5.104],[5.888,5.103],[5.877,5.094],[5.865,5.087],[5.852,5.084],[5.844,5.086],[5.839,5.091],[5.824,5.093],[5.816,5.091],[5.796,5.076],[5.784,5.073],[5.772,5.072],[5.764,5.068],[5.755,5.061],[5.746,5.051],[5.733,5.048],[5.716,5.035],[5.695,5.025],[5.686,5.03],[5.68,5.031],[5.662,5.023],[5.642,5.024],[5.632,5.033],[5.626,5.042],[5.612,5.046],[5.592,5.059],[5.583,5.068],[5.571,5.071],[5.562,5.07],[5.551,5.076],[5.533,5.08],[5.526,5.086],[5.487,5.106],[5.476,5.115],[5.461,5.134],[5.453,5.14],[5.459,5.142],[5.461,5.144],[5.463,5.144],[5.465,5.145],[5.465,5.149],[5.469,5.157],[5.469,5.165],[5.472,5.168],[5.472,5.175],[5.473,5.176],[5.478,5.171],[5.48,5.172],[5.481,5.174],[5.48,5.181],[5.481,5.185],[5.484,5.184],[5.485,5.179],[5.491,5.183],[5.498,5.177],[5.491,5.184],[5.489,5.184],[5.486,5.181],[5.484,5.185],[5.481,5.185],[5.479,5.181],[5.48,5.175],[5.472,5.176],[5.471,5.175],[5.47,5.171],[5.467,5.17],[5.464,5.174],[5.453,5.179],[5.452,5.187],[5.461,5.223],[5.482,5.22],[5.491,5.221],[5.498,5.225],[5.503,5.24],[5.505,5.242],[5.507,5.24],[5.511,5.232],[5.516,5.232],[5.519,5.234],[5.521,5.23],[5.519,5.226],[5.521,5.226],[5.52,5.226],[5.521,5.23],[5.52,5.237],[5.514,5.24],[5.518,5.237],[5.517,5.235],[5.512,5.234],[5.51,5.241],[5.507,5.244],[5.502,5.242],[5.496,5.227],[5.492,5.224],[5.471,5.224],[5.468,5.226],[5.461,5.228],[5.459,5.229],[5.457,5.236],[5.461,5.239],[5.464,5.241],[5.471,5.24],[5.481,5.253],[5.49,5.254],[5.493,5.256],[5.494,5.261],[5.492,5.267],[5.487,5.274],[5.487,5.277],[5.502,5.279],[5.507,5.277],[5.511,5.271],[5.521,5.271],[5.525,5.276],[5.529,5.277],[5.53,5.284],[5.534,5.285],[5.534,5.295],[5.537,5.295],[5.539,5.293],[5.541,5.288],[5.545,5.288],[5.547,5.291],[5.548,5.296],[5.557,5.301],[5.557,5.295],[5.562,5.287],[5.561,5.279],[5.567,5.275],[5.576,5.274],[5.562,5.279],[5.561,5.282],[5.564,5.287],[5.559,5.296],[5.559,5.301],[5.556,5.303],[5.547,5.297],[5.545,5.29],[5.543,5.289],[5.537,5.296],[5.533,5.296],[5.532,5.287],[5.528,5.282],[5.527,5.278],[5.524,5.277],[5.519,5.272],[5.512,5.272],[5.504,5.28],[5.494,5.279],[5.493,5.283],[5.5,5.288],[5.5,5.291],[5.495,5.295],[5.495,5.298],[5.491,5.301],[5.486,5.3],[5.482,5.302],[5.481,5.314],[5.479,5.315],[5.474,5.314],[5.47,5.301],[5.468,5.3],[5.458,5.304],[5.458,5.309],[5.472,5.317],[5.473,5.327],[5.477,5.328],[5.484,5.325],[5.489,5.326],[5.495,5.337],[5.496,5.337],[5.496,5.334],[5.494,5.329],[5.493,5.325],[5.496,5.323],[5.501,5.323],[5.502,5.319],[5.507,5.318],[5.513,5.321],[5.52,5.321],[5.523,5.319],[5.522,5.313],[5.525,5.313],[5.524,5.32],[5.518,5.322],[5.505,5.32],[5.504,5.324],[5.501,5.326],[5.506,5.334],[5.506,5.34],[5.514,5.34],[5.514,5.341],[5.506,5.341],[5.504,5.333],[5.498,5.325],[5.495,5.326],[5.498,5.334],[5.496,5.338],[5.492,5.337],[5.488,5.328],[5.485,5.327],[5.476,5.331],[5.467,5.331],[5.458,5.337],[5.464,5.347],[5.488,5.353],[5.5,5.353],[5.503,5.355],[5.507,5.355],[5.516,5.359],[5.532,5.362],[5.536,5.366],[5.542,5.368],[5.549,5.366],[5.554,5.362],[5.554,5.359],[5.548,5.355],[5.548,5.352],[5.549,5.355],[5.555,5.359],[5.557,5.358],[5.558,5.358],[5.552,5.367],[5.547,5.37],[5.547,5.372],[5.545,5.371],[5.543,5.371],[5.544,5.383],[5.549,5.387],[5.554,5.388],[5.579,5.37],[5.586,5.363],[5.59,5.353],[5.585,5.355],[5.576,5.362],[5.574,5.361],[5.576,5.359],[5.575,5.358],[5.582,5.356],[5.595,5.347],[5.604,5.334],[5.602,5.328],[5.601,5.319],[5.595,5.315],[5.594,5.312],[5.583,5.307],[5.587,5.307],[5.594,5.312],[5.595,5.314],[5.6,5.313],[5.603,5.316],[5.606,5.312],[5.607,5.312],[5.61,5.315],[5.609,5.32],[5.61,5.32],[5.616,5.308],[5.618,5.308],[5.621,5.311],[5.624,5.311],[5.63,5.308],[5.631,5.302],[5.639,5.302],[5.645,5.305],[5.632,5.303],[5.631,5.308],[5.623,5.312],[5.616,5.309],[5.61,5.321],[5.608,5.32],[5.609,5.315],[5.606,5.313],[5.604,5.316],[5.601,5.318],[5.605,5.333],[5.616,5.333],[5.624,5.348],[5.639,5.363],[5.643,5.362],[5.645,5.361],[5.646,5.352],[5.649,5.348],[5.656,5.345],[5.66,5.345],[5.667,5.339],[5.67,5.338],[5.678,5.349],[5.683,5.352],[5.695,5.354],[5.7,5.356],[5.707,5.366],[5.712,5.368],[5.715,5.372],[5.719,5.386],[5.709,5.393],[5.703,5.395],[5.699,5.402],[5.702,5.405],[5.702,5.411],[5.698,5.412],[5.692,5.42],[5.682,5.423],[5.671,5.423],[5.664,5.428],[5.658,5.43],[5.657,5.434],[5.657,5.434]]],[[[5.635,5.61],[5.636,5.605],[5.631,5.603],[5.63,5.601],[5.633,5.596],[5.638,5.598],[5.636,5.589],[5.638,5.583],[5.635,5.58],[5.636,5.574],[5.641,5.568],[5.644,5.566],[5.651,5.566],[5.656,5.568],[5.659,5.566],[5.655,5.554],[5.66,5.544],[5.652,5.538],[5.649,5.533],[5.645,5.532],[5.634,5.548],[5.626,5.55],[5.616,5.55],[5.604,5.544],[5.596,5.526],[5.587,5.524],[5.583,5.519],[5.58,5.519],[5.577,5.52],[5.583,5.527],[5.58,5.53],[5.574,5.534],[5.574,5.536],[5.579,5.542],[5.579,5.545],[5.577,5.54],[5.573,5.537],[5.573,5.533],[5.58,5.53],[5.581,5.527],[5.571,5.521],[5.57,5.525],[5.567,5.529],[5.562,5.531],[5.55,5.543],[5.546,5.543],[5.545,5.542],[5.543,5.537],[5.54,5.537],[5.54,5.545],[5.535,5.55],[5.542,5.554],[5.545,5.558],[5.536,5.553],[5.535,5.549],[5.54,5.545],[5.539,5.536],[5.543,5.535],[5.545,5.538],[5.545,5.541],[5.549,5.543],[5.56,5.532],[5.569,5.526],[5.57,5.521],[5.565,5.517],[5.552,5.52],[5.538,5.519],[5.527,5.525],[5.52,5.523],[5.521,5.521],[5.529,5.52],[5.53,5.518],[5.515,5.509],[5.513,5.504],[5.507,5.495],[5.498,5.477],[5.493,5.458],[5.491,5.442],[5.486,5.426],[5.479,5.412],[5.473,5.405],[5.465,5.403],[5.458,5.409],[5.451,5.409],[5.431,5.419],[5.424,5.42],[5.42,5.424],[5.419,5.43],[5.422,5.434],[5.43,5.439],[5.434,5.447],[5.445,5.444],[5.451,5.449],[5.455,5.443],[5.461,5.441],[5.463,5.458],[5.47,5.466],[5.47,5.469],[5.468,5.465],[5.462,5.46],[5.46,5.45],[5.461,5.445],[5.458,5.443],[5.451,5.451],[5.447,5.45],[5.444,5.446],[5.438,5.45],[5.435,5.45],[5.432,5.462],[5.433,5.463],[5.439,5.462],[5.443,5.464],[5.445,5.467],[5.443,5.473],[5.444,5.478],[5.455,5.478],[5.46,5.481],[5.465,5.495],[5.472,5.504],[5.471,5.509],[5.467,5.512],[5.467,5.514],[5.471,5.513],[5.474,5.514],[5.475,5.517],[5.471,5.52],[5.472,5.526],[5.475,5.527],[5.481,5.532],[5.48,5.539],[5.494,5.541],[5.494,5.545],[5.491,5.551],[5.497,5.569],[5.506,5.571],[5.512,5.579],[5.516,5.571],[5.513,5.581],[5.511,5.581],[5.51,5.578],[5.508,5.576],[5.502,5.579],[5.502,5.583],[5.508,5.589],[5.515,5.595],[5.527,5.597],[5.534,5.603],[5.54,5.601],[5.555,5.604],[5.564,5.601],[5.564,5.592],[5.566,5.588],[5.574,5.581],[5.578,5.58],[5.582,5.583],[5.58,5.602],[5.584,5.605],[5.593,5.605],[5.595,5.592],[5.598,5.59],[5.602,5.591],[5.605,5.596],[5.605,5.604],[5.61,5.615],[5.612,5.624],[5.615,5.623],[5.623,5.612],[5.628,5.613],[5.635,5.61],[5.635,5.61]]],[[[5.708,5.476],[5.708,5.469],[5.699,5.462],[5.691,5.458],[5.67,5.454],[5.665,5.451],[5.663,5.457],[5.657,5.453],[5.65,5.455],[5.649,5.457],[5.651,5.458],[5.652,5.46],[5.652,5.462],[5.649,5.465],[5.651,5.47],[5.649,5.473],[5.649,5.478],[5.646,5.481],[5.646,5.487],[5.644,5.489],[5.64,5.487],[5.643,5.485],[5.641,5.483],[5.639,5.483],[5.636,5.487],[5.631,5.487],[5.627,5.484],[5.625,5.493],[5.621,5.495],[5.616,5.491],[5.612,5.482],[5.607,5.481],[5.602,5.478],[5.599,5.48],[5.596,5.485],[5.596,5.49],[5.593,5.492],[5.583,5.486],[5.572,5.484],[5.568,5.48],[5.566,5.473],[5.565,5.472],[5.551,5.477],[5.557,5.489],[5.55,5.503],[5.552,5.505],[5.555,5.505],[5.566,5.502],[5.58,5.502],[5.592,5.505],[5.6,5.512],[5.609,5.51],[5.619,5.514],[5.62,5.511],[5.617,5.508],[5.618,5.506],[5.622,5.511],[5.62,5.515],[5.617,5.515],[5.612,5.512],[5.606,5.514],[5.613,5.526],[5.615,5.531],[5.615,5.538],[5.617,5.54],[5.622,5.542],[5.63,5.54],[5.638,5.529],[5.644,5.527],[5.659,5.528],[5.659,5.529],[5.655,5.53],[5.659,5.535],[5.657,5.534],[5.656,5.535],[5.658,5.538],[5.66,5.538],[5.661,5.54],[5.662,5.54],[5.683,5.531],[5.687,5.531],[5.692,5.534],[5.7,5.533],[5.704,5.529],[5.707,5.521],[5.71,5.519],[5.714,5.513],[5.724,5.508],[5.723,5.505],[5.715,5.5],[5.711,5.494],[5.709,5.49],[5.708,5.479],[5.708,5.476]]],[[[5.397,5.483],[5.396,5.482],[5.396,5.485],[5.398,5.484],[5.397,5.483]]],[[[5.432,5.399],[5.434,5.395],[5.432,5.388],[5.425,5.391],[5.414,5.39],[5.404,5.392],[5.402,5.391],[5.39,5.392],[5.382,5.391],[5.35,5.393],[5.339,5.4],[5.316,5.407],[5.286,5.423],[5.256,5.433],[5.231,5.451],[5.229,5.45],[5.228,5.454],[5.22,5.459],[5.204,5.478],[5.18,5.51],[5.163,5.53],[5.158,5.538],[5.16,5.545],[5.163,5.548],[5.167,5.548],[5.171,5.553],[5.179,5.569],[5.184,5.57],[5.202,5.586],[5.203,5.586],[5.204,5.584],[5.205,5.586],[5.206,5.59],[5.204,5.593],[5.206,5.598],[5.213,5.601],[5.239,5.603],[5.273,5.6],[5.282,5.598],[5.29,5.599],[5.301,5.594],[5.31,5.592],[5.309,5.587],[5.304,5.583],[5.309,5.586],[5.313,5.59],[5.33,5.585],[5.344,5.583],[5.362,5.583],[5.373,5.586],[5.374,5.583],[5.373,5.579],[5.356,5.566],[5.354,5.557],[5.355,5.55],[5.361,5.542],[5.357,5.538],[5.358,5.534],[5.353,5.534],[5.354,5.526],[5.36,5.516],[5.355,5.512],[5.355,5.509],[5.359,5.501],[5.366,5.497],[5.366,5.492],[5.369,5.487],[5.367,5.485],[5.36,5.484],[5.359,5.479],[5.358,5.479],[5.352,5.488],[5.346,5.488],[5.342,5.493],[5.344,5.501],[5.341,5.503],[5.34,5.513],[5.336,5.514],[5.334,5.512],[5.335,5.51],[5.333,5.509],[5.333,5.514],[5.329,5.516],[5.328,5.515],[5.332,5.513],[5.331,5.509],[5.333,5.508],[5.336,5.509],[5.337,5.513],[5.34,5.513],[5.34,5.503],[5.342,5.501],[5.34,5.494],[5.345,5.488],[5.352,5.486],[5.357,5.477],[5.36,5.478],[5.362,5.484],[5.372,5.485],[5.373,5.482],[5.373,5.476],[5.375,5.473],[5.386,5.477],[5.399,5.471],[5.408,5.454],[5.414,5.419],[5.417,5.415],[5.432,5.399]]],[[[5.41,5.509],[5.411,5.504],[5.417,5.498],[5.416,5.493],[5.415,5.492],[5.406,5.493],[5.402,5.491],[5.4,5.489],[5.4,5.486],[5.403,5.48],[5.399,5.479],[5.4,5.486],[5.395,5.487],[5.395,5.49],[5.394,5.503],[5.398,5.51],[5.401,5.512],[5.41,5.512],[5.41,5.509]]],[[[5.365,5.538],[5.381,5.529],[5.396,5.531],[5.4,5.529],[5.402,5.527],[5.402,5.524],[5.391,5.504],[5.393,5.499],[5.392,5.489],[5.395,5.478],[5.394,5.475],[5.387,5.48],[5.383,5.48],[5.376,5.475],[5.375,5.475],[5.374,5.485],[5.368,5.489],[5.367,5.498],[5.36,5.501],[5.356,5.511],[5.36,5.513],[5.362,5.517],[5.355,5.525],[5.354,5.529],[5.359,5.533],[5.36,5.538],[5.365,5.538]]]]}},{"type":"Feature","properties":{"NAME_1":"Ebonyi"},"geometry":{"type":"MultiPolygon","coordinates":[[[[7.972,5.953],[7.976,5.947],[7.98,5.931],[7.98,5.913],[7.977,5.908],[7.977,5.902],[7.965,5.886],[7.96,5.883],[7.945,5.864],[7.939,5.848],[7.94,5.843],[7.935,5.837],[7.926,5.835],[7.925,5.831],[7.916,5.822],[7.917,5.791],[7.922,5.779],[7.906,5.763],[7.884,5.729],[7.881,5.719],[7.88,5.698],[7.878,5.69],[7.856,5.694],[7.842,5.706],[7.82,5.72],[7.804,5.731],[7.793,5.748],[7.79,5.784],[7.78,5.804],[7.769,5.814],[7.662,5.819],[7.638,5.823],[7.611,5.822],[7.542,5.828],[7.527,5.844],[7.526,5.856],[7.528,5.888],[7.535,5.902],[7.535,5.919],[7.532,5.963],[7.534,5.973],[7.54,5.975],[7.557,5.977],[7.583,5.989],[7.592,5.989],[7.616,5.975],[7.624,5.962],[7.637,5.96],[7.669,5.924],[7.672,5.923],[7.671,5.92],[7.683,5.919],[7.693,5.942],[7.694,5.949],[7.689,5.97],[7.68,5.989],[7.678,6.01],[7.678,6.032],[7.702,6.06],[7.721,6.076],[7.734,6.104],[7.732,6.125],[7.725,6.141],[7.724,6.181],[7.718,6.211],[7.712,6.225],[7.708,6.253],[7.69,6.27],[7.691,6.29],[7.703,6.321],[7.712,6.33],[7.735,6.388],[7.735,6.482],[7.729,6.498],[7.725,6.501],[7.719,6.554],[7.713,6.571],[7.708,6.577],[7.702,6.6],[7.698,6.608],[7.693,6.623],[7.695,6.633],[7.711,6.63],[7.737,6.629],[7.75,6.626],[7.765,6.627],[7.799,6.625],[7.828,6.63],[7.825,6.616],[7.835,6.591],[7.9,6.531],[7.929,6.519],[7.952,6.529],[7.968,6.562],[7.975,6.614],[7.982,6.643],[7.984,6.673],[7.988,6.695],[8.044,6.701],[8.091,6.697],[8.122,6.712],[8.151,6.759],[8.171,6.764],[8.206,6.765],[8.213,6.784],[8.223,6.802],[8.251,6.781],[8.257,6.735],[8.265,6.712],[8.279,6.686],[8.292,6.676],[8.291,6.671],[8.294,6.644],[8.3,6.629],[8.318,6.608],[8.325,6.595],[8.332,6.587],[8.368,6.559],[8.376,6.556],[8.382,6.545],[8.384,6.529],[8.388,6.524],[8.399,6.52],[8.405,6.511],[8.401,6.511],[8.4,6.504],[8.406,6.495],[8.403,6.49],[8.403,6.479],[8.411,6.473],[8.413,6.463],[8.418,6.449],[8.423,6.442],[8.44,6.433],[8.444,6.416],[8.437,6.397],[8.431,6.389],[8.422,6.386],[8.417,6.389],[8.395,6.383],[8.377,6.366],[8.368,6.356],[8.367,6.342],[8.369,6.33],[8.376,6.317],[8.393,6.299],[8.399,6.288],[8.399,6.266],[8.386,6.245],[8.362,6.216],[8.352,6.207],[8.336,6.187],[8.324,6.18],[8.295,6.134],[8.287,6.13],[8.274,6.106],[8.276,6.092],[8.271,6.075],[8.272,6.064],[8.262,6.04],[8.261,6.027],[8.248,6.013],[8.239,6.014],[8.224,6.029],[8.212,6.033],[8.188,6.031],[8.182,6.028],[8.178,6.007],[8.169,5.999],[8.152,5.99],[8.142,5.979],[8.121,5.97],[8.115,5.971],[8.107,5.967],[8.103,5.962],[8.096,5.947],[8.095,5.941],[8.085,5.933],[8.081,5.935],[8.076,5.941],[8.068,5.957],[8.061,5.981],[8.049,6.001],[8.042,6.006],[8.035,6.005],[8.027,6.007],[8.004,6.004],[8.0,6.003],[7.984,5.994],[7.968,5.99],[7.963,5.986],[7.96,5.981],[7.96,5.97],[7.972,5.953]]]]}},{"type":"Feature","properties":{"NAME_1":"Edo"},"geometry":{"type":"MultiPolygon","coordinates":[[[[5.663,6.04],[5.654,6.047],[5.646,6.05],[5.629,6.045],[5.617,6.038],[5.598,6.033],[5.586,6.027],[5.563,6.02],[5.546,6.003],[5.543,5.996],[5.533,5.981],[5.505,5.988],[5.468,6.02],[5.446,6.025],[5.407,6.018],[5.394,6.014],[5.366,6.017],[5.346,6.026],[5.33,6.021],[5.32,6.016],[5.319,5.999],[5.333,5.974],[5.325,5.957],[5.303,5.94],[5.259,5.904],[5.232,5.903],[5.231,5.943],[5.221,5.984],[5.232,6.032],[5.233,6.045],[5.23,6.055],[5.215,6.066],[5.203,6.082],[5.115,6.127],[5.122,6.146],[5.108,6.164],[5.107,6.173],[5.102,6.182],[5.093,6.192],[5.08,6.199],[5.074,6.201],[5.055,6.2],[5.05,6.208],[5.05,6.218],[5.039,6.234],[5.032,6.241],[5.028,6.248],[5.009,6.258],[4.997,6.27],[4.986,6.271],[4.981,6.278],[4.979,6.286],[4.983,6.295],[4.978,6.288],[4.983,6.297],[4.991,6.299],[4.997,6.32],[4.999,6.347],[5.006,6.358],[5.013,6.359],[5.016,6.368],[5.025,6.372],[5.034,6.369],[5.064,6.382],[5.074,6.407],[5.077,6.442],[5.105,6.47],[5.119,6.502],[5.125,6.529],[5.115,6.553],[5.103,6.567],[5.1,6.58],[5.093,6.59],[5.073,6.6],[5.072,6.613],[5.075,6.637],[5.073,6.646],[5.075,6.655],[5.086,6.662],[5.082,6.662],[5.084,6.669],[5.082,6.674],[5.084,6.698],[5.092,6.713],[5.104,6.726],[5.12,6.739],[5.128,6.756],[5.139,6.765],[5.156,6.769],[5.161,6.792],[5.168,6.806],[5.174,6.813],[5.184,6.817],[5.187,6.826],[5.185,6.848],[5.193,6.861],[5.203,6.868],[5.228,6.877],[5.245,6.872],[5.263,6.871],[5.283,6.875],[5.299,6.877],[5.327,6.871],[5.349,6.873],[5.371,6.872],[5.394,6.873],[5.415,6.869],[5.434,6.869],[5.475,6.873],[5.487,6.875],[5.513,6.87],[5.529,6.856],[5.542,6.836],[5.54,6.83],[5.534,6.822],[5.514,6.806],[5.509,6.8],[5.516,6.776],[5.526,6.763],[5.531,6.736],[5.539,6.723],[5.543,6.712],[5.555,6.712],[5.573,6.732],[5.58,6.733],[5.589,6.74],[5.601,6.754],[5.616,6.763],[5.638,6.761],[5.645,6.755],[5.657,6.737],[5.67,6.731],[5.679,6.738],[5.713,6.748],[5.721,6.768],[5.733,6.79],[5.737,6.803],[5.748,6.869],[5.753,6.883],[5.757,6.887],[5.771,6.883],[5.776,6.879],[5.779,6.886],[5.776,6.894],[5.776,6.905],[5.781,6.908],[5.785,6.908],[5.79,6.913],[5.791,6.919],[5.788,6.926],[5.769,6.947],[5.774,6.965],[5.77,6.969],[5.77,6.978],[5.775,7.004],[5.779,7.011],[5.779,7.022],[5.785,7.028],[5.787,7.035],[5.799,7.049],[5.817,7.062],[5.823,7.061],[5.829,7.074],[5.828,7.081],[5.824,7.082],[5.824,7.088],[5.827,7.095],[5.832,7.1],[5.84,7.125],[5.86,7.163],[5.865,7.183],[5.876,7.199],[5.878,7.205],[5.874,7.209],[5.874,7.221],[5.882,7.238],[5.897,7.256],[5.904,7.26],[5.91,7.268],[5.92,7.272],[5.935,7.282],[5.945,7.285],[5.953,7.299],[5.961,7.332],[5.968,7.342],[5.961,7.346],[5.96,7.356],[5.95,7.378],[5.948,7.386],[5.949,7.399],[5.953,7.41],[5.958,7.414],[5.962,7.424],[5.963,7.433],[5.958,7.437],[5.939,7.44],[5.934,7.445],[5.93,7.446],[5.923,7.46],[5.926,7.482],[5.931,7.489],[5.943,7.501],[5.946,7.508],[5.949,7.51],[5.955,7.507],[5.974,7.508],[5.978,7.511],[5.983,7.512],[5.989,7.517],[6.002,7.537],[6.005,7.546],[6.017,7.556],[6.028,7.573],[6.041,7.563],[6.069,7.569],[6.08,7.563],[6.085,7.557],[6.085,7.552],[6.079,7.538],[6.086,7.527],[6.102,7.526],[6.121,7.532],[6.126,7.524],[6.126,7.519],[6.11,7.489],[6.107,7.475],[6.107,7.458],[6.111,7.441],[6.123,7.433],[6.128,7.428],[6.136,7.425],[6.146,7.427],[6.163,7.42],[6.166,7.425],[6.198,7.438],[6.225,7.447],[6.234,7.453],[6.244,7.457],[6.259,7.467],[6.264,7.463],[6.266,7.457],[6.284,7.433],[6.295,7.434],[6.314,7.417],[6.315,7.412],[6.324,7.412],[6.333,7.404],[6.34,7.39],[6.346,7.381],[6.356,7.376],[6.383,7.38],[6.392,7.38],[6.396,7.386],[6.404,7.388],[6.41,7.385],[6.43,7.384],[6.445,7.385],[6.449,7.373],[6.454,7.368],[6.456,7.358],[6.463,7.353],[6.464,7.333],[6.471,7.325],[6.477,7.323],[6.485,7.295],[6.497,7.286],[6.498,7.282],[6.493,7.278],[6.504,7.252],[6.511,7.251],[6.531,7.255],[6.564,7.265],[6.571,7.259],[6.58,7.268],[6.589,7.269],[6.595,7.275],[6.618,7.279],[6.625,7.282],[6.653,7.259],[6.656,7.248],[6.656,7.236],[6.662,7.225],[6.686,7.207],[6.691,7.185],[6.698,7.175],[6.697,7.148],[6.701,7.12],[6.696,7.103],[6.696,7.089],[6.684,7.064],[6.681,7.05],[6.67,7.025],[6.673,6.993],[6.671,6.958],[6.657,6.917],[6.651,6.912],[6.647,6.895],[6.64,6.88],[6.627,6.864],[6.621,6.846],[6.605,6.823],[6.612,6.804],[6.621,6.799],[6.626,6.788],[6.622,6.769],[6.622,6.759],[6.617,6.746],[6.613,6.727],[6.611,6.699],[6.616,6.68],[6.623,6.669],[6.625,6.657],[6.634,6.642],[6.648,6.625],[6.655,6.603],[6.656,6.584],[6.664,6.545],[6.663,6.534],[6.665,6.523],[6.646,6.497],[6.635,6.49],[6.622,6.487],[6.588,6.496],[6.569,6.496],[6.539,6.493],[6.527,6.49],[6.509,6.483],[6.483,6.468],[6.463,6.451],[6.447,6.44],[6.417,6.428],[6.377,6.4],[6.355,6.39],[6.346,6.389],[6.258,6.35],[6.243,6.339],[6.236,6.332],[6.224,6.313],[6.21,6.299],[6.193,6.277],[6.182,6.276],[6.141,6.34],[6.124,6.347],[6.106,6.353],[6.097,6.352],[6.083,6.343],[6.069,6.326],[6.064,6.318],[6.054,6.293],[6.051,6.271],[6.052,6.255],[6.058,6.243],[6.082,6.23],[6.087,6.21],[6.089,6.191],[6.088,6.174],[6.09,6.152],[6.123,6.094],[6.155,6.055],[6.167,6.051],[6.176,6.044],[6.185,6.032],[6.196,6.027],[6.206,6.027],[6.221,6.019],[6.224,6.005],[6.226,5.99],[6.211,5.937],[6.215,5.938],[6.192,5.913],[6.19,5.907],[6.172,5.892],[6.163,5.88],[6.135,5.864],[6.114,5.847],[6.097,5.829],[6.077,5.798],[6.032,5.765],[6.003,5.756],[5.918,5.739],[5.893,5.742],[5.883,5.748],[5.887,5.763],[5.895,5.777],[5.869,5.803],[5.874,5.816],[5.882,5.824],[5.895,5.848],[5.902,5.868],[5.894,5.882],[5.869,5.894],[5.831,5.92],[5.825,5.932],[5.813,5.949],[5.799,5.966],[5.723,6.008],[5.699,6.019],[5.672,6.028],[5.663,6.04]]]]}},{"type":"Feature","properties":{"NAME_1":"Ekiti"},"geometry":{"type":"MultiPolygon","coordinates":[[[[5.591,7.488],[5.586,7.465],[5.558,7.402],[5.535,7.364],[5.509,7.33],[5.469,7.3],[5.445,7.286],[5.42,7.274],[5.383,7.284],[5.381,7.293],[5.365,7.327],[5.368,7.341],[5.362,7.36],[5.355,7.371],[5.35,7.384],[5.351,7.392],[5.344,7.405],[5.334,7.417],[5.333,7.422],[5.328,7.428],[5.314,7.431],[5.303,7.436],[5.298,7.438],[5.295,7.436],[5.233,7.431],[5.191,7.431],[5.16,7.434],[5.141,7.434],[5.118,7.438],[5.097,7.435],[5.065,7.438],[5.043,7.434],[5.018,7.423],[4.992,7.415],[4.978,7.442],[4.973,7.462],[4.969,7.49],[4.965,7.503],[4.954,7.523],[4.932,7.576],[4.918,7.602],[4.907,7.679],[4.922,7.722],[4.927,7.743],[4.913,7.788],[4.915,7.811],[4.923,7.828],[4.931,7.854],[4.946,7.88],[4.972,7.904],[4.991,7.914],[5.007,7.919],[5.025,7.931],[5.04,7.945],[5.046,7.961],[5.05,7.982],[5.064,8.031],[5.071,8.033],[5.075,8.027],[5.081,8.007],[5.085,8.003],[5.097,7.999],[5.108,7.997],[5.129,8.005],[5.157,8.02],[5.17,8.019],[5.185,8.013],[5.19,8.007],[5.209,7.98],[5.224,7.972],[5.262,7.976],[5.282,7.968],[5.299,7.965],[5.314,7.968],[5.33,7.975],[5.346,7.972],[5.351,7.966],[5.356,7.981],[5.368,8.001],[5.363,8.011],[5.372,8.03],[5.372,8.04],[5.377,8.047],[5.393,8.056],[5.41,8.062],[5.443,8.068],[5.468,8.064],[5.517,8.072],[5.521,8.069],[5.536,8.07],[5.518,8.063],[5.52,8.055],[5.517,8.023],[5.518,7.994],[5.527,7.987],[5.534,7.991],[5.538,7.996],[5.561,8.007],[5.579,8.013],[5.641,8.021],[5.663,8.015],[5.673,8.004],[5.674,7.991],[5.668,7.982],[5.646,7.972],[5.636,7.96],[5.629,7.945],[5.622,7.939],[5.609,7.923],[5.608,7.898],[5.616,7.88],[5.617,7.861],[5.621,7.85],[5.63,7.838],[5.639,7.828],[5.656,7.821],[5.669,7.823],[5.671,7.822],[5.701,7.795],[5.709,7.795],[5.72,7.792],[5.743,7.779],[5.75,7.78],[5.763,7.777],[5.802,7.758],[5.811,7.756],[5.803,7.743],[5.795,7.735],[5.793,7.726],[5.787,7.718],[5.774,7.713],[5.765,7.725],[5.75,7.733],[5.739,7.731],[5.738,7.734],[5.719,7.727],[5.706,7.693],[5.694,7.681],[5.685,7.676],[5.67,7.67],[5.642,7.639],[5.632,7.63],[5.624,7.62],[5.613,7.596],[5.608,7.559],[5.599,7.533],[5.591,7.488]]]]}},{"type":"Feature","properties":{"NAME_1":"Enugu"},"geometry":{"type":"MultiPolygon","coordinates":[[[[7.405,6.018],[7.381,6.012],[7.373,6.008],[7.37,6.018],[7.35,6.024],[7.351,6.032],[7.342,6.04],[7.333,6.044],[7.315,6.045],[7.288,6.03],[7.277,6.033],[7.25,6.053],[7.238,6.069],[7.235,6.093],[7.23,6.103],[7.222,6.114],[7.204,6.154],[7.205,6.17],[7.21,6.189],[7.2,6.197],[7.189,6.199],[7.186,6.206],[7.182,6.212],[7.183,6.221],[7.179,6.241],[7.169,6.243],[7.162,6.239],[7.153,6.23],[7.139,6.225],[7.132,6.228],[7.127,6.237],[7.128,6.248],[7.134,6.255],[7.135,6.263],[7.128,6.275],[7.128,6.285],[7.133,6.288],[7.142,6.29],[7.146,6.299],[7.147,6.305],[7.135,6.325],[7.125,6.335],[7.121,6.356],[7.11,6.383],[7.09,6.415],[7.081,6.423],[7.069,6.429],[7.029,6.438],[7.019,6.442],[7.012,6.45],[7.013,6.464],[7.019,6.478],[7.019,6.488],[7.029,6.502],[7.025,6.51],[7.027,6.516],[7.025,6.517],[7.037,6.537],[7.055,6.558],[7.083,6.576],[7.095,6.593],[7.109,6.634],[7.115,6.649],[7.109,6.662],[7.091,6.674],[7.08,6.677],[7.049,6.689],[7.038,6.688],[7.024,6.688],[7.016,6.691],[6.991,6.708],[6.976,6.713],[6.95,6.715],[6.939,6.711],[6.926,6.708],[6.914,6.711],[6.913,6.721],[6.914,6.731],[6.913,6.77],[6.906,6.776],[6.907,6.782],[6.917,6.792],[6.922,6.805],[6.932,6.822],[6.943,6.853],[6.95,6.857],[6.965,6.853],[6.968,6.846],[6.969,6.84],[6.968,6.816],[6.98,6.815],[6.98,6.811],[6.99,6.802],[7.001,6.783],[7.012,6.777],[7.021,6.778],[7.032,6.783],[7.049,6.799],[7.072,6.825],[7.082,6.84],[7.109,6.863],[7.112,6.87],[7.16,6.904],[7.184,6.914],[7.209,6.932],[7.216,6.944],[7.226,6.952],[7.26,6.991],[7.271,7.001],[7.275,7.007],[7.279,7.015],[7.298,7.041],[7.309,7.052],[7.348,7.066],[7.378,7.094],[7.383,7.101],[7.436,7.113],[7.445,7.107],[7.451,7.107],[7.469,7.099],[7.476,7.101],[7.495,7.079],[7.492,7.066],[7.509,7.035],[7.52,6.995],[7.536,6.961],[7.557,6.934],[7.582,6.907],[7.64,6.862],[7.688,6.838],[7.721,6.849],[7.741,6.87],[7.757,6.883],[7.803,6.878],[7.827,6.859],[7.85,6.825],[7.862,6.776],[7.865,6.734],[7.854,6.694],[7.845,6.67],[7.83,6.642],[7.828,6.63],[7.799,6.625],[7.765,6.627],[7.75,6.626],[7.737,6.629],[7.711,6.63],[7.695,6.633],[7.693,6.623],[7.698,6.608],[7.702,6.6],[7.708,6.577],[7.713,6.571],[7.719,6.554],[7.725,6.501],[7.729,6.498],[7.735,6.482],[7.735,6.388],[7.712,6.33],[7.703,6.321],[7.691,6.29],[7.69,6.27],[7.708,6.253],[7.712,6.225],[7.718,6.211],[7.724,6.181],[7.725,6.141],[7.732,6.125],[7.734,6.104],[7.721,6.076],[7.702,6.06],[7.678,6.032],[7.678,6.01],[7.68,5.989],[7.689,5.97],[7.694,5.949],[7.693,5.942],[7.683,5.919],[7.671,5.92],[7.672,5.923],[7.669,5.924],[7.637,5.96],[7.624,5.962],[7.616,5.975],[7.592,5.989],[7.583,5.989],[7.557,5.977],[7.54,5.975],[7.534,5.973],[7.534,5.981],[7.53,5.986],[7.528,5.997],[7.495,6.018],[7.451,6.023],[7.405,6.018]]]]}},{"type":"Feature","properties":{"NAME_1":"FederalCapitalTerritory"},"geometry":{"type":"MultiPolygon","coordinates":[[[[6.965,8.41],[6.955,8.404],[6.924,8.404],[6.896,8.409],[6.883,8.407],[6.874,8.404],[6.838,8.407],[6.805,8.403],[6.782,8.411],[6.751,8.49],[6.752,8.504],[6.758,8.512],[6.751,8.971],[6.748,8.981],[6.748,8.991],[6.746,8.998],[6.748,8.998],[6.747,9.009],[6.75,9.06],[6.75,9.082],[6.752,9.119],[6.75,9.186],[6.752,9.217],[6.758,9.223],[6.801,9.228],[6.857,9.229],[6.867,9.231],[6.888,9.229],[6.921,9.23],[6.931,9.233],[6.941,9.231],[6.963,9.232],[6.979,9.236],[7.008,9.226],[7.016,9.215],[7.063,9.179],[7.074,9.166],[7.09,9.15],[7.118,9.13],[7.146,9.099],[7.156,9.096],[7.171,9.099],[7.197,9.141],[7.224,9.174],[7.235,9.192],[7.252,9.214],[7.276,9.252],[7.284,9.259],[7.304,9.293],[7.309,9.297],[7.322,9.297],[7.325,9.3],[7.339,9.304],[7.363,9.303],[7.395,9.308],[7.41,9.308],[7.452,9.305],[7.461,9.303],[7.475,9.292],[7.486,9.289],[7.496,9.292],[7.504,9.302],[7.533,9.351],[7.542,9.357],[7.551,9.36],[7.557,9.359],[7.568,9.353],[7.574,9.343],[7.583,9.313],[7.59,9.307],[7.592,9.303],[7.607,9.298],[7.617,9.303],[7.626,9.311],[7.627,9.297],[7.628,9.291],[7.625,9.272],[7.618,9.262],[7.601,9.261],[7.593,9.251],[7.576,9.204],[7.571,9.181],[7.564,9.166],[7.559,9.146],[7.56,9.121],[7.556,9.098],[7.558,9.079],[7.557,9.056],[7.566,9.021],[7.565,9.008],[7.563,9.004],[7.562,8.998],[7.563,8.969],[7.557,8.952],[7.56,8.932],[7.557,8.908],[7.546,8.882],[7.543,8.863],[7.538,8.856],[7.534,8.84],[7.525,8.824],[7.524,8.81],[7.518,8.79],[7.513,8.753],[7.507,8.726],[7.503,8.719],[7.5,8.696],[7.487,8.69],[7.48,8.672],[7.47,8.636],[7.453,8.609],[7.437,8.593],[7.409,8.553],[7.403,8.543],[7.392,8.535],[7.373,8.525],[7.357,8.521],[7.316,8.496],[7.287,8.483],[7.28,8.476],[7.263,8.472],[7.205,8.459],[7.18,8.447],[7.158,8.44],[7.091,8.431],[7.064,8.424],[7.021,8.422],[7.007,8.415],[6.965,8.41]]]]}},{"type":"Feature","properties":{"NAME_1":"Gombe"},"geometry":{"type":"MultiPolygon","coordinates":[[[[11.04,9.665],[11.011,9.723],[11.001,9.822],[10.995,9.853],[10.981,9.883],[10.949,9.909],[10.874,9.963],[10.834,9.996],[10.793,10.019],[10.76,10.047],[10.724,10.089],[10.719,10.115],[10.74,10.146],[10.772,10.16],[10.835,10.17],[10.848,10.198],[10.842,10.244],[10.843,10.287],[10.85,10.382],[10.836,10.418],[10.816,10.461],[10.78,10.479],[10.729,10.493],[10.7,10.503],[10.685,10.522],[10.679,10.556],[10.679,10.598],[10.671,10.636],[10.653,10.663],[10.607,10.684],[10.534,10.711],[10.537,10.733],[10.595,10.814],[10.606,10.853],[10.637,10.933],[10.642,10.967],[10.653,11.011],[10.675,11.044],[10.699,11.066],[10.729,11.076],[10.762,11.08],[10.786,11.092],[10.818,11.12],[10.836,11.149],[10.86,11.179],[10.958,11.231],[10.995,11.279],[11.001,11.291],[11.005,11.289],[11.013,11.294],[11.029,11.309],[11.063,11.323],[11.096,11.333],[11.132,11.333],[11.162,11.33],[11.21,11.314],[11.288,11.267],[11.32,11.241],[11.341,11.227],[11.382,11.194],[11.408,11.16],[11.429,11.129],[11.459,11.091],[11.497,11.049],[11.514,11.034],[11.498,11.01],[11.523,11.026],[11.556,10.995],[11.583,10.972],[11.589,10.944],[11.594,10.895],[11.591,10.842],[11.576,10.742],[11.574,10.705],[11.582,10.663],[11.587,10.602],[11.592,10.594],[11.687,10.591],[11.701,10.594],[11.711,10.576],[11.723,10.541],[11.713,10.493],[11.68,10.45],[11.629,10.372],[11.642,10.327],[11.681,10.271],[11.711,10.242],[11.734,10.23],[11.77,10.221],[11.803,10.204],[11.818,10.183],[11.853,10.106],[11.882,10.08],[11.914,10.059],[11.946,10.045],[11.936,9.937],[11.934,9.881],[11.943,9.822],[11.925,9.784],[11.889,9.756],[11.832,9.72],[11.725,9.659],[11.68,9.63],[11.626,9.607],[11.567,9.596],[11.479,9.586],[11.312,9.584],[11.265,9.586],[11.222,9.585],[11.175,9.581],[11.126,9.575],[11.1,9.576],[11.069,9.586],[11.078,9.589],[11.08,9.604],[11.053,9.638],[11.04,9.665]]]]}},{"type":"Feature","properties":{"NAME_1":"Imo"},"geometry":{"type":"MultiPolygon","coordinates":[[[[6.947,5.196],[6.925,5.198],[6.851,5.196],[6.834,5.2],[6.817,5.202],[6.782,5.229],[6.771,5.243],[6.764,5.267],[6.754,5.284],[6.733,5.295],[6.724,5.305],[6.72,5.327],[6.723,5.343],[6.738,5.372],[6.746,5.447],[6.741,5.46],[6.739,5.474],[6.733,5.48],[6.705,5.486],[6.664,5.477],[6.649,5.476],[6.624,5.483],[6.624,5.493],[6.627,5.499],[6.661,5.665],[6.662,5.683],[6.669,5.694],[6.679,5.696],[6.691,5.7],[6.702,5.708],[6.719,5.734],[6.751,5.77],[6.761,5.776],[6.777,5.783],[6.787,5.781],[6.801,5.777],[6.815,5.768],[6.85,5.752],[6.86,5.749],[6.893,5.756],[6.932,5.831],[6.936,5.846],[6.936,5.858],[6.947,5.888],[6.957,5.897],[6.975,5.905],[7.054,5.923],[7.077,5.924],[7.1,5.922],[7.164,5.903],[7.186,5.908],[7.231,5.925],[7.248,5.927],[7.252,5.926],[7.269,5.907],[7.282,5.899],[7.296,5.893],[7.316,5.889],[7.338,5.878],[7.353,5.876],[7.369,5.87],[7.378,5.864],[7.393,5.825],[7.392,5.781],[7.394,5.76],[7.4,5.737],[7.399,5.688],[7.396,5.685],[7.386,5.683],[7.38,5.676],[7.391,5.654],[7.404,5.636],[7.399,5.603],[7.403,5.584],[7.403,5.569],[7.405,5.547],[7.404,5.532],[7.398,5.514],[7.384,5.5],[7.378,5.482],[7.365,5.451],[7.354,5.439],[7.335,5.423],[7.319,5.396],[7.301,5.361],[7.276,5.273],[7.272,5.25],[7.262,5.217],[7.252,5.195],[7.247,5.195],[7.225,5.184],[7.21,5.179],[7.19,5.183],[7.178,5.188],[7.169,5.188],[7.155,5.194],[7.137,5.198],[7.103,5.197],[7.094,5.193],[7.08,5.192],[7.061,5.185],[7.036,5.18],[6.981,5.192],[6.96,5.198],[6.947,5.196]]]]}},{"type":"Feature","properties":{"NAME_1":"Jigawa"},"geometry":{"type":"MultiPolygon","coordinates":[[[[10.293,11.085],[10.258,11.078],[10.217,11.056],[10.193,11.026],[10.192,10.997],[10.21,10.943],[10.18,10.933],[10.14,10.943],[10.11,10.965],[10.085,10.968],[10.059,10.96],[9.994,10.946],[9.957,10.952],[9.902,10.965],[9.88,10.986],[9.867,11.019],[9.868,11.052],[9.879,11.097],[9.881,11.144],[9.872,11.178],[9.849,11.227],[9.829,11.257],[9.81,11.261],[9.776,11.252],[9.753,11.247],[9.628,11.239],[9.578,11.243],[9.569,11.268],[9.549,11.301],[9.512,11.313],[9.458,11.29],[9.441,11.292],[9.388,11.308],[9.338,11.328],[9.241,11.345],[9.225,11.342],[9.228,11.352],[9.223,11.378],[9.23,11.406],[9.241,11.437],[9.253,11.454],[9.287,11.484],[9.319,11.509],[9.356,11.547],[9.342,11.565],[9.308,11.574],[9.289,11.588],[9.262,11.616],[9.238,11.66],[9.23,11.691],[9.212,11.707],[9.18,11.704],[9.133,11.703],[9.131,11.705],[9.128,11.736],[9.136,11.769],[9.165,11.806],[9.19,11.844],[9.193,11.877],[9.21,11.906],[9.207,11.945],[9.182,12.027],[9.17,12.059],[9.15,12.051],[9.126,12.023],[9.089,12.0],[9.059,11.998],[9.037,12.002],[9.037,12.042],[9.028,12.065],[8.992,12.061],[8.977,12.061],[8.977,12.059],[8.966,12.058],[8.946,12.042],[8.946,12.059],[8.926,12.064],[8.92,12.07],[8.928,12.098],[8.947,12.12],[8.949,12.209],[8.947,12.213],[8.941,12.239],[8.936,12.255],[8.928,12.264],[8.921,12.268],[8.891,12.277],[8.858,12.28],[8.827,12.287],[8.803,12.286],[8.79,12.293],[8.773,12.315],[8.776,12.325],[8.782,12.337],[8.782,12.347],[8.772,12.384],[8.765,12.396],[8.757,12.403],[8.745,12.406],[8.718,12.423],[8.703,12.429],[8.69,12.439],[8.685,12.451],[8.682,12.461],[8.684,12.474],[8.682,12.495],[8.683,12.531],[8.682,12.539],[8.678,12.545],[8.667,12.549],[8.654,12.549],[8.64,12.553],[8.616,12.562],[8.574,12.57],[8.552,12.577],[8.541,12.577],[8.491,12.572],[8.471,12.563],[8.427,12.541],[8.408,12.528],[8.399,12.52],[8.395,12.513],[8.391,12.496],[8.389,12.478],[8.364,12.426],[8.358,12.421],[8.341,12.439],[8.339,12.45],[8.341,12.458],[8.339,12.47],[8.308,12.53],[8.284,12.568],[8.271,12.598],[8.263,12.611],[8.255,12.617],[8.249,12.622],[8.236,12.62],[8.188,12.622],[8.17,12.624],[8.158,12.627],[8.123,12.639],[8.114,12.65],[8.112,12.689],[8.113,12.711],[8.125,12.765],[8.123,12.782],[8.125,12.808],[8.132,12.813],[8.158,12.818],[8.203,12.822],[8.28,12.834],[8.3,12.835],[8.335,12.826],[8.386,12.819],[8.428,12.822],[8.452,12.827],[8.475,12.829],[8.495,12.825],[8.515,12.832],[8.536,12.831],[8.548,12.821],[8.554,12.812],[8.569,12.762],[8.575,12.75],[8.577,12.738],[8.588,12.723],[8.594,12.719],[8.631,12.696],[8.651,12.69],[8.663,12.688],[8.671,12.691],[8.685,12.702],[8.706,12.712],[8.709,12.7],[8.715,12.692],[8.716,12.687],[8.73,12.678],[8.74,12.676],[8.757,12.677],[8.772,12.679],[8.799,12.685],[8.835,12.698],[8.867,12.713],[8.873,12.719],[8.892,12.732],[8.896,12.737],[8.918,12.753],[8.921,12.756],[8.922,12.766],[8.932,12.782],[8.934,12.792],[8.944,12.807],[8.977,12.821],[8.977,12.835],[8.984,12.839],[8.998,12.841],[9.015,12.839],[9.073,12.837],[9.081,12.835],[9.093,12.836],[9.138,12.834],[9.143,12.833],[9.147,12.834],[9.16,12.834],[9.179,12.828],[9.22,12.828],[9.23,12.825],[9.251,12.824],[9.258,12.82],[9.28,12.815],[9.288,12.812],[9.292,12.813],[9.306,12.811],[9.346,12.815],[9.353,12.817],[9.365,12.817],[9.382,12.82],[9.39,12.823],[9.43,12.822],[9.435,12.819],[9.488,12.811],[9.531,12.81],[9.554,12.807],[9.581,12.808],[9.59,12.806],[9.65,12.804],[9.675,12.823],[9.704,12.805],[9.741,12.797],[9.801,12.793],[9.83,12.804],[9.852,12.822],[9.873,12.853],[9.886,12.885],[9.972,12.926],[10.023,12.936],[10.068,12.957],[10.115,12.973],[10.17,12.989],[10.206,12.969],[10.241,12.893],[10.252,12.824],[10.275,12.784],[10.293,12.795],[10.316,12.801],[10.388,12.825],[10.469,12.79],[10.501,12.799],[10.531,12.785],[10.567,12.731],[10.579,12.672],[10.584,12.619],[10.595,12.549],[10.605,12.507],[10.61,12.502],[10.564,12.475],[10.54,12.455],[10.466,12.413],[10.449,12.402],[10.431,12.393],[10.429,12.415],[10.415,12.441],[10.399,12.454],[10.373,12.453],[10.343,12.445],[10.289,12.424],[10.27,12.414],[10.259,12.392],[10.25,12.358],[10.241,12.313],[10.225,12.267],[10.2,12.211],[10.177,12.13],[10.162,12.087],[10.171,12.057],[10.171,12.021],[10.152,12.006],[10.132,12.001],[10.051,11.966],[10.006,11.951],[9.942,11.934],[9.875,11.907],[9.826,11.882],[9.786,11.859],[9.733,11.851],[9.687,11.851],[9.675,11.839],[9.657,11.816],[9.635,11.779],[9.625,11.733],[9.627,11.711],[9.649,11.701],[9.691,11.702],[9.725,11.718],[9.769,11.723],[9.799,11.715],[9.805,11.704],[9.813,11.679],[9.822,11.644],[9.828,11.614],[9.831,11.575],[9.799,11.518],[9.79,11.496],[9.799,11.468],[9.818,11.45],[9.837,11.453],[9.88,11.465],[9.888,11.424],[9.905,11.384],[9.932,11.348],[9.957,11.31],[9.99,11.266],[10.039,11.237],[10.089,11.232],[10.142,11.225],[10.234,11.204],[10.31,11.197],[10.377,11.195],[10.394,11.172],[10.376,11.129],[10.347,11.106],[10.323,11.094],[10.293,11.085]]]]}},{"type":"Feature","properties":{"NAME_1":"Kaduna"},"geometry":{"type":"MultiPolygon","coordinates":[[[[8.609,9.414],[8.617,9.402],[8.641,9.376],[8.669,9.356],[8.679,9.339],[8.689,9.308],[8.69,9.289],[8.687,9.268],[8.679,9.25],[8.668,9.231],[8.661,9.212],[8.66,9.205],[8.651,9.205],[8.642,9.196],[8.624,9.162],[8.621,9.149],[8.6,9.106],[8.57,9.062],[8.546,9.019],[8.533,9.007],[8.507,9.001],[8.493,9.0],[8.467,9.003],[8.46,9.019],[8.457,9.033],[8.441,9.052],[8.419,9.073],[8.386,9.116],[8.371,9.128],[8.339,9.128],[8.309,9.132],[8.294,9.143],[8.285,9.152],[8.264,9.156],[8.249,9.147],[8.243,9.14],[8.229,9.109],[8.161,9.033],[8.123,9.007],[8.113,9.004],[8.105,9.004],[8.094,9.007],[8.083,9.019],[8.082,9.028],[8.08,9.03],[8.077,9.04],[8.077,9.086],[8.079,9.105],[8.081,9.149],[8.08,9.178],[8.078,9.196],[8.071,9.21],[8.061,9.222],[8.054,9.225],[8.034,9.242],[8.0,9.254],[7.993,9.261],[7.992,9.269],[7.993,9.299],[7.987,9.313],[7.962,9.331],[7.958,9.339],[7.951,9.346],[7.94,9.356],[7.932,9.36],[7.915,9.362],[7.911,9.361],[7.906,9.357],[7.889,9.339],[7.888,9.33],[7.879,9.323],[7.866,9.292],[7.864,9.282],[7.854,9.274],[7.851,9.266],[7.832,9.25],[7.816,9.247],[7.809,9.248],[7.785,9.264],[7.781,9.265],[7.759,9.261],[7.753,9.264],[7.749,9.268],[7.74,9.271],[7.736,9.276],[7.734,9.281],[7.72,9.29],[7.705,9.292],[7.7,9.288],[7.688,9.282],[7.681,9.283],[7.674,9.288],[7.669,9.295],[7.664,9.32],[7.66,9.325],[7.652,9.328],[7.648,9.327],[7.621,9.308],[7.617,9.303],[7.607,9.298],[7.592,9.303],[7.59,9.307],[7.583,9.313],[7.574,9.343],[7.568,9.353],[7.557,9.359],[7.551,9.36],[7.542,9.357],[7.533,9.351],[7.504,9.302],[7.496,9.292],[7.486,9.289],[7.475,9.292],[7.461,9.303],[7.452,9.305],[7.395,9.308],[7.363,9.303],[7.339,9.304],[7.325,9.3],[7.322,9.297],[7.311,9.297],[7.308,9.302],[7.291,9.304],[7.257,9.294],[7.251,9.294],[7.25,9.297],[7.257,9.31],[7.264,9.336],[7.274,9.361],[7.266,9.371],[7.242,9.383],[7.227,9.393],[7.219,9.405],[7.22,9.443],[7.229,9.457],[7.25,9.47],[7.269,9.478],[7.282,9.492],[7.291,9.537],[7.301,9.549],[7.326,9.568],[7.341,9.588],[7.34,9.606],[7.332,9.618],[7.319,9.626],[7.302,9.631],[7.283,9.644],[7.287,9.658],[7.294,9.666],[7.298,9.683],[7.297,9.692],[7.284,9.701],[7.256,9.708],[7.238,9.714],[7.22,9.726],[7.217,9.741],[7.222,9.751],[7.236,9.758],[7.261,9.758],[7.288,9.764],[7.294,9.774],[7.299,9.789],[7.297,9.838],[7.282,9.9],[7.282,9.935],[7.278,9.957],[7.279,9.982],[7.274,9.998],[7.263,10.007],[7.252,10.008],[7.232,10.01],[7.181,10.007],[7.146,10.008],[7.118,10.011],[7.081,10.011],[7.044,10.007],[6.996,10.021],[6.936,10.047],[6.909,10.074],[6.892,10.105],[6.907,10.125],[6.942,10.147],[6.968,10.174],[6.982,10.197],[6.998,10.207],[7.026,10.22],[7.05,10.239],[7.067,10.268],[7.072,10.299],[7.047,10.314],[7.02,10.327],[6.942,10.354],[6.945,10.37],[6.955,10.393],[6.963,10.42],[6.964,10.461],[6.947,10.496],[6.932,10.522],[6.906,10.529],[6.886,10.527],[6.87,10.518],[6.847,10.521],[6.848,10.539],[6.844,10.566],[6.843,10.592],[6.835,10.623],[6.825,10.631],[6.749,10.639],[6.73,10.62],[6.741,10.582],[6.73,10.566],[6.692,10.575],[6.666,10.575],[6.637,10.566],[6.613,10.556],[6.574,10.537],[6.543,10.53],[6.531,10.55],[6.526,10.572],[6.51,10.588],[6.486,10.59],[6.463,10.586],[6.429,10.576],[6.412,10.564],[6.389,10.552],[6.347,10.514],[6.324,10.495],[6.299,10.48],[6.257,10.43],[6.236,10.397],[6.212,10.368],[6.189,10.354],[6.166,10.363],[6.158,10.392],[6.146,10.42],[6.115,10.435],[6.097,10.452],[6.093,10.474],[6.099,10.511],[6.115,10.522],[6.128,10.539],[6.125,10.6],[6.136,10.632],[6.134,10.656],[6.111,10.694],[6.112,10.72],[6.119,10.739],[6.117,10.77],[6.144,10.809],[6.158,10.837],[6.166,10.849],[6.167,10.856],[6.177,10.856],[6.194,10.858],[6.206,10.863],[6.214,10.87],[6.232,10.89],[6.25,10.924],[6.261,10.937],[6.291,10.959],[6.314,10.989],[6.331,11.004],[6.346,11.012],[6.366,11.02],[6.437,11.027],[6.517,11.017],[6.565,11.018],[6.641,11.028],[6.679,11.052],[6.7,11.072],[6.728,11.101],[6.752,11.153],[6.763,11.21],[6.775,11.242],[6.79,11.264],[6.804,11.282],[6.822,11.295],[6.848,11.31],[6.871,11.33],[6.886,11.348],[6.916,11.348],[6.94,11.34],[6.974,11.334],[7.005,11.337],[7.027,11.322],[7.04,11.295],[7.036,11.277],[7.022,11.269],[6.989,11.235],[6.983,11.214],[6.997,11.209],[7.026,11.204],[7.086,11.183],[7.117,11.157],[7.13,11.137],[7.154,11.114],[7.183,11.111],[7.198,11.117],[7.226,11.135],[7.239,11.146],[7.248,11.165],[7.244,11.182],[7.219,11.219],[7.214,11.237],[7.217,11.252],[7.226,11.258],[7.246,11.265],[7.273,11.269],[7.304,11.267],[7.349,11.25],[7.372,11.251],[7.381,11.26],[7.383,11.27],[7.381,11.282],[7.393,11.317],[7.4,11.329],[7.436,11.361],[7.45,11.371],[7.472,11.375],[7.531,11.358],[7.582,11.338],[7.598,11.326],[7.615,11.311],[7.63,11.286],[7.656,11.273],[7.674,11.278],[7.69,11.288],[7.747,11.309],[7.757,11.323],[7.76,11.342],[7.773,11.359],[7.8,11.358],[7.826,11.359],[7.851,11.363],[7.865,11.37],[7.933,11.431],[7.972,11.455],[8.011,11.476],[8.037,11.476],[8.059,11.485],[8.084,11.492],[8.103,11.495],[8.123,11.493],[8.141,11.48],[8.146,11.46],[8.112,11.396],[8.113,11.376],[8.121,11.355],[8.138,11.336],[8.163,11.32],[8.195,11.307],[8.228,11.298],[8.255,11.287],[8.28,11.262],[8.294,11.236],[8.312,11.221],[8.337,11.212],[8.364,11.214],[8.382,11.213],[8.421,11.203],[8.463,11.172],[8.487,11.147],[8.508,11.133],[8.523,11.114],[8.538,11.085],[8.55,11.057],[8.566,11.03],[8.57,11.012],[8.572,10.969],[8.556,10.93],[8.541,10.875],[8.54,10.851],[8.559,10.754],[8.556,10.727],[8.544,10.709],[8.524,10.701],[8.497,10.7],[8.487,10.694],[8.478,10.681],[8.487,10.648],[8.505,10.631],[8.523,10.628],[8.546,10.628],[8.573,10.626],[8.618,10.615],[8.626,10.6],[8.65,10.571],[8.656,10.566],[8.676,10.555],[8.724,10.544],[8.741,10.549],[8.742,10.547],[8.744,10.535],[8.735,10.502],[8.733,10.486],[8.725,10.467],[8.699,10.429],[8.695,10.419],[8.699,10.407],[8.716,10.393],[8.729,10.389],[8.744,10.379],[8.785,10.336],[8.779,10.331],[8.776,10.285],[8.767,10.262],[8.745,10.237],[8.71,10.225],[8.679,10.203],[8.663,10.174],[8.645,10.123],[8.642,10.1],[8.641,10.08],[8.651,10.058],[8.663,10.035],[8.676,9.997],[8.676,9.978],[8.657,9.959],[8.637,9.947],[8.632,9.929],[8.634,9.898],[8.629,9.811],[8.624,9.793],[8.623,9.772],[8.632,9.739],[8.625,9.722],[8.605,9.704],[8.594,9.697],[8.59,9.682],[8.593,9.666],[8.588,9.647],[8.559,9.627],[8.556,9.608],[8.562,9.551],[8.546,9.528],[8.547,9.51],[8.584,9.448],[8.595,9.436],[8.6,9.425],[8.609,9.414]]]]}},{"type":"Feature","properties":{"NAME_1":"Kano"},"geometry":{"type":"MultiPolygon","coordinates":[[[[8.784,10.767],[8.807,10.743],[8.819,10.717],[8.821,10.685],[8.813,10.653],[8.799,10.623],[8.78,10.595],[8.769,10.58],[8.757,10.558],[8.746,10.55],[8.724,10.544],[8.676,10.555],[8.656,10.566],[8.65,10.571],[8.626,10.6],[8.618,10.615],[8.573,10.626],[8.546,10.628],[8.523,10.628],[8.505,10.631],[8.487,10.648],[8.478,10.681],[8.487,10.694],[8.497,10.7],[8.524,10.701],[8.544,10.709],[8.556,10.727],[8.559,10.754],[8.54,10.851],[8.541,10.875],[8.556,10.93],[8.572,10.969],[8.57,11.012],[8.566,11.03],[8.55,11.057],[8.538,11.085],[8.523,11.114],[8.508,11.133],[8.487,11.147],[8.463,11.172],[8.421,11.203],[8.382,11.213],[8.364,11.214],[8.337,11.212],[8.312,11.221],[8.294,11.236],[8.28,11.262],[8.255,11.287],[8.228,11.298],[8.195,11.307],[8.163,11.32],[8.138,11.336],[8.121,11.355],[8.113,11.376],[8.112,11.396],[8.146,11.46],[8.141,11.48],[8.123,11.493],[8.103,11.495],[8.084,11.492],[8.059,11.485],[8.037,11.476],[8.011,11.476],[7.972,11.455],[7.933,11.431],[7.865,11.37],[7.851,11.363],[7.826,11.359],[7.776,11.359],[7.762,11.373],[7.75,11.38],[7.741,11.388],[7.734,11.393],[7.726,11.395],[7.708,11.413],[7.7,11.438],[7.694,11.471],[7.692,11.477],[7.691,11.486],[7.688,11.495],[7.712,11.538],[7.715,11.557],[7.71,11.565],[7.713,11.573],[7.719,11.575],[7.725,11.582],[7.732,11.585],[7.743,11.599],[7.767,11.609],[7.787,11.613],[7.793,11.612],[7.803,11.616],[7.843,11.643],[7.849,11.64],[7.879,11.645],[7.887,11.644],[7.895,11.646],[7.902,11.653],[7.899,11.659],[7.899,11.668],[7.892,11.686],[7.875,11.714],[7.866,11.752],[7.856,11.764],[7.851,11.777],[7.856,11.79],[7.86,11.812],[7.859,11.824],[7.862,11.842],[7.834,11.91],[7.828,11.915],[7.828,11.925],[7.839,11.962],[7.837,11.985],[7.842,12.002],[7.842,12.015],[7.838,12.027],[7.84,12.041],[7.84,12.105],[7.837,12.139],[7.837,12.162],[7.831,12.211],[7.835,12.257],[7.838,12.263],[7.87,12.293],[7.939,12.331],[7.961,12.339],[8.0,12.349],[8.062,12.369],[8.094,12.383],[8.122,12.399],[8.135,12.413],[8.146,12.465],[8.153,12.483],[8.167,12.507],[8.175,12.526],[8.179,12.543],[8.187,12.556],[8.197,12.562],[8.208,12.564],[8.256,12.569],[8.283,12.57],[8.308,12.53],[8.339,12.47],[8.341,12.458],[8.339,12.45],[8.341,12.439],[8.358,12.421],[8.364,12.426],[8.389,12.478],[8.391,12.496],[8.395,12.513],[8.399,12.52],[8.408,12.528],[8.427,12.541],[8.471,12.563],[8.491,12.572],[8.541,12.577],[8.552,12.577],[8.574,12.57],[8.616,12.562],[8.64,12.553],[8.654,12.549],[8.667,12.549],[8.678,12.545],[8.682,12.539],[8.683,12.531],[8.682,12.495],[8.684,12.474],[8.682,12.461],[8.685,12.451],[8.69,12.439],[8.703,12.429],[8.718,12.423],[8.745,12.406],[8.757,12.403],[8.765,12.396],[8.772,12.384],[8.782,12.347],[8.782,12.337],[8.776,12.325],[8.773,12.315],[8.79,12.293],[8.803,12.286],[8.827,12.287],[8.858,12.28],[8.891,12.277],[8.921,12.268],[8.928,12.264],[8.936,12.255],[8.941,12.239],[8.947,12.213],[8.949,12.209],[8.947,12.12],[8.928,12.098],[8.92,12.07],[8.926,12.064],[8.946,12.059],[8.946,12.042],[8.966,12.058],[8.977,12.059],[8.977,12.061],[8.992,12.061],[9.028,12.065],[9.037,12.042],[9.037,12.002],[9.059,11.998],[9.089,12.0],[9.126,12.023],[9.15,12.051],[9.17,12.059],[9.182,12.027],[9.207,11.945],[9.21,11.906],[9.193,11.877],[9.19,11.844],[9.165,11.806],[9.136,11.769],[9.128,11.736],[9.131,11.705],[9.133,11.703],[9.18,11.704],[9.212,11.707],[9.23,11.691],[9.238,11.66],[9.262,11.616],[9.289,11.588],[9.308,11.574],[9.342,11.565],[9.356,11.547],[9.319,11.509],[9.287,11.484],[9.253,11.454],[9.241,11.437],[9.23,11.406],[9.223,11.378],[9.228,11.352],[9.225,11.342],[9.187,11.33],[9.17,11.32],[9.136,11.308],[9.117,11.309],[9.099,11.326],[9.072,11.322],[9.031,11.297],[9.021,11.279],[8.999,11.261],[8.981,11.244],[8.964,11.233],[8.961,11.225],[8.944,11.213],[8.922,11.185],[8.901,11.147],[8.873,11.113],[8.857,11.096],[8.824,11.088],[8.78,11.09],[8.764,11.083],[8.75,11.057],[8.738,11.01],[8.731,10.954],[8.733,10.892],[8.737,10.845],[8.745,10.813],[8.762,10.787],[8.784,10.767]]]]}},{"type":"Feature","properties":{"NAME_1":"Katsina"},"geometry":{"type":"MultiPolygon","coordinates":[[[[7.13,11.137],[7.117,11.157],[7.086,11.183],[7.026,11.204],[6.997,11.209],[6.983,11.214],[6.989,11.235],[7.022,11.269],[7.036,11.277],[7.04,11.295],[7.027,11.322],[7.005,11.337],[6.974,11.334],[6.94,11.34],[6.916,11.348],[6.902,11.348],[6.904,11.363],[6.903,11.385],[6.911,11.411],[6.913,11.434],[6.923,11.482],[6.915,11.502],[6.908,11.541],[6.889,11.557],[6.878,11.571],[6.875,11.588],[6.877,11.611],[6.883,11.629],[6.882,11.648],[6.907,11.714],[6.913,11.766],[6.918,11.778],[6.929,11.787],[6.942,11.791],[6.96,11.788],[7.003,11.792],[7.049,11.793],[7.063,11.779],[7.07,11.779],[7.118,11.816],[7.123,11.826],[7.139,11.833],[7.141,11.838],[7.149,11.842],[7.157,11.893],[7.172,11.892],[7.197,11.882],[7.211,11.881],[7.23,11.891],[7.242,11.906],[7.242,11.921],[7.234,11.937],[7.215,11.96],[7.189,11.98],[7.172,11.996],[7.131,12.015],[7.111,12.034],[7.132,12.071],[7.14,12.092],[7.142,12.103],[7.157,12.154],[7.158,12.174],[7.142,12.213],[7.144,12.24],[7.139,12.26],[7.136,12.281],[7.128,12.306],[7.093,12.371],[7.097,12.393],[7.099,12.428],[7.082,12.464],[7.078,12.479],[7.072,12.554],[7.062,12.592],[7.056,12.636],[7.061,12.668],[7.057,12.699],[7.057,12.732],[7.052,12.773],[7.041,12.83],[7.045,12.862],[7.05,12.927],[7.064,13.001],[7.143,13.026],[7.152,13.032],[7.179,13.061],[7.193,13.078],[7.199,13.081],[7.209,13.092],[7.212,13.093],[7.212,13.096],[7.228,13.111],[7.244,13.111],[7.332,13.101],[7.368,13.099],[7.381,13.099],[7.401,13.102],[7.426,13.111],[7.458,13.127],[7.474,13.138],[7.502,13.152],[7.506,13.156],[7.579,13.198],[7.585,13.2],[7.619,13.221],[7.622,13.221],[7.623,13.224],[7.632,13.227],[7.644,13.237],[7.65,13.239],[7.651,13.241],[7.653,13.241],[7.72,13.283],[7.746,13.299],[7.748,13.299],[7.749,13.302],[7.753,13.303],[7.78,13.322],[7.804,13.334],[7.816,13.339],[7.825,13.34],[7.848,13.334],[7.875,13.332],[7.882,13.33],[7.892,13.33],[7.947,13.324],[8.023,13.311],[8.026,13.309],[8.034,13.309],[8.037,13.306],[8.046,13.307],[8.068,13.303],[8.107,13.289],[8.145,13.271],[8.158,13.261],[8.165,13.259],[8.191,13.233],[8.212,13.219],[8.256,13.207],[8.287,13.172],[8.294,13.167],[8.308,13.161],[8.316,13.146],[8.328,13.133],[8.356,13.114],[8.366,13.098],[8.381,13.084],[8.388,13.081],[8.401,13.07],[8.416,13.055],[8.422,13.055],[8.469,13.069],[8.486,13.07],[8.516,13.063],[8.531,13.057],[8.565,13.038],[8.586,13.024],[8.599,13.012],[8.602,13.011],[8.632,12.977],[8.64,12.961],[8.645,12.956],[8.645,12.946],[8.649,12.939],[8.696,12.917],[8.704,12.916],[8.71,12.914],[8.715,12.914],[8.726,12.913],[8.76,12.899],[8.773,12.897],[8.781,12.897],[8.788,12.893],[8.81,12.888],[8.825,12.881],[8.83,12.881],[8.861,12.87],[8.871,12.87],[8.882,12.863],[8.957,12.84],[8.97,12.833],[8.977,12.835],[8.977,12.821],[8.944,12.807],[8.935,12.795],[8.932,12.782],[8.922,12.766],[8.921,12.756],[8.918,12.753],[8.896,12.737],[8.892,12.732],[8.873,12.719],[8.867,12.713],[8.835,12.698],[8.799,12.685],[8.772,12.679],[8.74,12.676],[8.73,12.678],[8.716,12.687],[8.715,12.692],[8.709,12.7],[8.706,12.712],[8.685,12.702],[8.671,12.691],[8.663,12.688],[8.651,12.69],[8.631,12.696],[8.588,12.723],[8.577,12.738],[8.575,12.75],[8.569,12.762],[8.554,12.812],[8.548,12.821],[8.536,12.831],[8.515,12.832],[8.495,12.825],[8.475,12.829],[8.452,12.827],[8.428,12.822],[8.386,12.819],[8.335,12.826],[8.3,12.835],[8.28,12.834],[8.203,12.822],[8.158,12.818],[8.132,12.813],[8.125,12.808],[8.123,12.782],[8.125,12.765],[8.113,12.711],[8.112,12.689],[8.114,12.65],[8.123,12.639],[8.142,12.632],[8.17,12.624],[8.236,12.62],[8.249,12.622],[8.255,12.617],[8.263,12.611],[8.271,12.598],[8.283,12.57],[8.256,12.569],[8.208,12.564],[8.197,12.562],[8.187,12.556],[8.179,12.543],[8.175,12.526],[8.167,12.507],[8.153,12.483],[8.142,12.448],[8.135,12.413],[8.122,12.399],[8.094,12.383],[8.062,12.369],[8.0,12.349],[7.961,12.339],[7.939,12.331],[7.87,12.293],[7.838,12.263],[7.835,12.257],[7.831,12.211],[7.837,12.162],[7.837,12.139],[7.84,12.105],[7.84,12.041],[7.838,12.027],[7.842,12.015],[7.842,12.002],[7.837,11.985],[7.839,11.962],[7.828,11.925],[7.828,11.915],[7.834,11.91],[7.862,11.842],[7.859,11.824],[7.86,11.812],[7.856,11.79],[7.851,11.777],[7.856,11.764],[7.866,11.752],[7.875,11.714],[7.892,11.686],[7.899,11.668],[7.899,11.659],[7.902,11.653],[7.895,11.646],[7.887,11.644],[7.879,11.645],[7.849,11.64],[7.843,11.643],[7.803,11.616],[7.793,11.612],[7.787,11.613],[7.767,11.609],[7.743,11.599],[7.732,11.585],[7.725,11.582],[7.719,11.575],[7.713,11.573],[7.71,11.565],[7.715,11.557],[7.712,11.538],[7.688,11.495],[7.691,11.486],[7.692,11.477],[7.694,11.471],[7.7,11.438],[7.708,11.413],[7.726,11.395],[7.734,11.393],[7.741,11.388],[7.75,11.38],[7.762,11.373],[7.776,11.359],[7.773,11.359],[7.76,11.342],[7.757,11.323],[7.747,11.309],[7.69,11.288],[7.674,11.278],[7.656,11.273],[7.63,11.286],[7.615,11.311],[7.598,11.326],[7.582,11.338],[7.531,11.358],[7.472,11.375],[7.45,11.371],[7.436,11.361],[7.4,11.329],[7.393,11.317],[7.381,11.282],[7.383,11.27],[7.381,11.26],[7.372,11.251],[7.349,11.25],[7.304,11.267],[7.273,11.269],[7.246,11.265],[7.226,11.258],[7.217,11.252],[7.214,11.237],[7.219,11.219],[7.244,11.182],[7.248,11.165],[7.239,11.146],[7.226,11.135],[7.198,11.117],[7.183,11.111],[7.154,11.114],[7.13,11.137]]]]}},{"type":"Feature","properties":{"NAME_1":"Kebbi"},"geometry":{"type":"MultiPolygon","coordinates":[[[[5.06,11.029],[5.071,10.986],[5.073,10.959],[5.078,10.924],[5.074,10.907],[5.06,10.9],[5.039,10.883],[5.029,10.86],[5.037,10.837],[5.081,10.811],[5.1,10.789],[5.099,10.756],[5.082,10.732],[5.05,10.722],[5.021,10.717],[4.972,10.695],[4.937,10.675],[4.918,10.672],[4.886,10.684],[4.856,10.683],[4.841,10.681],[4.831,10.676],[4.816,10.664],[4.813,10.643],[4.816,10.615],[4.813,10.591],[4.812,10.564],[4.816,10.536],[4.816,10.511],[4.808,10.489],[4.814,10.467],[4.829,10.444],[4.858,10.412],[4.888,10.364],[4.9,10.325],[4.896,10.3],[4.867,10.266],[4.845,10.251],[4.824,10.241],[4.806,10.237],[4.788,10.238],[4.77,10.237],[4.728,10.22],[4.703,10.212],[4.661,10.205],[4.65,10.197],[4.647,10.178],[4.642,10.103],[4.633,10.096],[4.563,10.103],[4.547,10.11],[4.54,10.119],[4.538,10.14],[4.54,10.155],[4.549,10.191],[4.556,10.208],[4.561,10.237],[4.559,10.252],[4.561,10.271],[4.551,10.285],[4.514,10.313],[4.505,10.327],[4.495,10.352],[4.496,10.371],[4.494,10.392],[4.495,10.425],[4.498,10.438],[4.498,10.453],[4.505,10.476],[4.522,10.505],[4.536,10.522],[4.552,10.537],[4.576,10.553],[4.639,10.576],[4.651,10.586],[4.714,10.647],[4.721,10.667],[4.737,10.757],[4.751,10.804],[4.753,10.818],[4.756,10.883],[4.748,10.895],[4.727,10.905],[4.701,10.912],[4.691,10.913],[4.676,10.91],[4.667,10.918],[4.625,10.946],[4.606,10.956],[4.584,10.972],[4.567,10.981],[4.555,10.991],[4.54,11.001],[4.512,11.011],[4.455,11.028],[4.408,11.027],[4.389,11.024],[4.369,11.021],[4.359,11.017],[4.335,11.013],[4.301,11.013],[4.29,11.016],[4.235,11.019],[4.185,11.013],[4.168,11.016],[4.138,11.012],[4.108,11.012],[4.071,11.005],[4.038,11.006],[4.008,11.011],[3.952,11.034],[3.891,11.064],[3.82,11.107],[3.799,11.115],[3.774,11.13],[3.758,11.135],[3.727,11.136],[3.713,11.128],[3.692,11.128],[3.496,11.292],[3.507,11.351],[3.536,11.476],[3.561,11.602],[3.566,11.617],[3.578,11.644],[3.586,11.657],[3.592,11.675],[3.6,11.692],[3.61,11.702],[3.679,11.758],[3.679,11.764],[3.671,11.799],[3.666,11.81],[3.634,11.831],[3.627,11.839],[3.623,11.853],[3.618,11.917],[3.619,11.925],[3.626,11.931],[3.667,11.973],[3.669,11.978],[3.668,11.992],[3.631,12.117],[3.634,12.141],[3.635,12.163],[3.638,12.19],[3.637,12.2],[3.658,12.268],[3.655,12.282],[3.654,12.335],[3.65,12.366],[3.647,12.445],[3.641,12.504],[3.643,12.52],[3.696,12.566],[3.702,12.57],[3.722,12.59],[3.817,12.668],[3.833,12.679],[3.866,12.706],[3.928,12.749],[3.933,12.756],[3.942,12.764],[4.004,12.864],[4.019,12.883],[4.031,12.904],[4.052,12.93],[4.096,12.996],[4.123,13.11],[4.13,13.148],[4.128,13.187],[4.129,13.213],[4.219,13.216],[4.236,13.215],[4.255,13.205],[4.266,13.203],[4.291,13.21],[4.308,13.221],[4.322,13.226],[4.341,13.228],[4.353,13.223],[4.362,13.209],[4.38,13.19],[4.404,13.174],[4.431,13.161],[4.448,13.143],[4.46,13.144],[4.488,13.129],[4.512,13.12],[4.551,13.111],[4.603,13.094],[4.65,13.061],[4.669,13.055],[4.7,13.05],[4.716,13.053],[4.729,13.057],[4.739,13.066],[4.746,13.079],[4.763,13.1],[4.77,13.115],[4.78,13.125],[4.787,13.128],[4.798,13.13],[4.809,13.126],[4.816,13.116],[4.822,13.096],[4.816,13.084],[4.814,13.071],[4.805,13.052],[4.8,13.046],[4.796,13.034],[4.798,12.995],[4.788,12.984],[4.783,12.957],[4.775,12.948],[4.768,12.89],[4.773,12.879],[4.783,12.871],[4.798,12.856],[4.811,12.833],[4.817,12.813],[4.827,12.788],[4.822,12.766],[4.824,12.735],[4.809,12.68],[4.803,12.639],[4.804,12.607],[4.819,12.565],[4.831,12.519],[4.833,12.486],[4.833,12.454],[4.832,12.427],[4.827,12.392],[4.824,12.38],[4.817,12.367],[4.8,12.366],[4.749,12.399],[4.727,12.402],[4.706,12.399],[4.681,12.394],[4.642,12.38],[4.621,12.356],[4.605,12.296],[4.607,12.287],[4.603,12.138],[4.607,12.111],[4.605,12.092],[4.605,12.065],[4.608,12.027],[4.614,12.005],[4.617,11.964],[4.615,11.931],[4.609,11.889],[4.599,11.864],[4.593,11.843],[4.581,11.775],[4.539,11.685],[4.527,11.648],[4.52,11.609],[4.527,11.593],[4.543,11.57],[4.561,11.551],[4.574,11.543],[4.602,11.538],[4.619,11.539],[4.631,11.544],[4.646,11.56],[4.659,11.581],[4.685,11.608],[4.724,11.629],[4.752,11.638],[4.775,11.648],[4.805,11.657],[4.827,11.669],[4.848,11.677],[4.879,11.694],[4.893,11.699],[4.906,11.696],[4.917,11.692],[4.923,11.687],[4.937,11.683],[4.956,11.691],[4.97,11.694],[4.973,11.691],[4.977,11.677],[4.982,11.666],[4.997,11.665],[5.037,11.688],[5.067,11.688],[5.106,11.672],[5.113,11.661],[5.133,11.652],[5.195,11.668],[5.208,11.667],[5.236,11.676],[5.24,11.697],[5.249,11.713],[5.266,11.723],[5.279,11.725],[5.293,11.715],[5.309,11.71],[5.327,11.71],[5.386,11.72],[5.393,11.718],[5.403,11.711],[5.411,11.694],[5.418,11.674],[5.43,11.659],[5.463,11.659],[5.477,11.657],[5.499,11.647],[5.517,11.628],[5.535,11.618],[5.557,11.617],[5.574,11.622],[5.599,11.624],[5.624,11.63],[5.641,11.627],[5.667,11.627],[5.685,11.623],[5.705,11.625],[5.725,11.632],[5.745,11.645],[5.823,11.635],[5.894,11.607],[5.907,11.591],[5.913,11.58],[5.917,11.572],[5.916,11.533],[5.899,11.476],[5.893,11.449],[5.883,11.43],[5.883,11.411],[5.945,11.383],[5.97,11.367],[5.988,11.346],[6.001,11.319],[6.01,11.292],[6.018,11.23],[6.024,11.199],[6.023,11.18],[6.027,11.157],[6.027,11.111],[6.005,11.129],[5.992,11.132],[5.975,11.134],[5.961,11.129],[5.952,11.115],[5.934,11.099],[5.92,11.091],[5.899,11.055],[5.872,11.051],[5.856,11.051],[5.836,11.049],[5.747,11.016],[5.711,10.996],[5.64,10.968],[5.615,10.964],[5.593,10.963],[5.57,10.959],[5.555,10.96],[5.529,10.957],[5.47,10.96],[5.468,10.957],[5.453,10.963],[5.441,10.977],[5.436,11.041],[5.441,11.082],[5.441,11.118],[5.434,11.146],[5.415,11.161],[5.394,11.171],[5.373,11.185],[5.36,11.206],[5.356,11.225],[5.356,11.249],[5.352,11.281],[5.344,11.309],[5.329,11.329],[5.317,11.335],[5.3,11.338],[5.287,11.344],[5.271,11.346],[5.212,11.347],[5.17,11.343],[5.152,11.338],[5.101,11.331],[5.079,11.324],[5.053,11.321],[5.003,11.31],[4.985,11.302],[4.947,11.299],[4.854,11.266],[4.838,11.258],[4.812,11.241],[4.789,11.232],[4.776,11.225],[4.761,11.21],[4.754,11.192],[4.756,11.168],[4.771,11.148],[4.793,11.133],[4.829,11.115],[4.916,11.08],[4.956,11.074],[4.985,11.075],[5.003,11.072],[5.02,11.04],[5.033,11.043],[5.048,11.04],[5.06,11.029]]]]}},{"type":"Feature","properties":{"NAME_1":"Kogi"},"geometry":{"type":"MultiPolygon","coordinates":[[[[6.884,6.746],[6.875,6.739],[6.859,6.732],[6.84,6.715],[6.837,6.709],[6.823,6.695],[6.811,6.654],[6.806,6.641],[6.803,6.628],[6.805,6.614],[6.802,6.584],[6.797,6.571],[6.779,6.552],[6.772,6.544],[6.763,6.536],[6.749,6.529],[6.712,6.535],[6.691,6.54],[6.664,6.527],[6.663,6.534],[6.664,6.545],[6.656,6.584],[6.655,6.603],[6.648,6.625],[6.634,6.642],[6.625,6.657],[6.623,6.669],[6.616,6.68],[6.611,6.699],[6.613,6.727],[6.617,6.746],[6.622,6.759],[6.622,6.769],[6.626,6.788],[6.621,6.799],[6.612,6.804],[6.605,6.823],[6.621,6.846],[6.627,6.864],[6.64,6.88],[6.647,6.895],[6.651,6.912],[6.657,6.917],[6.671,6.958],[6.673,6.993],[6.67,7.025],[6.681,7.05],[6.684,7.064],[6.696,7.089],[6.696,7.103],[6.701,7.12],[6.697,7.148],[6.698,7.175],[6.691,7.185],[6.686,7.207],[6.662,7.225],[6.656,7.236],[6.656,7.248],[6.653,7.259],[6.625,7.282],[6.618,7.279],[6.595,7.275],[6.589,7.269],[6.58,7.268],[6.571,7.259],[6.564,7.265],[6.531,7.255],[6.511,7.251],[6.504,7.252],[6.493,7.278],[6.498,7.282],[6.497,7.286],[6.485,7.295],[6.477,7.323],[6.471,7.325],[6.464,7.333],[6.463,7.353],[6.456,7.358],[6.454,7.368],[6.449,7.373],[6.445,7.385],[6.43,7.384],[6.41,7.385],[6.404,7.388],[6.396,7.386],[6.392,7.38],[6.383,7.38],[6.356,7.376],[6.346,7.381],[6.34,7.39],[6.333,7.404],[6.324,7.412],[6.315,7.412],[6.314,7.417],[6.295,7.434],[6.284,7.433],[6.266,7.457],[6.264,7.463],[6.259,7.467],[6.244,7.457],[6.234,7.453],[6.225,7.447],[6.198,7.438],[6.166,7.425],[6.163,7.42],[6.146,7.427],[6.136,7.425],[6.128,7.428],[6.123,7.433],[6.111,7.441],[6.107,7.458],[6.107,7.475],[6.11,7.489],[6.126,7.519],[6.126,7.524],[6.121,7.532],[6.102,7.526],[6.086,7.527],[6.079,7.538],[6.085,7.552],[6.085,7.557],[6.08,7.563],[6.069,7.569],[6.041,7.563],[6.029,7.572],[6.022,7.584],[6.025,7.586],[6.02,7.591],[5.98,7.628],[5.96,7.643],[5.948,7.653],[5.942,7.663],[5.932,7.674],[5.915,7.697],[5.916,7.718],[5.919,7.726],[5.923,7.756],[5.927,7.763],[5.92,7.767],[5.909,7.769],[5.886,7.77],[5.877,7.769],[5.868,7.765],[5.851,7.763],[5.817,7.755],[5.802,7.758],[5.763,7.777],[5.75,7.78],[5.743,7.779],[5.72,7.792],[5.709,7.795],[5.701,7.795],[5.671,7.822],[5.669,7.823],[5.656,7.821],[5.651,7.822],[5.639,7.828],[5.63,7.838],[5.621,7.85],[5.617,7.861],[5.616,7.88],[5.608,7.898],[5.609,7.923],[5.622,7.939],[5.629,7.945],[5.636,7.96],[5.646,7.972],[5.668,7.982],[5.674,7.991],[5.673,8.004],[5.663,8.015],[5.641,8.021],[5.626,8.02],[5.579,8.013],[5.561,8.007],[5.538,7.996],[5.529,7.987],[5.527,7.987],[5.522,7.99],[5.518,7.994],[5.517,8.023],[5.52,8.055],[5.518,8.063],[5.535,8.069],[5.545,8.077],[5.548,8.093],[5.542,8.122],[5.535,8.132],[5.517,8.139],[5.497,8.154],[5.473,8.163],[5.458,8.173],[5.456,8.183],[5.43,8.199],[5.417,8.212],[5.415,8.22],[5.416,8.223],[5.393,8.241],[5.377,8.262],[5.37,8.277],[5.346,8.322],[5.348,8.337],[5.383,8.376],[5.42,8.44],[5.444,8.466],[5.471,8.49],[5.48,8.504],[5.496,8.512],[5.523,8.535],[5.538,8.541],[5.543,8.538],[5.545,8.531],[5.554,8.519],[5.556,8.511],[5.575,8.49],[5.617,8.461],[5.634,8.455],[5.661,8.441],[5.702,8.431],[5.715,8.422],[5.745,8.421],[5.759,8.416],[5.774,8.407],[5.79,8.404],[5.85,8.407],[5.864,8.406],[5.875,8.397],[5.884,8.396],[5.912,8.4],[5.947,8.398],[5.96,8.391],[6.011,8.383],[6.049,8.373],[6.066,8.375],[6.098,8.382],[6.101,8.393],[6.11,8.409],[6.115,8.432],[6.118,8.434],[6.124,8.442],[6.122,8.463],[6.128,8.476],[6.133,8.509],[6.132,8.528],[6.134,8.546],[6.142,8.578],[6.162,8.637],[6.171,8.672],[6.176,8.68],[6.184,8.686],[6.194,8.696],[6.211,8.726],[6.224,8.724],[6.236,8.72],[6.261,8.71],[6.276,8.699],[6.291,8.691],[6.307,8.68],[6.316,8.669],[6.338,8.649],[6.348,8.639],[6.37,8.605],[6.379,8.595],[6.382,8.584],[6.389,8.578],[6.393,8.569],[6.396,8.554],[6.404,8.532],[6.415,8.493],[6.431,8.448],[6.434,8.437],[6.456,8.421],[6.494,8.399],[6.502,8.393],[6.513,8.378],[6.538,8.356],[6.59,8.29],[6.611,8.258],[6.626,8.239],[6.654,8.208],[6.67,8.198],[6.687,8.198],[6.696,8.194],[6.702,8.2],[6.707,8.215],[6.712,8.246],[6.732,8.287],[6.735,8.291],[6.746,8.284],[6.751,8.277],[6.758,8.279],[6.756,8.316],[6.759,8.326],[6.784,8.339],[6.786,8.34],[6.79,8.338],[6.792,8.339],[6.817,8.354],[6.822,8.37],[6.827,8.378],[6.834,8.399],[6.835,8.407],[6.874,8.404],[6.883,8.407],[6.896,8.409],[6.924,8.404],[6.955,8.404],[6.965,8.41],[6.978,8.412],[6.968,8.369],[6.96,8.351],[6.943,8.326],[6.943,8.313],[6.948,8.305],[6.949,8.296],[6.957,8.286],[6.972,8.273],[6.975,8.261],[6.978,8.26],[6.992,8.243],[6.993,8.227],[6.991,8.212],[7.0,8.195],[7.0,8.178],[6.997,8.163],[7.001,8.143],[6.982,8.068],[6.983,8.043],[6.981,7.992],[6.955,7.965],[6.941,7.931],[6.937,7.894],[6.939,7.871],[6.95,7.862],[6.966,7.867],[6.998,7.898],[7.019,7.909],[7.066,7.927],[7.085,7.938],[7.116,7.95],[7.168,7.975],[7.188,7.982],[7.236,7.996],[7.263,8.001],[7.332,8.018],[7.369,8.029],[7.454,8.04],[7.483,8.04],[7.508,8.037],[7.54,8.029],[7.618,8.022],[7.665,8.02],[7.661,8.004],[7.66,7.974],[7.665,7.95],[7.663,7.913],[7.669,7.88],[7.699,7.828],[7.723,7.803],[7.743,7.786],[7.754,7.756],[7.758,7.721],[7.758,7.687],[7.754,7.645],[7.757,7.604],[7.762,7.569],[7.764,7.535],[7.784,7.446],[7.804,7.429],[7.823,7.428],[7.858,7.434],[7.881,7.427],[7.876,7.397],[7.856,7.378],[7.848,7.357],[7.841,7.294],[7.821,7.225],[7.81,7.2],[7.785,7.171],[7.757,7.15],[7.736,7.138],[7.653,7.099],[7.637,7.076],[7.639,7.042],[7.632,7.005],[7.604,7.005],[7.582,7.022],[7.568,7.02],[7.555,7.036],[7.537,7.049],[7.514,7.073],[7.5,7.083],[7.499,7.082],[7.498,7.076],[7.494,7.074],[7.495,7.079],[7.476,7.101],[7.469,7.099],[7.451,7.107],[7.445,7.107],[7.436,7.113],[7.383,7.101],[7.378,7.094],[7.348,7.066],[7.309,7.052],[7.298,7.041],[7.279,7.015],[7.275,7.007],[7.271,7.001],[7.26,6.991],[7.226,6.952],[7.216,6.944],[7.209,6.932],[7.184,6.914],[7.16,6.904],[7.112,6.87],[7.109,6.863],[7.082,6.84],[7.072,6.825],[7.049,6.799],[7.032,6.783],[7.021,6.778],[7.012,6.777],[7.001,6.783],[6.99,6.802],[6.98,6.811],[6.98,6.815],[6.968,6.816],[6.969,6.84],[6.968,6.846],[6.965,6.853],[6.95,6.857],[6.943,6.853],[6.932,6.822],[6.922,6.805],[6.917,6.792],[6.907,6.782],[6.906,6.775],[6.9,6.765],[6.884,6.746]]]]}},{"type":"Feature","properties":{"NAME_1":"Kwara"},"geometry":{"type":"MultiPolygon","coordinates":[[[[5.521,8.069],[5.517,8.072],[5.468,8.064],[5.443,8.068],[5.429,8.066],[5.41,8.062],[5.393,8.056],[5.377,8.047],[5.372,8.04],[5.372,8.03],[5.363,8.011],[5.368,8.001],[5.356,7.981],[5.351,7.966],[5.346,7.972],[5.33,7.975],[5.314,7.968],[5.299,7.965],[5.282,7.968],[5.262,7.976],[5.224,7.972],[5.209,7.98],[5.19,8.007],[5.185,8.013],[5.17,8.019],[5.157,8.02],[5.129,8.005],[5.108,7.997],[5.097,7.999],[5.085,8.003],[5.081,8.007],[5.075,8.027],[5.071,8.033],[5.064,8.031],[5.064,8.037],[5.058,8.039],[5.031,8.027],[5.004,8.028],[4.974,8.024],[4.962,8.046],[4.951,8.075],[4.938,8.082],[4.922,8.083],[4.915,8.085],[4.892,8.081],[4.86,8.065],[4.839,8.057],[4.816,8.057],[4.8,8.065],[4.796,8.063],[4.797,8.049],[4.795,8.053],[4.794,8.063],[4.766,8.054],[4.753,8.044],[4.731,8.036],[4.689,8.031],[4.665,8.031],[4.651,8.036],[4.62,8.036],[4.597,8.034],[4.574,8.038],[4.556,8.034],[4.548,8.045],[4.537,8.045],[4.529,8.047],[4.524,8.046],[4.513,8.061],[4.498,8.104],[4.482,8.139],[4.476,8.165],[4.476,8.183],[4.463,8.194],[4.463,8.207],[4.439,8.225],[4.414,8.236],[4.407,8.243],[4.389,8.268],[4.382,8.274],[4.374,8.286],[4.368,8.3],[4.359,8.311],[4.34,8.366],[4.336,8.39],[4.338,8.4],[4.335,8.406],[4.334,8.419],[4.325,8.445],[4.308,8.462],[4.302,8.478],[4.293,8.487],[4.276,8.531],[4.255,8.572],[4.245,8.601],[4.236,8.614],[4.227,8.62],[4.218,8.632],[4.207,8.663],[4.197,8.717],[4.184,8.742],[4.188,8.755],[4.186,8.773],[4.196,8.806],[4.2,8.815],[4.22,8.834],[4.234,8.84],[4.24,8.865],[4.249,8.875],[4.258,8.881],[4.288,8.898],[4.3,8.908],[4.308,8.925],[4.322,8.937],[4.338,8.959],[4.338,8.969],[4.335,8.98],[4.323,8.993],[4.314,8.993],[4.301,8.983],[4.268,8.964],[4.263,8.962],[4.232,8.962],[4.171,8.98],[4.153,8.978],[4.12,8.994],[4.114,9.002],[4.091,9.006],[4.056,9.017],[4.04,9.023],[4.031,9.029],[4.022,9.03],[3.995,9.051],[3.985,9.057],[3.97,9.069],[3.942,9.102],[3.941,9.112],[3.934,9.142],[3.919,9.153],[3.909,9.158],[3.889,9.172],[3.868,9.181],[3.86,9.18],[3.852,9.182],[3.835,9.18],[3.812,9.17],[3.805,9.163],[3.773,9.146],[3.762,9.133],[3.76,9.117],[3.753,9.106],[3.746,9.087],[3.745,9.044],[3.738,9.027],[3.729,9.015],[3.714,9.004],[3.715,9.004],[3.692,8.987],[3.667,8.971],[3.642,8.959],[3.612,8.949],[3.598,8.939],[3.585,8.935],[3.559,8.925],[3.549,8.916],[3.526,8.906],[3.515,8.897],[3.496,8.89],[3.478,8.877],[3.466,8.871],[3.446,8.854],[3.426,8.84],[3.412,8.835],[3.407,8.836],[3.404,8.829],[3.385,8.817],[3.369,8.809],[3.359,8.801],[3.344,8.796],[3.304,8.778],[3.291,8.768],[3.274,8.764],[3.267,8.758],[3.246,8.748],[3.231,8.746],[3.224,8.753],[3.222,8.758],[3.215,8.756],[3.206,8.765],[3.2,8.774],[3.189,8.777],[3.177,8.78],[3.159,8.772],[3.148,8.773],[3.141,8.77],[3.127,8.758],[3.115,8.752],[3.101,8.737],[3.089,8.73],[3.079,8.716],[3.067,8.706],[3.055,8.703],[3.048,8.699],[3.046,8.693],[3.036,8.684],[3.025,8.679],[3.009,8.673],[3.004,8.667],[2.962,8.633],[2.96,8.626],[2.946,8.618],[2.946,8.61],[2.943,8.602],[2.925,8.594],[2.919,8.595],[2.918,8.59],[2.901,8.59],[2.888,8.587],[2.876,8.587],[2.852,8.578],[2.836,8.576],[2.817,8.58],[2.811,8.578],[2.801,8.578],[2.789,8.572],[2.759,8.538],[2.75,8.533],[2.75,8.538],[2.754,8.547],[2.759,8.562],[2.75,8.578],[2.749,8.583],[2.75,8.618],[2.749,8.64],[2.747,8.646],[2.739,8.651],[2.738,8.655],[2.739,8.661],[2.746,8.667],[2.741,8.678],[2.75,8.7],[2.746,8.71],[2.746,8.735],[2.744,8.744],[2.734,8.758],[2.728,8.773],[2.73,8.778],[2.738,8.787],[2.739,8.794],[2.745,8.8],[2.756,8.803],[2.761,8.805],[2.763,8.81],[2.759,8.82],[2.758,8.83],[2.761,8.851],[2.757,8.86],[2.757,8.864],[2.758,8.865],[2.768,8.867],[2.774,8.895],[2.77,8.905],[2.762,8.903],[2.758,8.904],[2.758,8.908],[2.762,8.915],[2.771,8.919],[2.782,8.945],[2.778,8.951],[2.771,8.953],[2.786,8.964],[2.789,8.97],[2.787,8.974],[2.783,8.978],[2.782,8.983],[2.787,8.985],[2.789,8.988],[2.787,8.991],[2.78,8.992],[2.778,8.995],[2.782,9.003],[2.781,9.005],[2.772,9.007],[2.772,9.011],[2.783,9.016],[2.784,9.019],[2.783,9.022],[2.776,9.024],[2.774,9.026],[2.782,9.032],[2.783,9.037],[2.786,9.045],[2.778,9.054],[2.781,9.065],[2.854,9.065],[2.868,9.062],[2.879,9.065],[2.882,9.073],[2.896,9.084],[2.913,9.087],[2.953,9.093],[2.956,9.092],[2.964,9.079],[2.984,9.072],[3.008,9.074],[3.035,9.083],[3.043,9.084],[3.056,9.09],[3.083,9.098],[3.088,9.102],[3.092,9.13],[3.101,9.152],[3.124,9.192],[3.122,9.238],[3.126,9.252],[3.132,9.259],[3.15,9.273],[3.157,9.282],[3.158,9.291],[3.152,9.321],[3.151,9.339],[3.154,9.365],[3.152,9.376],[3.133,9.426],[3.131,9.44],[3.136,9.463],[3.155,9.493],[3.186,9.507],[3.195,9.515],[3.208,9.544],[3.216,9.554],[3.227,9.571],[3.232,9.576],[3.25,9.602],[3.253,9.61],[3.256,9.64],[3.264,9.652],[3.272,9.659],[3.28,9.662],[3.292,9.662],[3.31,9.658],[3.315,9.658],[3.349,9.685],[3.352,9.697],[3.35,9.705],[3.34,9.721],[3.329,9.746],[3.324,9.761],[3.323,9.777],[3.329,9.798],[3.347,9.818],[3.357,9.826],[3.456,9.861],[3.475,9.863],[3.499,9.858],[3.511,9.857],[3.53,9.862],[3.539,9.869],[3.548,9.881],[3.551,9.882],[3.562,9.895],[3.564,9.9],[3.564,9.916],[3.571,9.925],[3.596,9.946],[3.602,9.957],[3.611,9.996],[3.612,10.062],[3.616,10.076],[3.624,10.088],[3.629,10.093],[3.647,10.102],[3.658,10.103],[3.663,10.107],[3.67,10.13],[3.677,10.133],[3.726,10.142],[3.757,10.145],[3.851,10.146],[3.869,10.143],[3.94,10.15],[3.986,10.141],[3.998,10.135],[4.007,10.12],[4.04,10.089],[4.086,10.041],[4.097,10.025],[4.141,9.971],[4.171,9.938],[4.188,9.916],[4.224,9.881],[4.244,9.857],[4.256,9.832],[4.276,9.813],[4.303,9.776],[4.347,9.728],[4.369,9.71],[4.384,9.703],[4.412,9.705],[4.428,9.698],[4.432,9.679],[4.433,9.651],[4.428,9.637],[4.421,9.576],[4.423,9.544],[4.422,9.49],[4.426,9.451],[4.436,9.431],[4.457,9.425],[4.513,9.429],[4.551,9.436],[4.579,9.437],[4.593,9.425],[4.6,9.399],[4.596,9.366],[4.597,9.344],[4.602,9.322],[4.613,9.306],[4.646,9.278],[4.665,9.267],[4.687,9.261],[4.714,9.261],[4.731,9.252],[4.741,9.238],[4.746,9.218],[4.748,9.206],[4.755,9.142],[4.758,9.13],[4.777,9.116],[4.788,9.109],[4.8,9.106],[4.821,9.109],[4.912,9.142],[4.969,9.166],[4.991,9.169],[5.008,9.169],[5.049,9.148],[5.11,9.121],[5.133,9.103],[5.165,9.063],[5.184,9.05],[5.22,9.004],[5.224,8.994],[5.232,8.991],[5.236,8.987],[5.255,8.982],[5.258,8.979],[5.272,8.976],[5.287,8.981],[5.3,8.983],[5.318,8.991],[5.336,8.995],[5.346,8.993],[5.369,8.984],[5.378,8.989],[5.397,8.982],[5.409,8.982],[5.427,8.97],[5.441,8.966],[5.454,8.967],[5.469,8.956],[5.479,8.96],[5.497,8.947],[5.529,8.929],[5.543,8.919],[5.588,8.89],[5.625,8.865],[5.67,8.842],[5.753,8.784],[5.764,8.77],[5.769,8.759],[5.792,8.748],[5.822,8.739],[5.869,8.734],[5.901,8.733],[5.931,8.738],[5.94,8.743],[5.956,8.748],[5.969,8.746],[6.02,8.754],[6.078,8.753],[6.097,8.746],[6.108,8.744],[6.135,8.743],[6.179,8.729],[6.211,8.726],[6.194,8.696],[6.184,8.686],[6.176,8.68],[6.171,8.672],[6.162,8.637],[6.142,8.578],[6.134,8.546],[6.132,8.528],[6.133,8.509],[6.128,8.476],[6.122,8.463],[6.124,8.442],[6.118,8.434],[6.115,8.432],[6.11,8.409],[6.101,8.393],[6.098,8.382],[6.066,8.375],[6.049,8.373],[6.011,8.383],[5.96,8.391],[5.947,8.398],[5.912,8.4],[5.884,8.396],[5.875,8.397],[5.864,8.406],[5.85,8.407],[5.79,8.404],[5.774,8.407],[5.759,8.416],[5.745,8.421],[5.715,8.422],[5.702,8.431],[5.661,8.441],[5.634,8.455],[5.617,8.461],[5.575,8.49],[5.556,8.511],[5.554,8.519],[5.545,8.531],[5.543,8.538],[5.538,8.541],[5.523,8.535],[5.496,8.512],[5.48,8.504],[5.471,8.49],[5.444,8.466],[5.42,8.44],[5.383,8.376],[5.348,8.337],[5.346,8.322],[5.37,8.277],[5.377,8.262],[5.393,8.241],[5.416,8.223],[5.415,8.22],[5.417,8.212],[5.43,8.199],[5.456,8.183],[5.458,8.173],[5.473,8.163],[5.497,8.154],[5.517,8.139],[5.535,8.132],[5.542,8.122],[5.548,8.093],[5.545,8.077],[5.536,8.07],[5.521,8.069]]]]}},{"type":"Feature","properties":{"NAME_1":"Lagos"},"geometry":{"type":"MultiPolygon","coordinates":[[[[3.395,6.396],[3.399,6.392],[3.393,6.396],[3.353,6.401],[3.352,6.402],[3.342,6.402],[3.339,6.403],[3.335,6.402],[3.334,6.404],[3.33,6.403],[3.329,6.404],[3.321,6.404],[3.312,6.405],[3.308,6.404],[3.301,6.406],[3.297,6.404],[3.292,6.405],[3.198,6.405],[3.157,6.402],[3.043,6.4],[2.998,6.397],[2.898,6.395],[2.863,6.392],[2.838,6.392],[2.712,6.375],[2.711,6.377],[2.709,6.376],[2.708,6.409],[2.706,6.426],[2.711,6.453],[2.718,6.473],[2.738,6.467],[2.774,6.474],[2.793,6.474],[2.805,6.467],[2.813,6.465],[2.814,6.463],[2.825,6.46],[2.834,6.465],[2.84,6.471],[2.853,6.482],[2.875,6.494],[2.88,6.499],[2.882,6.512],[2.88,6.522],[2.88,6.525],[2.884,6.526],[2.921,6.524],[2.944,6.518],[2.956,6.522],[2.969,6.522],[2.981,6.519],[2.991,6.521],[3.034,6.518],[3.08,6.523],[3.103,6.522],[3.112,6.519],[3.118,6.521],[3.134,6.518],[3.155,6.519],[3.163,6.522],[3.166,6.521],[3.181,6.533],[3.183,6.538],[3.19,6.56],[3.191,6.581],[3.195,6.601],[3.216,6.615],[3.228,6.626],[3.232,6.645],[3.23,6.652],[3.232,6.656],[3.231,6.666],[3.252,6.707],[3.252,6.705],[3.264,6.707],[3.268,6.707],[3.294,6.698],[3.337,6.679],[3.357,6.666],[3.359,6.662],[3.362,6.659],[3.363,6.655],[3.368,6.649],[3.37,6.643],[3.438,6.649],[3.444,6.651],[3.44,6.654],[3.437,6.659],[3.434,6.67],[3.435,6.675],[3.449,6.687],[3.456,6.691],[3.461,6.692],[3.46,6.691],[4.068,6.685],[4.08,6.684],[4.085,6.682],[4.092,6.674],[4.094,6.668],[4.079,6.646],[4.075,6.642],[4.066,6.64],[4.061,6.636],[4.058,6.631],[4.05,6.621],[4.046,6.606],[4.051,6.593],[4.055,6.591],[4.058,6.586],[4.059,6.562],[4.076,6.558],[4.081,6.552],[4.084,6.546],[4.088,6.544],[4.094,6.545],[4.108,6.553],[4.131,6.573],[4.146,6.579],[4.172,6.586],[4.197,6.587],[4.202,6.586],[4.215,6.57],[4.219,6.562],[4.221,6.547],[4.211,6.535],[4.203,6.53],[4.158,6.509],[4.151,6.5],[4.149,6.492],[4.152,6.481],[4.167,6.468],[4.175,6.467],[4.178,6.464],[4.202,6.46],[4.206,6.457],[4.212,6.456],[4.22,6.442],[4.23,6.435],[4.239,6.433],[4.258,6.442],[4.285,6.439],[4.293,6.434],[4.295,6.433],[4.316,6.438],[4.333,6.437],[4.343,6.432],[4.347,6.423],[4.348,6.411],[4.347,6.401],[4.343,6.394],[4.342,6.373],[4.302,6.38],[4.268,6.383],[4.248,6.383],[4.202,6.39],[4.154,6.398],[4.153,6.403],[4.151,6.399],[4.057,6.417],[4.001,6.425],[3.978,6.43],[3.89,6.438],[3.877,6.437],[3.803,6.44],[3.72,6.428],[3.679,6.425],[3.593,6.425],[3.569,6.423],[3.526,6.423],[3.513,6.421],[3.508,6.423],[3.479,6.421],[3.421,6.423],[3.412,6.421],[3.407,6.418],[3.403,6.406],[3.404,6.396],[3.402,6.4],[3.395,6.396]]]]}},{"type":"Feature","properties":{"NAME_1":"Nasarawa"},"geometry":{"type":"MultiPolygon","coordinates":[[[[8.114,7.889],[8.091,7.903],[8.06,7.913],[8.002,7.934],[7.98,7.947],[7.978,7.946],[7.969,7.949],[7.95,7.96],[7.903,7.971],[7.871,7.972],[7.812,7.98],[7.768,7.99],[7.715,8.01],[7.678,8.02],[7.618,8.022],[7.54,8.029],[7.508,8.037],[7.483,8.04],[7.454,8.04],[7.369,8.029],[7.332,8.018],[7.263,8.001],[7.236,7.996],[7.188,7.982],[7.168,7.975],[7.116,7.95],[7.085,7.938],[7.066,7.927],[7.043,7.918],[7.019,7.909],[6.998,7.898],[6.966,7.867],[6.95,7.862],[6.939,7.871],[6.937,7.894],[6.941,7.931],[6.955,7.965],[6.981,7.992],[6.983,8.043],[6.982,8.068],[7.001,8.143],[6.997,8.163],[7.0,8.178],[7.0,8.195],[6.991,8.212],[6.993,8.227],[6.992,8.243],[6.978,8.26],[6.975,8.261],[6.972,8.273],[6.957,8.286],[6.949,8.296],[6.948,8.305],[6.943,8.313],[6.943,8.326],[6.96,8.351],[6.968,8.369],[6.978,8.412],[7.007,8.415],[7.021,8.422],[7.064,8.424],[7.091,8.431],[7.158,8.44],[7.18,8.447],[7.205,8.459],[7.263,8.472],[7.28,8.476],[7.287,8.483],[7.316,8.496],[7.357,8.521],[7.373,8.525],[7.392,8.535],[7.403,8.543],[7.409,8.553],[7.437,8.593],[7.453,8.609],[7.47,8.636],[7.48,8.672],[7.487,8.69],[7.5,8.696],[7.503,8.719],[7.507,8.726],[7.513,8.753],[7.518,8.79],[7.524,8.81],[7.525,8.824],[7.534,8.84],[7.538,8.856],[7.543,8.863],[7.546,8.882],[7.557,8.908],[7.56,8.932],[7.557,8.952],[7.563,8.969],[7.562,8.998],[7.563,9.004],[7.565,9.008],[7.566,9.021],[7.557,9.056],[7.558,9.079],[7.556,9.098],[7.56,9.121],[7.559,9.146],[7.564,9.166],[7.571,9.181],[7.576,9.204],[7.593,9.251],[7.601,9.261],[7.618,9.262],[7.625,9.272],[7.628,9.291],[7.627,9.297],[7.626,9.311],[7.648,9.327],[7.652,9.328],[7.66,9.325],[7.664,9.32],[7.669,9.295],[7.674,9.288],[7.681,9.283],[7.688,9.282],[7.7,9.288],[7.705,9.292],[7.72,9.29],[7.734,9.281],[7.736,9.276],[7.74,9.271],[7.749,9.268],[7.753,9.264],[7.759,9.261],[7.781,9.265],[7.785,9.264],[7.809,9.248],[7.816,9.247],[7.832,9.25],[7.851,9.266],[7.854,9.274],[7.864,9.282],[7.866,9.292],[7.879,9.323],[7.888,9.33],[7.889,9.339],[7.906,9.357],[7.911,9.361],[7.922,9.362],[7.932,9.36],[7.94,9.356],[7.958,9.339],[7.962,9.331],[7.987,9.313],[7.993,9.299],[7.992,9.269],[7.993,9.261],[8.0,9.254],[8.034,9.242],[8.054,9.225],[8.061,9.222],[8.071,9.21],[8.078,9.196],[8.08,9.178],[8.081,9.149],[8.079,9.105],[8.077,9.086],[8.077,9.04],[8.08,9.03],[8.082,9.028],[8.083,9.019],[8.094,9.007],[8.1,9.005],[8.113,9.004],[8.123,9.007],[8.161,9.033],[8.229,9.109],[8.243,9.14],[8.249,9.147],[8.264,9.156],[8.285,9.152],[8.294,9.143],[8.309,9.132],[8.339,9.128],[8.371,9.128],[8.386,9.116],[8.419,9.073],[8.441,9.052],[8.457,9.033],[8.46,9.019],[8.467,9.003],[8.493,9.0],[8.507,9.001],[8.533,9.007],[8.546,9.019],[8.57,9.062],[8.6,9.106],[8.621,9.149],[8.624,9.162],[8.642,9.196],[8.651,9.205],[8.66,9.205],[8.665,9.196],[8.678,9.183],[8.687,9.178],[8.699,9.177],[8.711,9.179],[8.726,9.177],[8.75,9.169],[8.76,9.163],[8.764,9.153],[8.767,9.136],[8.769,9.12],[8.767,9.107],[8.77,9.091],[8.783,9.067],[8.801,9.036],[8.818,9.028],[8.824,9.027],[8.836,9.021],[8.86,9.02],[8.881,9.018],[8.911,9.012],[8.933,9.012],[8.951,9.014],[8.982,9.012],[8.982,9.015],[8.985,9.017],[9.012,9.03],[9.027,9.033],[9.044,9.024],[9.055,9.013],[9.058,9.008],[9.067,9.002],[9.076,8.989],[9.075,8.975],[9.066,8.956],[9.063,8.942],[9.048,8.915],[9.035,8.899],[9.026,8.891],[9.02,8.877],[9.009,8.867],[9.002,8.857],[8.986,8.845],[8.979,8.843],[8.97,8.844],[8.963,8.842],[8.956,8.839],[8.939,8.825],[8.934,8.819],[8.921,8.79],[8.915,8.784],[8.914,8.78],[8.905,8.77],[8.894,8.766],[8.889,8.758],[8.883,8.731],[8.887,8.73],[8.884,8.721],[8.891,8.705],[8.894,8.694],[8.911,8.669],[8.928,8.655],[8.932,8.642],[8.936,8.607],[8.931,8.581],[8.928,8.548],[8.944,8.521],[8.952,8.514],[8.985,8.5],[8.989,8.499],[8.989,8.497],[9.035,8.471],[9.094,8.45],[9.113,8.454],[9.226,8.452],[9.279,8.469],[9.384,8.497],[9.472,8.457],[9.551,8.428],[9.592,8.394],[9.616,8.351],[9.587,8.304],[9.574,8.292],[9.562,8.284],[9.53,8.279],[9.516,8.283],[9.491,8.285],[9.474,8.291],[9.457,8.294],[9.451,8.301],[9.427,8.297],[9.421,8.306],[9.411,8.314],[9.399,8.318],[9.383,8.329],[9.364,8.328],[9.362,8.33],[9.353,8.329],[9.332,8.315],[9.31,8.28],[9.305,8.247],[9.299,8.235],[9.326,8.213],[9.359,8.172],[9.365,8.126],[9.356,8.115],[9.359,8.105],[9.358,8.104],[9.372,8.072],[9.373,8.062],[9.37,8.053],[9.36,8.044],[9.349,8.04],[9.342,8.033],[9.318,8.02],[9.284,7.994],[9.257,7.978],[9.2,7.941],[9.189,7.937],[9.18,7.93],[9.172,7.914],[9.169,7.915],[9.047,8.012],[8.979,8.058],[8.979,8.047],[8.915,8.043],[8.87,8.045],[8.803,8.056],[8.773,8.065],[8.725,8.075],[8.604,8.117],[8.562,8.135],[8.537,8.14],[8.519,8.142],[8.496,8.142],[8.455,8.135],[8.391,8.099],[8.371,8.077],[8.367,8.065],[8.358,8.048],[8.353,8.012],[8.356,7.99],[8.366,7.974],[8.372,7.952],[8.387,7.921],[8.391,7.902],[8.412,7.857],[8.432,7.802],[8.43,7.78],[8.412,7.763],[8.382,7.777],[8.367,7.781],[8.35,7.791],[8.326,7.799],[8.3,7.824],[8.272,7.844],[8.255,7.842],[8.223,7.852],[8.17,7.858],[8.148,7.869],[8.114,7.889]]]]}},{"type":"Feature","properties":{"NAME_1":"Niger"},"geometry":{"type":"MultiPolygon","coordinates":[[[[6.75,9.067],[6.747,9.009],[6.748,8.998],[6.746,8.998],[6.748,8.991],[6.748,8.981],[6.751,8.971],[6.758,8.512],[6.752,8.504],[6.751,8.49],[6.782,8.411],[6.805,8.403],[6.835,8.407],[6.834,8.399],[6.827,8.378],[6.822,8.37],[6.817,8.354],[6.792,8.339],[6.79,8.338],[6.786,8.34],[6.784,8.339],[6.759,8.326],[6.756,8.316],[6.758,8.279],[6.751,8.277],[6.746,8.284],[6.735,8.291],[6.732,8.287],[6.712,8.246],[6.707,8.215],[6.702,8.2],[6.696,8.194],[6.687,8.198],[6.67,8.198],[6.654,8.208],[6.611,8.258],[6.59,8.29],[6.538,8.356],[6.513,8.378],[6.502,8.393],[6.494,8.399],[6.456,8.421],[6.434,8.437],[6.431,8.448],[6.415,8.493],[6.404,8.532],[6.396,8.554],[6.393,8.569],[6.389,8.578],[6.382,8.584],[6.379,8.595],[6.37,8.605],[6.348,8.639],[6.338,8.649],[6.316,8.669],[6.307,8.68],[6.291,8.691],[6.276,8.699],[6.261,8.71],[6.236,8.72],[6.224,8.724],[6.179,8.729],[6.135,8.743],[6.108,8.744],[6.097,8.746],[6.078,8.753],[6.02,8.754],[5.969,8.746],[5.956,8.748],[5.94,8.743],[5.931,8.738],[5.901,8.733],[5.869,8.734],[5.822,8.739],[5.792,8.748],[5.769,8.759],[5.764,8.77],[5.753,8.784],[5.67,8.842],[5.625,8.865],[5.588,8.89],[5.543,8.919],[5.529,8.929],[5.497,8.947],[5.479,8.96],[5.469,8.956],[5.454,8.967],[5.441,8.966],[5.427,8.97],[5.409,8.982],[5.397,8.982],[5.378,8.989],[5.369,8.984],[5.346,8.993],[5.336,8.995],[5.318,8.991],[5.3,8.983],[5.287,8.981],[5.272,8.976],[5.258,8.979],[5.255,8.982],[5.236,8.987],[5.232,8.991],[5.224,8.994],[5.22,9.004],[5.184,9.05],[5.165,9.063],[5.133,9.103],[5.11,9.121],[5.049,9.148],[5.008,9.169],[4.991,9.169],[4.969,9.166],[4.912,9.142],[4.821,9.109],[4.8,9.106],[4.788,9.109],[4.777,9.116],[4.758,9.13],[4.755,9.142],[4.748,9.206],[4.746,9.218],[4.741,9.238],[4.731,9.252],[4.714,9.261],[4.687,9.261],[4.665,9.267],[4.646,9.278],[4.613,9.306],[4.602,9.322],[4.597,9.344],[4.596,9.366],[4.6,9.399],[4.593,9.425],[4.579,9.437],[4.551,9.436],[4.513,9.429],[4.457,9.425],[4.436,9.431],[4.426,9.451],[4.422,9.49],[4.423,9.544],[4.421,9.576],[4.428,9.637],[4.433,9.651],[4.432,9.679],[4.428,9.698],[4.412,9.705],[4.384,9.703],[4.369,9.71],[4.347,9.728],[4.303,9.776],[4.276,9.813],[4.256,9.832],[4.244,9.857],[4.224,9.881],[4.188,9.916],[4.171,9.938],[4.141,9.971],[4.097,10.025],[4.086,10.041],[4.074,10.054],[4.04,10.089],[4.007,10.12],[3.998,10.135],[3.986,10.141],[3.94,10.15],[3.869,10.143],[3.851,10.146],[3.757,10.145],[3.726,10.142],[3.677,10.133],[3.67,10.13],[3.676,10.149],[3.676,10.156],[3.679,10.17],[3.678,10.178],[3.672,10.184],[3.655,10.184],[3.646,10.189],[3.623,10.214],[3.612,10.222],[3.598,10.242],[3.592,10.253],[3.584,10.278],[3.614,10.356],[3.626,10.374],[3.634,10.39],[3.635,10.395],[3.632,10.417],[3.638,10.428],[3.646,10.435],[3.665,10.443],[3.688,10.456],[3.695,10.454],[3.761,10.419],[3.769,10.416],[3.786,10.405],[3.802,10.455],[3.801,10.485],[3.806,10.503],[3.832,10.569],[3.848,10.589],[3.851,10.602],[3.848,10.668],[3.846,10.671],[3.844,10.693],[3.841,10.705],[3.833,10.712],[3.813,10.723],[3.797,10.735],[3.785,10.754],[3.772,10.785],[3.752,10.816],[3.749,10.825],[3.749,10.838],[3.769,10.898],[3.771,10.931],[3.76,10.997],[3.752,11.011],[3.734,11.02],[3.717,11.024],[3.717,11.035],[3.721,11.043],[3.724,11.056],[3.719,11.087],[3.728,11.118],[3.726,11.124],[3.717,11.128],[3.712,11.128],[3.727,11.136],[3.758,11.135],[3.774,11.13],[3.799,11.115],[3.82,11.107],[3.891,11.064],[3.952,11.034],[4.008,11.011],[4.038,11.006],[4.071,11.005],[4.108,11.012],[4.138,11.012],[4.168,11.016],[4.185,11.013],[4.235,11.019],[4.29,11.016],[4.301,11.013],[4.335,11.013],[4.359,11.017],[4.369,11.021],[4.389,11.024],[4.408,11.027],[4.455,11.028],[4.512,11.011],[4.54,11.001],[4.555,10.991],[4.567,10.981],[4.584,10.972],[4.606,10.956],[4.625,10.946],[4.667,10.918],[4.676,10.91],[4.691,10.913],[4.701,10.912],[4.727,10.905],[4.748,10.895],[4.756,10.883],[4.753,10.818],[4.751,10.804],[4.737,10.757],[4.721,10.667],[4.714,10.647],[4.651,10.586],[4.639,10.576],[4.576,10.553],[4.552,10.537],[4.536,10.522],[4.522,10.505],[4.505,10.476],[4.498,10.453],[4.498,10.438],[4.495,10.425],[4.494,10.392],[4.496,10.371],[4.495,10.352],[4.505,10.327],[4.514,10.313],[4.551,10.285],[4.561,10.271],[4.559,10.252],[4.561,10.237],[4.556,10.208],[4.549,10.191],[4.54,10.155],[4.538,10.14],[4.54,10.119],[4.547,10.11],[4.563,10.103],[4.633,10.096],[4.642,10.103],[4.647,10.178],[4.65,10.197],[4.661,10.205],[4.703,10.212],[4.728,10.22],[4.77,10.237],[4.788,10.238],[4.806,10.237],[4.824,10.241],[4.845,10.251],[4.867,10.266],[4.896,10.3],[4.9,10.325],[4.888,10.364],[4.858,10.412],[4.829,10.444],[4.814,10.467],[4.808,10.489],[4.816,10.511],[4.816,10.536],[4.812,10.564],[4.813,10.591],[4.816,10.615],[4.813,10.643],[4.816,10.664],[4.831,10.676],[4.841,10.681],[4.856,10.683],[4.886,10.684],[4.918,10.672],[4.937,10.675],[4.972,10.695],[5.021,10.717],[5.05,10.722],[5.082,10.732],[5.099,10.756],[5.1,10.789],[5.081,10.811],[5.037,10.837],[5.029,10.86],[5.039,10.883],[5.06,10.9],[5.074,10.907],[5.078,10.924],[5.073,10.959],[5.071,10.986],[5.06,11.029],[5.048,11.04],[5.033,11.043],[5.02,11.04],[5.003,11.072],[4.985,11.075],[4.956,11.074],[4.916,11.08],[4.829,11.115],[4.793,11.133],[4.771,11.148],[4.756,11.168],[4.754,11.192],[4.761,11.21],[4.776,11.225],[4.789,11.232],[4.812,11.241],[4.838,11.258],[4.854,11.266],[4.947,11.299],[4.985,11.302],[5.003,11.31],[5.053,11.321],[5.079,11.324],[5.101,11.331],[5.152,11.338],[5.17,11.343],[5.212,11.347],[5.271,11.346],[5.287,11.344],[5.3,11.338],[5.317,11.335],[5.329,11.329],[5.344,11.309],[5.352,11.281],[5.356,11.249],[5.356,11.225],[5.36,11.206],[5.373,11.185],[5.394,11.171],[5.415,11.161],[5.434,11.146],[5.441,11.118],[5.441,11.082],[5.436,11.041],[5.441,10.977],[5.453,10.963],[5.468,10.957],[5.47,10.96],[5.529,10.957],[5.555,10.96],[5.57,10.959],[5.593,10.963],[5.615,10.964],[5.64,10.968],[5.711,10.996],[5.747,11.016],[5.836,11.049],[5.856,11.051],[5.872,11.051],[5.899,11.055],[5.92,11.091],[5.934,11.099],[5.952,11.115],[5.961,11.129],[5.975,11.134],[5.992,11.132],[6.005,11.129],[6.029,11.11],[6.053,11.075],[6.081,11.041],[6.119,10.973],[6.142,10.935],[6.168,10.87],[6.166,10.849],[6.158,10.837],[6.144,10.809],[6.117,10.77],[6.119,10.739],[6.112,10.72],[6.111,10.694],[6.134,10.656],[6.136,10.632],[6.125,10.6],[6.128,10.539],[6.115,10.522],[6.099,10.511],[6.093,10.474],[6.097,10.452],[6.115,10.435],[6.146,10.42],[6.158,10.392],[6.166,10.363],[6.189,10.354],[6.212,10.368],[6.236,10.397],[6.257,10.43],[6.299,10.48],[6.324,10.495],[6.347,10.514],[6.389,10.552],[6.412,10.564],[6.429,10.576],[6.463,10.586],[6.486,10.59],[6.51,10.588],[6.526,10.572],[6.531,10.55],[6.543,10.53],[6.574,10.537],[6.613,10.556],[6.637,10.566],[6.666,10.575],[6.692,10.575],[6.73,10.566],[6.741,10.582],[6.73,10.62],[6.749,10.639],[6.825,10.631],[6.835,10.623],[6.843,10.592],[6.844,10.566],[6.848,10.539],[6.847,10.521],[6.87,10.518],[6.886,10.527],[6.906,10.529],[6.932,10.522],[6.947,10.496],[6.964,10.461],[6.963,10.42],[6.955,10.393],[6.945,10.37],[6.942,10.354],[7.02,10.327],[7.047,10.314],[7.072,10.299],[7.067,10.268],[7.05,10.239],[7.026,10.22],[6.998,10.207],[6.982,10.197],[6.968,10.174],[6.942,10.147],[6.907,10.125],[6.892,10.105],[6.909,10.074],[6.936,10.047],[6.996,10.021],[7.044,10.007],[7.081,10.011],[7.118,10.011],[7.146,10.008],[7.181,10.007],[7.232,10.01],[7.263,10.007],[7.274,9.998],[7.279,9.982],[7.278,9.957],[7.282,9.935],[7.282,9.9],[7.297,9.838],[7.299,9.789],[7.294,9.774],[7.288,9.764],[7.261,9.758],[7.236,9.758],[7.222,9.751],[7.217,9.741],[7.22,9.726],[7.238,9.714],[7.256,9.708],[7.284,9.701],[7.297,9.692],[7.298,9.683],[7.294,9.666],[7.287,9.658],[7.283,9.644],[7.302,9.631],[7.319,9.626],[7.332,9.618],[7.34,9.606],[7.341,9.588],[7.326,9.568],[7.301,9.549],[7.291,9.537],[7.282,9.492],[7.269,9.478],[7.25,9.47],[7.229,9.457],[7.22,9.443],[7.219,9.405],[7.227,9.393],[7.242,9.383],[7.266,9.371],[7.274,9.361],[7.264,9.336],[7.257,9.31],[7.25,9.297],[7.251,9.294],[7.257,9.294],[7.291,9.304],[7.308,9.302],[7.311,9.297],[7.304,9.293],[7.284,9.259],[7.276,9.252],[7.252,9.214],[7.235,9.192],[7.224,9.174],[7.211,9.156],[7.197,9.141],[7.171,9.099],[7.156,9.096],[7.146,9.099],[7.118,9.13],[7.09,9.15],[7.074,9.166],[7.063,9.179],[7.016,9.215],[7.008,9.226],[6.979,9.236],[6.963,9.232],[6.941,9.231],[6.931,9.233],[6.921,9.23],[6.888,9.229],[6.867,9.231],[6.857,9.229],[6.801,9.228],[6.758,9.223],[6.752,9.217],[6.75,9.186],[6.752,9.119],[6.75,9.067]]]]}},{"type":"Feature","properties":{"NAME_1":"Ogun"},"geometry":{"type":"MultiPolygon","coordinates":[[[[4.343,6.394],[4.347,6.401],[4.348,6.411],[4.347,6.423],[4.343,6.432],[4.333,6.437],[4.316,6.438],[4.295,6.433],[4.293,6.434],[4.285,6.439],[4.258,6.442],[4.239,6.433],[4.23,6.435],[4.22,6.442],[4.212,6.456],[4.206,6.457],[4.202,6.46],[4.178,6.464],[4.175,6.467],[4.167,6.468],[4.152,6.481],[4.149,6.492],[4.151,6.5],[4.158,6.509],[4.203,6.53],[4.211,6.535],[4.221,6.547],[4.219,6.562],[4.215,6.57],[4.202,6.586],[4.197,6.587],[4.172,6.586],[4.146,6.579],[4.131,6.573],[4.108,6.553],[4.094,6.545],[4.088,6.544],[4.084,6.546],[4.081,6.552],[4.076,6.558],[4.059,6.562],[4.058,6.586],[4.055,6.591],[4.051,6.593],[4.046,6.606],[4.05,6.621],[4.064,6.638],[4.075,6.642],[4.079,6.646],[4.094,6.668],[4.092,6.674],[4.085,6.682],[4.068,6.685],[3.46,6.691],[3.461,6.692],[3.456,6.691],[3.449,6.687],[3.435,6.675],[3.434,6.67],[3.437,6.659],[3.44,6.654],[3.444,6.651],[3.438,6.649],[3.37,6.643],[3.368,6.649],[3.363,6.655],[3.362,6.659],[3.359,6.662],[3.357,6.666],[3.337,6.679],[3.282,6.702],[3.268,6.707],[3.252,6.705],[3.252,6.707],[3.231,6.666],[3.232,6.656],[3.23,6.652],[3.232,6.645],[3.229,6.628],[3.216,6.615],[3.195,6.601],[3.191,6.581],[3.19,6.56],[3.183,6.538],[3.181,6.533],[3.166,6.521],[3.163,6.522],[3.155,6.519],[3.134,6.518],[3.118,6.521],[3.112,6.519],[3.103,6.522],[3.08,6.523],[3.034,6.518],[2.991,6.521],[2.981,6.519],[2.969,6.522],[2.956,6.522],[2.944,6.518],[2.94,6.518],[2.921,6.524],[2.897,6.524],[2.887,6.527],[2.88,6.525],[2.88,6.522],[2.882,6.512],[2.88,6.499],[2.875,6.494],[2.853,6.482],[2.84,6.471],[2.834,6.465],[2.825,6.46],[2.814,6.463],[2.813,6.465],[2.805,6.467],[2.793,6.474],[2.774,6.474],[2.738,6.467],[2.718,6.473],[2.72,6.508],[2.725,6.526],[2.729,6.534],[2.743,6.545],[2.751,6.557],[2.753,6.571],[2.745,6.584],[2.736,6.609],[2.731,6.631],[2.752,6.666],[2.761,6.674],[2.77,6.68],[2.787,6.695],[2.786,6.723],[2.79,6.739],[2.789,6.748],[2.786,6.755],[2.779,6.759],[2.763,6.758],[2.752,6.759],[2.739,6.765],[2.733,6.779],[2.729,6.79],[2.728,6.802],[2.73,6.809],[2.749,6.839],[2.745,6.847],[2.744,6.857],[2.751,6.885],[2.752,6.912],[2.748,6.928],[2.727,6.93],[2.72,6.935],[2.718,6.94],[2.721,6.987],[2.729,6.998],[2.743,7.013],[2.767,7.026],[2.775,7.034],[2.785,7.037],[2.793,7.041],[2.782,7.054],[2.767,7.065],[2.763,7.067],[2.753,7.077],[2.745,7.093],[2.745,7.099],[2.751,7.106],[2.767,7.117],[2.775,7.128],[2.785,7.159],[2.784,7.182],[2.774,7.234],[2.762,7.248],[2.757,7.251],[2.751,7.258],[2.749,7.261],[2.75,7.311],[2.747,7.366],[2.748,7.417],[2.757,7.417],[2.763,7.419],[2.786,7.419],[2.796,7.423],[2.799,7.426],[2.798,7.483],[2.793,7.495],[2.786,7.499],[2.775,7.511],[2.762,7.519],[2.755,7.521],[2.75,7.527],[2.746,7.54],[2.748,7.547],[2.746,7.556],[2.736,7.565],[2.73,7.58],[2.728,7.61],[2.729,7.623],[2.725,7.648],[2.73,7.699],[2.728,7.745],[2.732,7.772],[2.729,7.792],[2.725,7.808],[2.72,7.811],[2.711,7.813],[2.709,7.817],[2.706,7.833],[2.696,7.855],[2.668,7.89],[2.676,7.893],[2.678,7.897],[2.701,7.911],[2.709,7.92],[2.739,7.942],[2.758,7.953],[2.775,7.966],[2.8,7.971],[2.831,7.97],[2.862,7.955],[2.872,7.943],[2.882,7.926],[2.888,7.903],[2.889,7.854],[2.888,7.826],[2.891,7.799],[2.9,7.761],[2.911,7.738],[2.921,7.726],[2.935,7.723],[2.944,7.761],[2.95,7.813],[2.956,7.823],[2.959,7.833],[2.967,7.84],[2.989,7.84],[2.996,7.837],[3.003,7.831],[3.01,7.82],[3.012,7.803],[3.009,7.753],[3.003,7.727],[2.995,7.712],[2.988,7.681],[2.982,7.673],[2.981,7.656],[2.974,7.66],[2.966,7.651],[2.968,7.639],[2.969,7.611],[2.975,7.592],[2.987,7.573],[3.004,7.56],[3.009,7.552],[3.039,7.532],[3.058,7.512],[3.062,7.498],[3.073,7.479],[3.075,7.463],[3.087,7.452],[3.088,7.44],[3.122,7.398],[3.126,7.39],[3.137,7.379],[3.166,7.359],[3.175,7.352],[3.213,7.334],[3.248,7.331],[3.262,7.334],[3.278,7.329],[3.294,7.335],[3.306,7.337],[3.314,7.344],[3.328,7.364],[3.339,7.391],[3.351,7.401],[3.355,7.429],[3.366,7.457],[3.369,7.47],[3.387,7.487],[3.396,7.493],[3.417,7.495],[3.425,7.494],[3.438,7.489],[3.445,7.476],[3.452,7.46],[3.458,7.439],[3.466,7.419],[3.479,7.405],[3.492,7.401],[3.508,7.405],[3.522,7.414],[3.526,7.423],[3.541,7.427],[3.566,7.432],[3.602,7.432],[3.616,7.434],[3.652,7.432],[3.666,7.429],[3.68,7.411],[3.685,7.398],[3.692,7.362],[3.693,7.347],[3.692,7.318],[3.691,7.307],[3.697,7.295],[3.732,7.278],[3.745,7.276],[3.756,7.258],[3.754,7.222],[3.764,7.207],[3.772,7.179],[3.779,7.132],[3.769,7.117],[3.758,7.111],[3.714,7.068],[3.709,7.049],[3.715,7.045],[3.735,7.048],[3.751,7.046],[3.769,7.049],[3.813,7.049],[3.831,7.051],[3.833,7.055],[3.84,7.053],[3.857,7.058],[3.881,7.057],[3.898,7.059],[3.906,7.056],[3.922,7.061],[3.932,7.068],[3.945,7.071],[3.957,7.076],[3.968,7.088],[3.982,7.098],[4.017,7.105],[4.029,7.104],[4.067,7.109],[4.076,7.113],[4.085,7.112],[4.094,7.119],[4.121,7.13],[4.136,7.146],[4.144,7.148],[4.159,7.142],[4.168,7.128],[4.172,7.113],[4.171,7.086],[4.173,7.07],[4.177,7.059],[4.194,7.055],[4.209,7.059],[4.223,7.07],[4.248,7.082],[4.255,7.088],[4.271,7.091],[4.298,7.091],[4.326,7.082],[4.353,7.024],[4.358,7.001],[4.364,6.981],[4.374,6.967],[4.38,6.97],[4.387,6.978],[4.402,6.986],[4.407,6.992],[4.423,6.998],[4.441,6.999],[4.451,6.989],[4.46,6.988],[4.473,6.992],[4.478,6.996],[4.494,7.003],[4.516,7.005],[4.529,7.0],[4.546,7.007],[4.561,7.007],[4.566,7.005],[4.558,6.977],[4.56,6.955],[4.556,6.946],[4.553,6.933],[4.551,6.931],[4.551,6.922],[4.549,6.899],[4.542,6.876],[4.538,6.857],[4.521,6.833],[4.509,6.826],[4.494,6.813],[4.475,6.806],[4.461,6.797],[4.429,6.767],[4.402,6.744],[4.397,6.733],[4.384,6.718],[4.363,6.685],[4.354,6.665],[4.356,6.634],[4.352,6.623],[4.354,6.61],[4.361,6.598],[4.387,6.578],[4.406,6.576],[4.431,6.569],[4.457,6.568],[4.465,6.565],[4.472,6.565],[4.48,6.568],[4.488,6.566],[4.494,6.567],[4.5,6.573],[4.517,6.584],[4.526,6.594],[4.534,6.61],[4.544,6.621],[4.559,6.629],[4.572,6.629],[4.583,6.617],[4.586,6.607],[4.586,6.579],[4.586,6.56],[4.582,6.544],[4.586,6.514],[4.596,6.487],[4.592,6.472],[4.585,6.457],[4.565,6.454],[4.545,6.447],[4.532,6.428],[4.515,6.417],[4.492,6.418],[4.476,6.415],[4.464,6.405],[4.454,6.394],[4.47,6.387],[4.494,6.391],[4.515,6.391],[4.539,6.38],[4.569,6.363],[4.572,6.345],[4.563,6.32],[4.559,6.317],[4.542,6.315],[4.518,6.323],[4.492,6.322],[4.473,6.333],[4.448,6.343],[4.418,6.353],[4.413,6.358],[4.412,6.356],[4.408,6.356],[4.407,6.358],[4.404,6.358],[4.401,6.36],[4.399,6.359],[4.391,6.363],[4.381,6.364],[4.381,6.369],[4.378,6.365],[4.374,6.365],[4.36,6.369],[4.358,6.373],[4.355,6.371],[4.343,6.373],[4.342,6.373],[4.343,6.394]]]]}},{"type":"Feature","properties":{"NAME_1":"Ondo"},"geometry":{"type":"MultiPolygon","coordinates":[[[[4.998,5.862],[4.999,5.86],[4.999,5.859],[4.996,5.863],[4.998,5.862]]],[[[4.991,5.871],[4.994,5.867],[4.994,5.866],[4.99,5.872],[4.991,5.871]]],[[[4.98,5.887],[4.986,5.879],[4.987,5.875],[4.978,5.887],[4.98,5.887]]],[[[4.991,6.299],[4.983,6.297],[4.978,6.288],[4.983,6.295],[4.979,6.286],[4.981,6.278],[4.986,6.271],[4.997,6.27],[5.009,6.258],[5.028,6.248],[5.032,6.241],[5.039,6.234],[5.05,6.218],[5.05,6.208],[5.055,6.2],[5.074,6.201],[5.08,6.199],[5.093,6.192],[5.102,6.182],[5.107,6.173],[5.108,6.164],[5.122,6.146],[5.119,6.136],[5.004,5.856],[4.98,5.889],[4.977,5.892],[4.974,5.891],[4.964,5.908],[4.944,5.926],[4.945,5.93],[4.94,5.937],[4.935,5.937],[4.937,5.94],[4.933,5.943],[4.914,5.965],[4.912,5.966],[4.927,5.947],[4.93,5.944],[4.929,5.943],[4.886,5.994],[4.867,6.014],[4.856,6.022],[4.847,6.033],[4.837,6.041],[4.832,6.049],[4.821,6.058],[4.82,6.061],[4.816,6.063],[4.808,6.072],[4.8,6.078],[4.799,6.08],[4.783,6.094],[4.779,6.1],[4.778,6.1],[4.777,6.102],[4.766,6.11],[4.766,6.112],[4.757,6.117],[4.755,6.121],[4.752,6.122],[4.741,6.132],[4.739,6.132],[4.737,6.136],[4.711,6.153],[4.694,6.171],[4.691,6.17],[4.68,6.179],[4.675,6.185],[4.662,6.195],[4.654,6.204],[4.632,6.218],[4.618,6.232],[4.619,6.237],[4.615,6.234],[4.61,6.238],[4.577,6.262],[4.569,6.269],[4.569,6.271],[4.567,6.271],[4.554,6.278],[4.545,6.284],[4.538,6.292],[4.538,6.295],[4.533,6.296],[4.527,6.301],[4.511,6.309],[4.505,6.313],[4.505,6.315],[4.501,6.315],[4.496,6.321],[4.494,6.322],[4.518,6.323],[4.542,6.315],[4.559,6.317],[4.563,6.32],[4.572,6.345],[4.569,6.363],[4.539,6.38],[4.515,6.391],[4.494,6.391],[4.47,6.387],[4.454,6.394],[4.464,6.405],[4.476,6.415],[4.492,6.418],[4.515,6.417],[4.532,6.428],[4.545,6.447],[4.565,6.454],[4.585,6.457],[4.592,6.472],[4.596,6.487],[4.586,6.514],[4.582,6.544],[4.586,6.56],[4.586,6.607],[4.583,6.617],[4.572,6.629],[4.559,6.629],[4.544,6.621],[4.534,6.61],[4.526,6.594],[4.517,6.584],[4.5,6.573],[4.494,6.567],[4.488,6.566],[4.48,6.568],[4.472,6.565],[4.465,6.565],[4.457,6.568],[4.431,6.569],[4.406,6.576],[4.387,6.578],[4.361,6.598],[4.354,6.61],[4.352,6.623],[4.356,6.634],[4.354,6.665],[4.363,6.685],[4.384,6.718],[4.397,6.733],[4.402,6.744],[4.429,6.767],[4.461,6.797],[4.475,6.806],[4.494,6.813],[4.509,6.826],[4.521,6.833],[4.532,6.847],[4.538,6.857],[4.542,6.876],[4.549,6.899],[4.551,6.922],[4.551,6.931],[4.553,6.933],[4.556,6.946],[4.56,6.955],[4.558,6.977],[4.561,6.988],[4.573,6.997],[4.583,6.999],[4.604,7.011],[4.612,7.022],[4.619,7.037],[4.623,7.056],[4.628,7.072],[4.639,7.091],[4.67,7.121],[4.693,7.136],[4.695,7.14],[4.708,7.147],[4.725,7.15],[4.746,7.147],[4.761,7.141],[4.763,7.134],[4.77,7.131],[4.786,7.127],[4.82,7.098],[4.833,7.091],[4.85,7.089],[4.862,7.091],[4.871,7.1],[4.873,7.111],[4.869,7.138],[4.876,7.172],[4.87,7.211],[4.868,7.236],[4.878,7.26],[4.878,7.283],[4.884,7.299],[4.893,7.341],[4.907,7.351],[4.971,7.369],[4.992,7.372],[5.002,7.376],[4.999,7.4],[4.992,7.415],[5.018,7.423],[5.043,7.434],[5.065,7.438],[5.097,7.435],[5.118,7.438],[5.141,7.434],[5.16,7.434],[5.191,7.431],[5.233,7.431],[5.295,7.436],[5.298,7.438],[5.303,7.436],[5.314,7.431],[5.328,7.428],[5.333,7.422],[5.334,7.417],[5.344,7.405],[5.351,7.392],[5.35,7.384],[5.355,7.371],[5.362,7.36],[5.368,7.341],[5.365,7.327],[5.381,7.293],[5.383,7.284],[5.42,7.274],[5.445,7.286],[5.469,7.3],[5.494,7.318],[5.509,7.33],[5.535,7.364],[5.558,7.402],[5.586,7.465],[5.591,7.484],[5.599,7.533],[5.608,7.559],[5.613,7.596],[5.624,7.62],[5.632,7.63],[5.642,7.639],[5.67,7.67],[5.685,7.676],[5.694,7.681],[5.706,7.693],[5.719,7.727],[5.738,7.734],[5.739,7.731],[5.75,7.733],[5.765,7.725],[5.774,7.713],[5.787,7.718],[5.793,7.726],[5.795,7.735],[5.803,7.743],[5.811,7.756],[5.817,7.755],[5.851,7.763],[5.868,7.765],[5.877,7.769],[5.886,7.77],[5.909,7.769],[5.92,7.767],[5.927,7.763],[5.923,7.756],[5.919,7.726],[5.916,7.718],[5.915,7.697],[5.932,7.674],[5.942,7.663],[5.948,7.653],[5.96,7.643],[5.98,7.628],[6.025,7.586],[6.022,7.584],[6.028,7.573],[6.017,7.556],[6.005,7.546],[6.002,7.537],[5.989,7.517],[5.983,7.512],[5.978,7.511],[5.974,7.508],[5.955,7.507],[5.949,7.51],[5.946,7.508],[5.943,7.501],[5.931,7.489],[5.926,7.482],[5.923,7.46],[5.93,7.446],[5.934,7.445],[5.939,7.44],[5.958,7.437],[5.963,7.433],[5.962,7.424],[5.958,7.414],[5.953,7.41],[5.949,7.399],[5.948,7.386],[5.95,7.378],[5.96,7.356],[5.961,7.346],[5.968,7.342],[5.961,7.332],[5.953,7.299],[5.945,7.285],[5.935,7.282],[5.92,7.272],[5.91,7.268],[5.904,7.26],[5.897,7.256],[5.882,7.238],[5.874,7.221],[5.874,7.209],[5.878,7.205],[5.876,7.199],[5.865,7.183],[5.86,7.163],[5.84,7.125],[5.832,7.1],[5.827,7.095],[5.824,7.088],[5.824,7.082],[5.828,7.081],[5.829,7.074],[5.823,7.061],[5.817,7.062],[5.799,7.049],[5.787,7.035],[5.785,7.028],[5.779,7.022],[5.779,7.011],[5.775,7.004],[5.77,6.978],[5.77,6.969],[5.774,6.965],[5.769,6.947],[5.788,6.926],[5.791,6.919],[5.79,6.913],[5.785,6.908],[5.781,6.908],[5.776,6.905],[5.776,6.894],[5.779,6.886],[5.776,6.879],[5.771,6.883],[5.757,6.887],[5.753,6.883],[5.748,6.869],[5.737,6.803],[5.733,6.79],[5.721,6.768],[5.713,6.748],[5.679,6.738],[5.67,6.731],[5.657,6.737],[5.645,6.755],[5.638,6.761],[5.616,6.763],[5.601,6.754],[5.589,6.74],[5.58,6.733],[5.573,6.732],[5.555,6.712],[5.543,6.712],[5.539,6.723],[5.531,6.736],[5.526,6.763],[5.516,6.776],[5.509,6.8],[5.514,6.806],[5.534,6.822],[5.54,6.83],[5.542,6.836],[5.529,6.856],[5.513,6.87],[5.487,6.875],[5.475,6.873],[5.434,6.869],[5.415,6.869],[5.394,6.873],[5.371,6.872],[5.349,6.873],[5.327,6.871],[5.299,6.877],[5.283,6.875],[5.263,6.871],[5.245,6.872],[5.228,6.877],[5.203,6.868],[5.193,6.861],[5.185,6.848],[5.187,6.826],[5.184,6.817],[5.174,6.813],[5.168,6.806],[5.161,6.792],[5.156,6.769],[5.139,6.765],[5.128,6.756],[5.12,6.739],[5.104,6.726],[5.092,6.713],[5.084,6.698],[5.082,6.674],[5.084,6.669],[5.082,6.662],[5.086,6.662],[5.075,6.655],[5.073,6.646],[5.075,6.637],[5.072,6.613],[5.073,6.6],[5.093,6.59],[5.1,6.58],[5.103,6.567],[5.115,6.553],[5.125,6.529],[5.119,6.502],[5.105,6.47],[5.077,6.442],[5.074,6.407],[5.064,6.382],[5.034,6.369],[5.025,6.372],[5.016,6.368],[5.013,6.359],[5.006,6.358],[4.999,6.347],[4.997,6.32],[4.991,6.299]]],[[[4.938,5.935],[4.941,5.932],[4.941,5.931],[4.936,5.936],[4.938,5.935]]]]}},{"type":"Feature","properties":{"NAME_1":"Osun"},"geometry":{"type":"MultiPolygon","coordinates":[[[[4.113,7.287],[4.116,7.306],[4.121,7.323],[4.122,7.357],[4.128,7.389],[4.139,7.423],[4.149,7.497],[4.135,7.505],[4.117,7.53],[4.111,7.548],[4.085,7.584],[4.058,7.601],[4.035,7.621],[4.029,7.65],[4.047,7.668],[4.06,7.697],[4.062,7.718],[4.069,7.748],[4.07,7.766],[4.068,7.779],[4.068,7.83],[4.074,7.846],[4.083,7.85],[4.089,7.845],[4.11,7.838],[4.153,7.829],[4.163,7.83],[4.177,7.838],[4.191,7.841],[4.198,7.847],[4.203,7.857],[4.205,7.867],[4.203,7.884],[4.205,7.894],[4.217,7.899],[4.222,7.903],[4.247,7.931],[4.259,7.952],[4.268,7.956],[4.278,7.952],[4.29,7.942],[4.316,7.927],[4.338,7.895],[4.357,7.864],[4.365,7.845],[4.374,7.837],[4.384,7.843],[4.409,7.852],[4.419,7.875],[4.441,7.893],[4.443,7.888],[4.452,7.894],[4.461,7.909],[4.468,7.916],[4.473,7.91],[4.489,7.927],[4.502,7.934],[4.513,7.936],[4.539,7.947],[4.543,7.941],[4.548,7.948],[4.55,7.955],[4.559,7.962],[4.564,7.983],[4.563,7.995],[4.56,8.005],[4.559,8.021],[4.556,8.034],[4.574,8.038],[4.597,8.034],[4.62,8.036],[4.651,8.036],[4.665,8.031],[4.689,8.031],[4.731,8.036],[4.753,8.044],[4.766,8.054],[4.788,8.062],[4.794,8.063],[4.795,8.053],[4.797,8.049],[4.796,8.063],[4.8,8.065],[4.816,8.057],[4.839,8.057],[4.86,8.065],[4.892,8.081],[4.915,8.085],[4.922,8.083],[4.938,8.082],[4.951,8.075],[4.962,8.046],[4.974,8.024],[5.004,8.028],[5.031,8.027],[5.058,8.039],[5.064,8.037],[5.064,8.028],[5.05,7.982],[5.046,7.961],[5.04,7.945],[5.025,7.931],[5.007,7.919],[4.991,7.914],[4.972,7.904],[4.946,7.88],[4.931,7.854],[4.923,7.828],[4.915,7.811],[4.913,7.788],[4.927,7.743],[4.922,7.722],[4.907,7.679],[4.918,7.602],[4.932,7.576],[4.969,7.49],[4.973,7.462],[4.978,7.442],[4.999,7.4],[5.002,7.376],[4.992,7.372],[4.971,7.369],[4.907,7.351],[4.893,7.341],[4.884,7.299],[4.878,7.283],[4.878,7.26],[4.868,7.236],[4.87,7.211],[4.876,7.172],[4.869,7.138],[4.873,7.111],[4.871,7.1],[4.862,7.091],[4.85,7.089],[4.833,7.091],[4.82,7.098],[4.786,7.127],[4.77,7.131],[4.763,7.134],[4.761,7.141],[4.746,7.147],[4.725,7.15],[4.708,7.147],[4.695,7.14],[4.693,7.136],[4.67,7.121],[4.639,7.091],[4.628,7.072],[4.623,7.056],[4.619,7.037],[4.612,7.022],[4.604,7.011],[4.595,7.005],[4.583,6.999],[4.573,6.997],[4.562,6.988],[4.561,6.988],[4.566,7.005],[4.561,7.007],[4.546,7.007],[4.529,7.0],[4.516,7.005],[4.494,7.003],[4.478,6.996],[4.473,6.992],[4.46,6.988],[4.451,6.989],[4.441,6.999],[4.423,6.998],[4.407,6.992],[4.402,6.986],[4.387,6.978],[4.38,6.97],[4.374,6.967],[4.364,6.981],[4.358,7.001],[4.353,7.024],[4.326,7.082],[4.298,7.091],[4.271,7.091],[4.255,7.088],[4.248,7.082],[4.223,7.07],[4.209,7.059],[4.194,7.055],[4.177,7.059],[4.173,7.07],[4.171,7.086],[4.172,7.113],[4.168,7.128],[4.159,7.142],[4.144,7.148],[4.136,7.146],[4.121,7.13],[4.094,7.119],[4.085,7.112],[4.077,7.112],[4.09,7.186],[4.096,7.212],[4.111,7.25],[4.115,7.271],[4.113,7.287]]]]}},{"type":"Feature","properties":{"NAME_1":"Oyo"},"geometry":{"type":"MultiPolygon","coordinates":[[[[3.945,7.071],[3.932,7.068],[3.922,7.061],[3.906,7.056],[3.898,7.059],[3.881,7.057],[3.857,7.058],[3.84,7.053],[3.833,7.055],[3.831,7.051],[3.813,7.049],[3.769,7.049],[3.751,7.046],[3.735,7.048],[3.715,7.045],[3.709,7.049],[3.714,7.068],[3.758,7.111],[3.769,7.117],[3.779,7.132],[3.772,7.179],[3.764,7.207],[3.754,7.222],[3.756,7.258],[3.745,7.276],[3.732,7.278],[3.697,7.295],[3.691,7.307],[3.692,7.318],[3.693,7.347],[3.692,7.362],[3.685,7.398],[3.68,7.411],[3.666,7.429],[3.652,7.432],[3.616,7.434],[3.602,7.432],[3.566,7.432],[3.541,7.427],[3.526,7.423],[3.522,7.414],[3.508,7.405],[3.492,7.401],[3.479,7.405],[3.466,7.419],[3.458,7.439],[3.452,7.46],[3.445,7.476],[3.438,7.489],[3.425,7.494],[3.417,7.495],[3.396,7.493],[3.387,7.487],[3.369,7.47],[3.366,7.457],[3.355,7.429],[3.351,7.401],[3.339,7.391],[3.328,7.364],[3.314,7.344],[3.306,7.337],[3.294,7.335],[3.278,7.329],[3.262,7.334],[3.248,7.331],[3.213,7.334],[3.175,7.352],[3.166,7.359],[3.137,7.379],[3.126,7.39],[3.122,7.398],[3.088,7.44],[3.087,7.452],[3.075,7.463],[3.073,7.479],[3.062,7.498],[3.058,7.512],[3.039,7.532],[3.009,7.552],[3.004,7.56],[2.987,7.573],[2.975,7.592],[2.969,7.611],[2.968,7.639],[2.966,7.651],[2.974,7.66],[2.981,7.656],[2.982,7.673],[2.988,7.681],[2.995,7.712],[3.003,7.727],[3.009,7.753],[3.012,7.803],[3.01,7.82],[3.003,7.831],[2.996,7.837],[2.989,7.84],[2.967,7.84],[2.959,7.833],[2.956,7.823],[2.95,7.813],[2.944,7.761],[2.935,7.723],[2.921,7.726],[2.911,7.738],[2.9,7.761],[2.891,7.799],[2.888,7.826],[2.889,7.854],[2.888,7.903],[2.882,7.926],[2.872,7.943],[2.862,7.955],[2.831,7.97],[2.8,7.971],[2.775,7.966],[2.758,7.953],[2.739,7.942],[2.709,7.92],[2.701,7.911],[2.678,7.897],[2.688,7.913],[2.691,7.926],[2.696,7.931],[2.7,7.953],[2.704,7.968],[2.707,8.0],[2.723,8.061],[2.729,8.067],[2.729,8.07],[2.724,8.085],[2.725,8.092],[2.731,8.105],[2.732,8.117],[2.73,8.128],[2.732,8.139],[2.737,8.148],[2.744,8.156],[2.748,8.165],[2.751,8.19],[2.75,8.201],[2.751,8.208],[2.754,8.211],[2.74,8.225],[2.727,8.246],[2.719,8.254],[2.715,8.261],[2.711,8.276],[2.698,8.307],[2.696,8.325],[2.697,8.357],[2.709,8.37],[2.714,8.387],[2.711,8.405],[2.707,8.42],[2.715,8.431],[2.726,8.432],[2.735,8.436],[2.741,8.445],[2.744,8.462],[2.749,8.473],[2.757,8.483],[2.75,8.49],[2.751,8.493],[2.762,8.505],[2.762,8.523],[2.75,8.533],[2.759,8.538],[2.789,8.572],[2.801,8.578],[2.811,8.578],[2.817,8.58],[2.836,8.576],[2.852,8.578],[2.876,8.587],[2.888,8.587],[2.901,8.59],[2.918,8.59],[2.919,8.595],[2.925,8.594],[2.943,8.602],[2.946,8.61],[2.946,8.618],[2.96,8.626],[2.962,8.633],[3.004,8.667],[3.009,8.673],[3.025,8.679],[3.036,8.684],[3.046,8.693],[3.048,8.699],[3.055,8.703],[3.067,8.706],[3.079,8.716],[3.089,8.73],[3.101,8.737],[3.115,8.752],[3.127,8.758],[3.141,8.77],[3.148,8.773],[3.159,8.772],[3.177,8.78],[3.189,8.777],[3.2,8.774],[3.206,8.765],[3.215,8.756],[3.222,8.758],[3.224,8.753],[3.231,8.746],[3.246,8.748],[3.267,8.758],[3.274,8.764],[3.291,8.768],[3.304,8.778],[3.344,8.796],[3.359,8.801],[3.369,8.809],[3.385,8.817],[3.404,8.829],[3.407,8.836],[3.412,8.835],[3.426,8.84],[3.446,8.854],[3.466,8.871],[3.478,8.877],[3.496,8.89],[3.515,8.897],[3.526,8.906],[3.549,8.916],[3.559,8.925],[3.585,8.935],[3.598,8.939],[3.612,8.949],[3.642,8.959],[3.667,8.971],[3.692,8.987],[3.715,9.004],[3.714,9.004],[3.729,9.015],[3.738,9.027],[3.745,9.044],[3.746,9.087],[3.753,9.106],[3.76,9.117],[3.762,9.133],[3.767,9.139],[3.773,9.146],[3.805,9.163],[3.812,9.17],[3.82,9.174],[3.835,9.18],[3.852,9.182],[3.86,9.18],[3.868,9.181],[3.889,9.172],[3.909,9.158],[3.919,9.153],[3.934,9.142],[3.941,9.112],[3.942,9.102],[3.97,9.069],[4.015,9.034],[4.022,9.03],[4.031,9.029],[4.04,9.023],[4.091,9.006],[4.114,9.002],[4.12,8.994],[4.153,8.978],[4.171,8.98],[4.232,8.962],[4.263,8.962],[4.268,8.964],[4.301,8.983],[4.314,8.993],[4.323,8.993],[4.335,8.98],[4.338,8.969],[4.338,8.959],[4.322,8.937],[4.308,8.925],[4.3,8.908],[4.288,8.898],[4.258,8.881],[4.249,8.875],[4.24,8.865],[4.234,8.84],[4.22,8.834],[4.2,8.815],[4.196,8.806],[4.186,8.773],[4.188,8.755],[4.184,8.742],[4.197,8.717],[4.207,8.663],[4.218,8.632],[4.227,8.62],[4.236,8.614],[4.245,8.601],[4.255,8.572],[4.276,8.531],[4.293,8.487],[4.302,8.478],[4.308,8.462],[4.325,8.445],[4.334,8.419],[4.335,8.406],[4.338,8.4],[4.336,8.39],[4.34,8.366],[4.359,8.311],[4.368,8.3],[4.374,8.286],[4.382,8.274],[4.389,8.268],[4.407,8.243],[4.414,8.236],[4.439,8.225],[4.463,8.207],[4.463,8.194],[4.476,8.183],[4.476,8.165],[4.482,8.139],[4.498,8.104],[4.511,8.066],[4.52,8.05],[4.524,8.046],[4.529,8.047],[4.537,8.045],[4.548,8.045],[4.556,8.034],[4.564,7.983],[4.559,7.962],[4.55,7.955],[4.548,7.948],[4.543,7.941],[4.539,7.947],[4.513,7.936],[4.502,7.934],[4.489,7.927],[4.473,7.91],[4.468,7.916],[4.461,7.909],[4.452,7.894],[4.443,7.888],[4.441,7.893],[4.419,7.875],[4.409,7.852],[4.384,7.843],[4.374,7.837],[4.365,7.845],[4.357,7.864],[4.338,7.895],[4.316,7.927],[4.29,7.942],[4.278,7.952],[4.268,7.956],[4.259,7.952],[4.247,7.931],[4.222,7.903],[4.217,7.899],[4.205,7.894],[4.203,7.884],[4.205,7.867],[4.203,7.857],[4.198,7.847],[4.191,7.841],[4.177,7.838],[4.163,7.83],[4.153,7.829],[4.11,7.838],[4.089,7.845],[4.083,7.85],[4.074,7.846],[4.068,7.83],[4.068,7.779],[4.07,7.766],[4.069,7.748],[4.062,7.718],[4.06,7.697],[4.047,7.668],[4.029,7.65],[4.035,7.621],[4.058,7.601],[4.085,7.584],[4.111,7.548],[4.117,7.53],[4.135,7.505],[4.149,7.497],[4.139,7.423],[4.128,7.389],[4.122,7.357],[4.121,7.323],[4.116,7.306],[4.113,7.287],[4.115,7.271],[4.111,7.25],[4.096,7.212],[4.09,7.186],[4.077,7.112],[4.067,7.109],[4.029,7.104],[4.017,7.105],[3.982,7.098],[3.968,7.088],[3.957,7.076],[3.945,7.071]]]]}},{"type":"Feature","properties":{"NAME_1":"Plateau"},"geometry":{"type":"MultiPolygon","coordinates":[[[[10.587,9.358],[10.581,9.334],[10.592,9.268],[10.593,9.238],[10.616,9.203],[10.63,9.176],[10.634,9.144],[10.643,9.117],[10.647,9.079],[10.638,9.058],[10.643,9.022],[10.65,9.022],[10.65,9.008],[10.655,8.964],[10.654,8.933],[10.625,8.883],[10.493,8.816],[10.428,8.789],[10.397,8.791],[10.243,8.757],[10.203,8.734],[10.191,8.713],[10.17,8.667],[10.127,8.62],[10.093,8.575],[9.979,8.514],[9.939,8.479],[9.882,8.423],[9.855,8.391],[9.815,8.372],[9.744,8.356],[9.678,8.347],[9.616,8.351],[9.592,8.394],[9.551,8.428],[9.472,8.457],[9.384,8.497],[9.279,8.469],[9.226,8.452],[9.113,8.454],[9.094,8.45],[9.035,8.471],[8.989,8.497],[8.989,8.499],[8.985,8.5],[8.952,8.514],[8.944,8.521],[8.932,8.54],[8.928,8.548],[8.931,8.581],[8.936,8.607],[8.932,8.642],[8.928,8.655],[8.911,8.669],[8.894,8.694],[8.891,8.705],[8.884,8.721],[8.887,8.73],[8.883,8.731],[8.889,8.758],[8.894,8.766],[8.905,8.77],[8.914,8.78],[8.915,8.784],[8.921,8.79],[8.934,8.819],[8.939,8.825],[8.956,8.839],[8.963,8.842],[8.97,8.844],[8.979,8.843],[8.986,8.845],[9.002,8.857],[9.009,8.867],[9.02,8.877],[9.026,8.891],[9.035,8.899],[9.048,8.915],[9.063,8.942],[9.066,8.956],[9.075,8.975],[9.076,8.989],[9.067,9.002],[9.058,9.008],[9.055,9.013],[9.044,9.024],[9.027,9.033],[9.012,9.03],[8.985,9.017],[8.982,9.015],[8.982,9.012],[8.951,9.014],[8.922,9.012],[8.911,9.012],[8.881,9.018],[8.86,9.02],[8.836,9.021],[8.824,9.027],[8.818,9.028],[8.801,9.036],[8.783,9.067],[8.77,9.091],[8.767,9.107],[8.769,9.12],[8.767,9.136],[8.764,9.153],[8.76,9.163],[8.75,9.169],[8.726,9.177],[8.711,9.179],[8.699,9.177],[8.687,9.178],[8.678,9.183],[8.665,9.196],[8.66,9.205],[8.661,9.212],[8.668,9.231],[8.679,9.25],[8.687,9.268],[8.69,9.289],[8.689,9.308],[8.679,9.339],[8.669,9.356],[8.641,9.376],[8.617,9.402],[8.6,9.425],[8.595,9.436],[8.584,9.448],[8.547,9.51],[8.546,9.528],[8.562,9.551],[8.556,9.608],[8.559,9.627],[8.588,9.647],[8.593,9.666],[8.59,9.682],[8.594,9.697],[8.605,9.704],[8.625,9.722],[8.632,9.739],[8.623,9.772],[8.624,9.793],[8.629,9.811],[8.634,9.898],[8.632,9.929],[8.637,9.947],[8.657,9.959],[8.676,9.978],[8.676,9.997],[8.663,10.035],[8.651,10.058],[8.641,10.08],[8.642,10.1],[8.645,10.123],[8.663,10.174],[8.679,10.203],[8.71,10.225],[8.745,10.237],[8.767,10.262],[8.776,10.285],[8.779,10.331],[8.791,10.341],[8.81,10.344],[8.861,10.342],[8.887,10.336],[8.906,10.328],[8.912,10.322],[8.948,10.262],[8.958,10.227],[8.961,10.185],[8.959,10.168],[8.962,10.143],[8.96,9.986],[8.995,9.997],[9.041,10.003],[9.113,10.019],[9.137,10.022],[9.155,10.018],[9.17,10.006],[9.184,9.988],[9.195,9.961],[9.199,9.938],[9.198,9.899],[9.199,9.876],[9.203,9.842],[9.2,9.823],[9.178,9.789],[9.161,9.752],[9.16,9.741],[9.16,9.725],[9.17,9.711],[9.216,9.696],[9.233,9.688],[9.246,9.677],[9.255,9.668],[9.26,9.659],[9.287,9.593],[9.312,9.572],[9.336,9.563],[9.414,9.559],[9.437,9.549],[9.453,9.547],[9.502,9.535],[9.578,9.539],[9.624,9.544],[9.665,9.545],[9.689,9.554],[9.735,9.567],[9.753,9.601],[9.763,9.626],[9.782,9.651],[9.804,9.656],[9.834,9.667],[9.859,9.672],[9.867,9.698],[9.863,9.726],[9.846,9.754],[9.827,9.777],[9.812,9.791],[9.816,9.814],[9.845,9.833],[9.865,9.843],[9.988,9.78],[10.03,9.771],[10.071,9.75],[10.111,9.733],[10.179,9.692],[10.245,9.663],[10.313,9.638],[10.358,9.616],[10.458,9.552],[10.558,9.494],[10.56,9.497],[10.579,9.462],[10.586,9.434],[10.589,9.399],[10.587,9.358]]]]}},{"type":"Feature","properties":{"NAME_1":"Rivers"},"geometry":{"type":"MultiPolygon","coordinates":[[[[6.738,4.806],[6.737,4.805],[6.736,4.807],[6.737,4.809],[6.738,4.806]]],[[[6.746,4.811],[6.748,4.807],[6.755,4.803],[6.756,4.8],[6.75,4.797],[6.748,4.793],[6.744,4.793],[6.743,4.813],[6.746,4.811]]],[[[7.063,4.729],[7.064,4.73],[7.067,4.73],[7.065,4.728],[7.063,4.729]]],[[[6.873,4.745],[6.873,4.744],[6.871,4.743],[6.871,4.747],[6.874,4.746],[6.875,4.747],[6.875,4.745],[6.873,4.745]]],[[[7.064,4.761],[7.068,4.751],[7.074,4.743],[7.075,4.732],[7.065,4.73],[7.062,4.729],[7.061,4.733],[7.063,4.742],[7.057,4.75],[7.055,4.758],[7.057,4.762],[7.057,4.767],[7.063,4.77],[7.064,4.77],[7.064,4.761]]],[[[6.915,4.758],[6.913,4.758],[6.913,4.76],[6.914,4.76],[6.915,4.758]]],[[[7.072,4.767],[7.072,4.765],[7.07,4.766],[7.07,4.768],[7.072,4.767]]],[[[7.076,4.76],[7.076,4.758],[7.079,4.757],[7.077,4.746],[7.07,4.753],[7.068,4.761],[7.075,4.76],[7.077,4.762],[7.076,4.76]]],[[[6.92,4.759],[6.919,4.761],[6.92,4.762],[6.921,4.76],[6.92,4.759]]],[[[6.937,4.778],[6.932,4.774],[6.931,4.771],[6.938,4.765],[6.938,4.761],[6.94,4.759],[6.94,4.757],[6.939,4.755],[6.938,4.755],[6.935,4.76],[6.93,4.763],[6.93,4.769],[6.926,4.772],[6.933,4.787],[6.936,4.789],[6.937,4.789],[6.937,4.785],[6.939,4.781],[6.937,4.778]]],[[[6.863,4.776],[6.862,4.771],[6.871,4.753],[6.867,4.752],[6.87,4.749],[6.87,4.746],[6.866,4.744],[6.871,4.742],[6.877,4.743],[6.878,4.74],[6.877,4.734],[6.871,4.729],[6.868,4.729],[6.858,4.736],[6.851,4.738],[6.852,4.74],[6.852,4.742],[6.846,4.74],[6.842,4.743],[6.835,4.751],[6.829,4.755],[6.829,4.764],[6.828,4.766],[6.825,4.767],[6.816,4.763],[6.816,4.756],[6.814,4.755],[6.796,4.762],[6.789,4.757],[6.785,4.759],[6.777,4.75],[6.774,4.749],[6.772,4.74],[6.766,4.741],[6.764,4.745],[6.763,4.754],[6.765,4.765],[6.764,4.775],[6.758,4.784],[6.753,4.788],[6.752,4.791],[6.764,4.794],[6.771,4.799],[6.777,4.8],[6.779,4.803],[6.782,4.802],[6.79,4.796],[6.792,4.796],[6.802,4.802],[6.804,4.791],[6.809,4.79],[6.815,4.791],[6.818,4.793],[6.825,4.803],[6.822,4.811],[6.824,4.823],[6.828,4.824],[6.84,4.819],[6.852,4.807],[6.884,4.801],[6.884,4.798],[6.881,4.795],[6.872,4.79],[6.865,4.783],[6.863,4.776]]],[[[6.925,4.775],[6.925,4.772],[6.929,4.769],[6.928,4.764],[6.93,4.762],[6.927,4.759],[6.924,4.761],[6.919,4.77],[6.922,4.779],[6.927,4.784],[6.929,4.782],[6.925,4.775]]],[[[6.923,4.788],[6.923,4.784],[6.921,4.784],[6.92,4.788],[6.924,4.791],[6.923,4.788]]],[[[6.938,4.793],[6.94,4.792],[6.939,4.79],[6.936,4.79],[6.926,4.785],[6.925,4.788],[6.926,4.792],[6.93,4.794],[6.938,4.793]]],[[[7.175,4.636],[7.174,4.633],[7.173,4.63],[7.171,4.632],[7.173,4.635],[7.173,4.639],[7.174,4.639],[7.175,4.636]]],[[[7.225,4.632],[7.221,4.632],[7.218,4.63],[7.215,4.629],[7.213,4.627],[7.208,4.636],[7.206,4.637],[7.208,4.643],[7.21,4.642],[7.213,4.639],[7.217,4.639],[7.22,4.641],[7.221,4.644],[7.216,4.645],[7.216,4.647],[7.22,4.649],[7.221,4.655],[7.225,4.658],[7.227,4.655],[7.225,4.646],[7.225,4.632]]],[[[6.83,4.655],[6.83,4.65],[6.831,4.645],[6.82,4.644],[6.817,4.642],[6.809,4.65],[6.81,4.652],[6.814,4.649],[6.818,4.648],[6.826,4.656],[6.831,4.656],[6.83,4.655]]],[[[6.839,4.658],[6.845,4.648],[6.835,4.648],[6.833,4.645],[6.832,4.646],[6.83,4.654],[6.836,4.66],[6.838,4.66],[6.839,4.658]]],[[[6.98,4.674],[6.979,4.673],[6.977,4.676],[6.981,4.676],[6.98,4.674]]],[[[6.995,4.684],[6.998,4.68],[6.996,4.676],[6.993,4.678],[6.992,4.68],[6.992,4.684],[6.995,4.684]]],[[[6.981,4.687],[6.984,4.686],[6.987,4.692],[6.989,4.691],[6.99,4.678],[6.979,4.678],[6.98,4.682],[6.977,4.683],[6.977,4.684],[6.98,4.689],[6.981,4.687]]],[[[7.126,4.632],[7.132,4.619],[7.131,4.613],[7.128,4.611],[7.125,4.615],[7.12,4.626],[7.121,4.633],[7.124,4.634],[7.126,4.632]]],[[[7.159,4.668],[7.159,4.665],[7.156,4.663],[7.157,4.671],[7.159,4.668]]],[[[7.111,4.664],[7.13,4.655],[7.132,4.652],[7.126,4.649],[7.122,4.641],[7.121,4.637],[7.117,4.637],[7.1,4.655],[7.105,4.659],[7.106,4.665],[7.111,4.664]]],[[[7.009,4.667],[7.008,4.663],[7.013,4.657],[7.009,4.654],[7.008,4.647],[7.012,4.642],[7.019,4.638],[7.02,4.635],[7.018,4.632],[7.015,4.63],[7.012,4.63],[7.01,4.634],[7.007,4.635],[7.0,4.63],[6.996,4.63],[6.993,4.633],[6.993,4.642],[6.995,4.647],[6.997,4.648],[6.999,4.647],[7.002,4.649],[7.001,4.652],[7.003,4.657],[7.0,4.659],[7.0,4.663],[6.999,4.664],[7.0,4.666],[6.999,4.667],[6.998,4.665],[6.99,4.664],[6.986,4.666],[6.985,4.665],[6.987,4.663],[6.984,4.662],[6.981,4.673],[6.983,4.675],[6.99,4.675],[6.993,4.67],[6.997,4.669],[7.006,4.671],[7.009,4.667]]],[[[7.105,4.666],[7.104,4.659],[7.102,4.657],[7.093,4.655],[7.09,4.657],[7.09,4.662],[7.097,4.667],[7.104,4.667],[7.105,4.666]]],[[[6.997,4.663],[6.999,4.661],[6.998,4.659],[7.001,4.658],[7.002,4.655],[6.999,4.653],[6.999,4.649],[6.992,4.648],[6.988,4.655],[6.988,4.662],[6.993,4.663],[6.997,4.663]]],[[[7.02,4.66],[7.019,4.661],[7.021,4.662],[7.021,4.661],[7.02,4.66]]],[[[7.097,4.673],[7.098,4.672],[7.099,4.671],[7.096,4.67],[7.095,4.674],[7.097,4.673]]],[[[7.008,4.684],[7.021,4.67],[7.021,4.665],[7.019,4.663],[7.01,4.662],[7.01,4.669],[7.004,4.675],[7.003,4.679],[7.005,4.685],[7.008,4.684]]],[[[7.001,4.674],[7.001,4.672],[6.997,4.672],[7.002,4.678],[7.001,4.674]]],[[[6.797,4.699],[6.805,4.698],[6.809,4.694],[6.813,4.693],[6.814,4.69],[6.819,4.688],[6.824,4.678],[6.822,4.674],[6.819,4.677],[6.819,4.674],[6.823,4.673],[6.824,4.67],[6.832,4.662],[6.832,4.657],[6.825,4.657],[6.818,4.649],[6.815,4.649],[6.812,4.654],[6.806,4.653],[6.791,4.664],[6.781,4.669],[6.782,4.686],[6.775,4.719],[6.77,4.728],[6.769,4.735],[6.777,4.744],[6.782,4.742],[6.784,4.739],[6.785,4.741],[6.789,4.74],[6.782,4.749],[6.782,4.754],[6.784,4.757],[6.789,4.755],[6.793,4.759],[6.796,4.761],[6.814,4.754],[6.817,4.756],[6.818,4.763],[6.826,4.766],[6.829,4.764],[6.827,4.759],[6.829,4.753],[6.836,4.749],[6.841,4.741],[6.848,4.737],[6.854,4.736],[6.862,4.73],[6.865,4.727],[6.863,4.721],[6.859,4.718],[6.855,4.708],[6.846,4.712],[6.844,4.708],[6.84,4.709],[6.839,4.704],[6.835,4.703],[6.833,4.703],[6.832,4.711],[6.828,4.712],[6.826,4.707],[6.826,4.695],[6.82,4.69],[6.818,4.69],[6.814,4.695],[6.798,4.7],[6.797,4.704],[6.8,4.708],[6.8,4.71],[6.798,4.713],[6.798,4.718],[6.8,4.721],[6.803,4.722],[6.803,4.726],[6.798,4.725],[6.794,4.726],[6.797,4.725],[6.796,4.718],[6.798,4.713],[6.8,4.71],[6.8,4.708],[6.796,4.705],[6.798,4.7],[6.797,4.699]]],[[[7.078,4.722],[7.081,4.72],[7.082,4.715],[7.079,4.708],[7.079,4.704],[7.075,4.703],[7.072,4.702],[7.058,4.706],[7.042,4.705],[7.037,4.712],[7.039,4.716],[7.047,4.721],[7.069,4.723],[7.078,4.722]]],[[[6.997,4.694],[7.004,4.686],[7.001,4.683],[6.997,4.686],[6.991,4.686],[6.99,4.688],[6.993,4.695],[6.996,4.696],[6.997,4.694]]],[[[6.995,4.697],[6.991,4.695],[6.99,4.694],[6.986,4.694],[6.984,4.687],[6.979,4.691],[6.977,4.686],[6.975,4.687],[6.977,4.679],[6.973,4.68],[6.97,4.692],[6.972,4.704],[6.978,4.704],[6.98,4.703],[6.985,4.704],[6.988,4.702],[6.99,4.702],[6.992,4.704],[6.995,4.702],[6.999,4.707],[7.001,4.707],[7.004,4.701],[7.001,4.697],[7.0,4.694],[6.998,4.696],[6.999,4.7],[6.998,4.702],[6.998,4.699],[6.995,4.697]]],[[[6.91,4.771],[6.908,4.766],[6.905,4.766],[6.905,4.765],[6.911,4.761],[6.917,4.752],[6.919,4.755],[6.921,4.754],[6.926,4.758],[6.933,4.758],[6.938,4.753],[6.946,4.755],[6.947,4.749],[6.944,4.747],[6.947,4.749],[6.951,4.742],[6.957,4.739],[6.961,4.734],[6.958,4.721],[6.964,4.708],[6.962,4.687],[6.954,4.684],[6.953,4.676],[6.945,4.675],[6.943,4.677],[6.938,4.671],[6.938,4.667],[6.935,4.67],[6.932,4.671],[6.93,4.665],[6.925,4.667],[6.919,4.666],[6.909,4.682],[6.902,4.687],[6.892,4.699],[6.888,4.702],[6.871,4.706],[6.868,4.708],[6.867,4.71],[6.867,4.715],[6.87,4.721],[6.882,4.736],[6.88,4.749],[6.871,4.759],[6.865,4.771],[6.866,4.781],[6.877,4.787],[6.886,4.796],[6.888,4.796],[6.89,4.793],[6.895,4.792],[6.895,4.789],[6.899,4.79],[6.9,4.786],[6.901,4.787],[6.899,4.791],[6.9,4.794],[6.908,4.793],[6.912,4.792],[6.912,4.785],[6.916,4.779],[6.914,4.775],[6.91,4.771]]],[[[7.005,4.703],[7.0,4.71],[7.0,4.713],[7.002,4.715],[7.001,4.717],[7.0,4.715],[6.996,4.717],[6.996,4.712],[6.998,4.708],[6.996,4.705],[6.991,4.704],[6.99,4.703],[6.985,4.705],[6.983,4.705],[6.982,4.704],[6.978,4.705],[6.975,4.705],[6.974,4.706],[6.97,4.708],[6.966,4.718],[6.967,4.732],[6.963,4.74],[6.952,4.745],[6.95,4.755],[6.942,4.76],[6.938,4.767],[6.933,4.772],[6.94,4.78],[6.939,4.787],[6.941,4.789],[6.942,4.788],[6.943,4.783],[6.947,4.773],[6.954,4.773],[6.959,4.774],[6.964,4.77],[6.961,4.756],[6.965,4.753],[6.975,4.755],[6.99,4.767],[7.001,4.77],[7.005,4.773],[7.007,4.772],[7.001,4.757],[7.0,4.749],[7.0,4.743],[7.005,4.735],[7.017,4.723],[7.022,4.712],[7.02,4.709],[7.017,4.709],[7.007,4.703],[7.005,4.703]]],[[[6.697,4.45],[6.697,4.45],[6.697,4.45],[6.697,4.45],[6.697,4.45]]],[[[6.971,4.377],[6.971,4.375],[6.97,4.375],[6.968,4.379],[6.97,4.38],[6.971,4.377]]],[[[6.944,4.441],[6.949,4.431],[6.952,4.429],[6.96,4.429],[6.957,4.419],[6.965,4.408],[6.965,4.403],[6.957,4.402],[6.955,4.409],[6.952,4.411],[6.944,4.409],[6.935,4.412],[6.935,4.413],[6.939,4.42],[6.939,4.423],[6.934,4.425],[6.929,4.421],[6.926,4.427],[6.926,4.433],[6.93,4.436],[6.931,4.44],[6.933,4.435],[6.936,4.435],[6.941,4.442],[6.943,4.442],[6.944,4.441]]],[[[7.229,4.456],[7.228,4.455],[7.226,4.457],[7.228,4.456],[7.229,4.456]]],[[[7.227,4.449],[7.226,4.448],[7.225,4.448],[7.225,4.45],[7.227,4.449]]],[[[6.756,4.462],[6.756,4.46],[6.751,4.46],[6.754,4.463],[6.756,4.462]]],[[[7.33,4.449],[7.335,4.453],[7.337,4.457],[7.335,4.458],[7.335,4.462],[7.34,4.466],[7.338,4.474],[7.343,4.486],[7.345,4.489],[7.35,4.489],[7.349,4.485],[7.345,4.482],[7.345,4.479],[7.347,4.478],[7.351,4.478],[7.354,4.483],[7.356,4.479],[7.36,4.478],[7.361,4.481],[7.36,4.485],[7.361,4.486],[7.362,4.482],[7.368,4.48],[7.363,4.476],[7.368,4.478],[7.372,4.481],[7.378,4.483],[7.376,4.484],[7.379,4.486],[7.372,4.485],[7.373,4.484],[7.371,4.482],[7.369,4.484],[7.37,4.485],[7.367,4.485],[7.368,4.487],[7.366,4.484],[7.363,4.484],[7.362,4.487],[7.36,4.487],[7.359,4.485],[7.36,4.481],[7.36,4.479],[7.357,4.479],[7.355,4.484],[7.353,4.483],[7.35,4.478],[7.347,4.479],[7.345,4.481],[7.35,4.485],[7.351,4.491],[7.377,4.498],[7.386,4.507],[7.388,4.506],[7.39,4.502],[7.395,4.496],[7.398,4.496],[7.396,4.501],[7.399,4.499],[7.402,4.5],[7.404,4.497],[7.407,4.499],[7.415,4.486],[7.42,4.485],[7.425,4.492],[7.427,4.49],[7.434,4.491],[7.437,4.49],[7.437,4.488],[7.431,4.487],[7.429,4.482],[7.431,4.481],[7.434,4.485],[7.439,4.485],[7.44,4.49],[7.441,4.491],[7.459,4.485],[7.469,4.485],[7.476,4.483],[7.473,4.477],[7.48,4.479],[7.481,4.485],[7.484,4.487],[7.487,4.484],[7.498,4.48],[7.504,4.481],[7.51,4.485],[7.516,4.483],[7.519,4.479],[7.528,4.478],[7.536,4.487],[7.547,4.494],[7.544,4.481],[7.55,4.477],[7.554,4.476],[7.556,4.481],[7.557,4.492],[7.56,4.492],[7.562,4.489],[7.567,4.489],[7.57,4.491],[7.572,4.496],[7.577,4.497],[7.583,4.492],[7.588,4.491],[7.58,4.472],[7.579,4.46],[7.582,4.46],[7.583,4.458],[7.583,4.452],[7.579,4.45],[7.54,4.453],[7.504,4.452],[7.48,4.449],[7.441,4.439],[7.437,4.439],[7.432,4.436],[7.42,4.435],[7.368,4.443],[7.34,4.444],[7.33,4.449]]],[[[7.479,4.481],[7.479,4.481],[7.476,4.479],[7.479,4.484],[7.479,4.481]]],[[[7.48,4.488],[7.479,4.486],[7.478,4.485],[7.478,4.487],[7.48,4.488]]],[[[7.21,4.481],[7.206,4.479],[7.203,4.48],[7.2,4.479],[7.197,4.481],[7.196,4.487],[7.199,4.494],[7.205,4.496],[7.207,4.5],[7.212,4.503],[7.215,4.508],[7.219,4.506],[7.227,4.498],[7.232,4.498],[7.235,4.503],[7.24,4.502],[7.24,4.496],[7.247,4.494],[7.246,4.487],[7.257,4.488],[7.259,4.486],[7.259,4.48],[7.262,4.477],[7.269,4.477],[7.274,4.481],[7.282,4.484],[7.283,4.478],[7.285,4.475],[7.289,4.473],[7.293,4.468],[7.298,4.467],[7.304,4.47],[7.308,4.479],[7.312,4.48],[7.316,4.478],[7.32,4.475],[7.316,4.468],[7.315,4.462],[7.317,4.457],[7.317,4.439],[7.32,4.431],[7.326,4.422],[7.326,4.418],[7.275,4.402],[7.261,4.399],[7.261,4.398],[7.26,4.397],[7.258,4.398],[7.228,4.386],[7.209,4.381],[7.19,4.379],[7.173,4.38],[7.157,4.384],[7.135,4.385],[7.133,4.398],[7.133,4.402],[7.138,4.407],[7.137,4.409],[7.139,4.407],[7.145,4.407],[7.151,4.402],[7.169,4.401],[7.169,4.402],[7.157,4.403],[7.157,4.405],[7.154,4.405],[7.155,4.403],[7.151,4.403],[7.146,4.407],[7.138,4.41],[7.138,4.414],[7.137,4.416],[7.143,4.413],[7.143,4.416],[7.144,4.418],[7.147,4.416],[7.15,4.416],[7.146,4.419],[7.149,4.423],[7.148,4.425],[7.154,4.429],[7.154,4.431],[7.158,4.435],[7.158,4.437],[7.16,4.437],[7.162,4.441],[7.165,4.444],[7.17,4.457],[7.173,4.459],[7.175,4.459],[7.175,4.448],[7.179,4.441],[7.182,4.44],[7.186,4.442],[7.195,4.436],[7.203,4.439],[7.205,4.447],[7.207,4.449],[7.21,4.447],[7.211,4.443],[7.213,4.442],[7.216,4.442],[7.217,4.446],[7.219,4.447],[7.228,4.448],[7.243,4.437],[7.234,4.445],[7.248,4.445],[7.249,4.446],[7.239,4.447],[7.239,4.452],[7.239,4.449],[7.233,4.447],[7.23,4.456],[7.225,4.458],[7.225,4.465],[7.227,4.469],[7.227,4.472],[7.219,4.472],[7.213,4.478],[7.215,4.48],[7.22,4.48],[7.223,4.484],[7.22,4.481],[7.215,4.48],[7.213,4.479],[7.21,4.481]]],[[[6.909,4.461],[6.911,4.459],[6.909,4.453],[6.911,4.446],[6.913,4.442],[6.923,4.436],[6.927,4.421],[6.931,4.42],[6.935,4.423],[6.937,4.422],[6.937,4.418],[6.934,4.416],[6.933,4.412],[6.944,4.407],[6.952,4.409],[6.956,4.401],[6.967,4.4],[6.966,4.394],[6.968,4.387],[6.969,4.38],[6.965,4.375],[6.953,4.375],[6.946,4.376],[6.923,4.385],[6.901,4.391],[6.89,4.393],[6.872,4.393],[6.862,4.398],[6.858,4.407],[6.849,4.44],[6.855,4.445],[6.857,4.449],[6.86,4.449],[6.868,4.44],[6.876,4.44],[6.883,4.445],[6.888,4.453],[6.906,4.462],[6.909,4.461]]],[[[7.215,4.476],[7.219,4.471],[7.226,4.471],[7.223,4.463],[7.226,4.455],[7.224,4.448],[7.218,4.448],[7.217,4.447],[7.215,4.443],[7.212,4.443],[7.21,4.448],[7.208,4.449],[7.206,4.449],[7.202,4.439],[7.198,4.437],[7.194,4.438],[7.189,4.443],[7.18,4.442],[7.176,4.45],[7.176,4.46],[7.181,4.464],[7.182,4.469],[7.184,4.471],[7.19,4.472],[7.193,4.462],[7.195,4.46],[7.198,4.46],[7.2,4.463],[7.198,4.468],[7.199,4.471],[7.205,4.468],[7.211,4.468],[7.211,4.471],[7.208,4.475],[7.212,4.478],[7.215,4.476]]],[[[7.317,4.464],[7.317,4.466],[7.318,4.467],[7.318,4.463],[7.317,4.464]]],[[[7.21,4.477],[7.207,4.474],[7.208,4.468],[7.199,4.472],[7.197,4.47],[7.199,4.464],[7.198,4.46],[7.194,4.462],[7.192,4.471],[7.189,4.475],[7.194,4.483],[7.195,4.484],[7.197,4.48],[7.2,4.477],[7.204,4.48],[7.207,4.479],[7.21,4.48],[7.211,4.478],[7.21,4.477]]],[[[6.827,4.508],[6.828,4.504],[6.837,4.5],[6.844,4.501],[6.849,4.504],[6.85,4.501],[6.86,4.496],[6.868,4.488],[6.872,4.489],[6.874,4.477],[6.878,4.474],[6.886,4.477],[6.894,4.486],[6.904,4.478],[6.909,4.476],[6.908,4.471],[6.903,4.463],[6.89,4.458],[6.874,4.442],[6.869,4.443],[6.862,4.452],[6.858,4.452],[6.851,4.448],[6.847,4.449],[6.839,4.462],[6.835,4.474],[6.835,4.48],[6.822,4.511],[6.825,4.512],[6.827,4.508]]],[[[6.854,4.606],[6.856,4.598],[6.859,4.597],[6.865,4.598],[6.87,4.594],[6.877,4.595],[6.88,4.606],[6.882,4.605],[6.887,4.597],[6.891,4.595],[6.895,4.596],[6.902,4.605],[6.905,4.606],[6.91,4.596],[6.924,4.59],[6.918,4.582],[6.915,4.582],[6.915,4.571],[6.917,4.568],[6.938,4.561],[6.962,4.545],[6.968,4.538],[6.973,4.526],[6.973,4.505],[6.975,4.504],[6.978,4.491],[6.98,4.49],[6.987,4.473],[6.985,4.47],[6.991,4.47],[6.992,4.469],[6.993,4.461],[6.99,4.454],[6.99,4.447],[6.992,4.441],[6.995,4.435],[6.998,4.421],[7.0,4.418],[7.006,4.415],[7.011,4.409],[7.009,4.412],[7.017,4.409],[7.022,4.402],[7.02,4.398],[7.008,4.387],[7.004,4.38],[6.988,4.374],[6.974,4.382],[6.971,4.39],[6.971,4.396],[6.968,4.407],[6.965,4.412],[6.958,4.418],[6.962,4.429],[6.959,4.431],[6.952,4.43],[6.949,4.432],[6.947,4.438],[6.944,4.444],[6.94,4.443],[6.936,4.436],[6.931,4.442],[6.929,4.442],[6.927,4.437],[6.924,4.44],[6.918,4.441],[6.912,4.449],[6.913,4.462],[6.911,4.466],[6.91,4.469],[6.914,4.477],[6.922,4.485],[6.92,4.497],[6.925,4.502],[6.925,4.509],[6.928,4.513],[6.931,4.515],[6.931,4.519],[6.935,4.517],[6.937,4.513],[6.94,4.515],[6.94,4.516],[6.936,4.517],[6.939,4.523],[6.938,4.53],[6.94,4.531],[6.94,4.53],[6.944,4.531],[6.942,4.527],[6.942,4.525],[6.942,4.524],[6.945,4.529],[6.947,4.53],[6.945,4.537],[6.946,4.54],[6.948,4.541],[6.947,4.546],[6.945,4.546],[6.945,4.543],[6.942,4.543],[6.941,4.546],[6.936,4.549],[6.935,4.549],[6.939,4.546],[6.939,4.538],[6.941,4.538],[6.941,4.535],[6.937,4.53],[6.938,4.522],[6.935,4.519],[6.93,4.519],[6.93,4.515],[6.926,4.514],[6.924,4.511],[6.92,4.511],[6.914,4.52],[6.914,4.533],[6.908,4.534],[6.903,4.539],[6.902,4.544],[6.9,4.545],[6.901,4.551],[6.897,4.553],[6.893,4.563],[6.892,4.569],[6.884,4.577],[6.886,4.581],[6.883,4.581],[6.883,4.576],[6.891,4.569],[6.892,4.563],[6.896,4.553],[6.9,4.551],[6.899,4.546],[6.902,4.544],[6.902,4.538],[6.904,4.537],[6.905,4.533],[6.909,4.534],[6.913,4.532],[6.913,4.518],[6.917,4.512],[6.923,4.506],[6.922,4.503],[6.918,4.5],[6.917,4.495],[6.92,4.485],[6.913,4.482],[6.908,4.487],[6.91,4.481],[6.908,4.48],[6.894,4.487],[6.886,4.479],[6.878,4.475],[6.876,4.476],[6.873,4.482],[6.874,4.491],[6.873,4.494],[6.872,4.49],[6.868,4.489],[6.86,4.498],[6.851,4.502],[6.85,4.505],[6.85,4.51],[6.858,4.512],[6.85,4.513],[6.849,4.515],[6.85,4.517],[6.845,4.515],[6.843,4.52],[6.841,4.516],[6.837,4.514],[6.835,4.507],[6.833,4.505],[6.829,4.514],[6.822,4.516],[6.816,4.529],[6.816,4.535],[6.812,4.543],[6.811,4.555],[6.814,4.563],[6.814,4.576],[6.819,4.582],[6.825,4.584],[6.826,4.586],[6.83,4.586],[6.831,4.591],[6.835,4.597],[6.838,4.599],[6.843,4.599],[6.847,4.606],[6.85,4.608],[6.854,4.606]]],[[[7.559,4.503],[7.569,4.5],[7.57,4.498],[7.568,4.492],[7.559,4.494],[7.555,4.492],[7.554,4.488],[7.555,4.482],[7.553,4.479],[7.55,4.479],[7.546,4.482],[7.546,4.486],[7.549,4.492],[7.548,4.495],[7.546,4.496],[7.535,4.489],[7.527,4.48],[7.517,4.484],[7.517,4.488],[7.515,4.486],[7.511,4.488],[7.506,4.486],[7.502,4.488],[7.496,4.487],[7.491,4.492],[7.505,4.502],[7.511,4.502],[7.529,4.494],[7.534,4.493],[7.537,4.495],[7.543,4.506],[7.548,4.51],[7.559,4.503]]],[[[6.848,4.514],[6.85,4.512],[6.848,4.508],[6.848,4.504],[6.843,4.502],[6.837,4.501],[6.827,4.506],[6.827,4.509],[6.829,4.51],[6.832,4.505],[6.835,4.505],[6.837,4.511],[6.839,4.514],[6.841,4.515],[6.848,4.514]]],[[[7.033,4.587],[7.041,4.583],[7.046,4.578],[7.046,4.558],[7.051,4.543],[7.052,4.531],[7.061,4.514],[7.07,4.505],[7.065,4.501],[7.06,4.495],[7.056,4.495],[7.054,4.497],[7.057,4.501],[7.054,4.509],[7.051,4.51],[7.048,4.51],[7.049,4.515],[7.046,4.516],[7.048,4.514],[7.048,4.51],[7.045,4.51],[7.045,4.509],[7.051,4.51],[7.053,4.508],[7.056,4.501],[7.053,4.496],[7.059,4.492],[7.056,4.485],[7.056,4.479],[7.061,4.465],[7.069,4.454],[7.071,4.454],[7.075,4.448],[7.072,4.444],[7.066,4.441],[7.052,4.438],[7.042,4.438],[7.037,4.435],[7.03,4.437],[7.022,4.444],[7.023,4.446],[7.027,4.445],[7.027,4.447],[7.024,4.449],[7.021,4.453],[7.022,4.46],[7.019,4.462],[7.016,4.467],[7.015,4.481],[7.008,4.512],[7.01,4.524],[7.008,4.53],[7.01,4.533],[7.006,4.542],[7.006,4.543],[7.004,4.545],[7.003,4.554],[6.997,4.564],[6.996,4.581],[6.993,4.59],[6.996,4.599],[7.0,4.599],[7.012,4.59],[7.033,4.587]]],[[[7.145,4.52],[7.148,4.52],[7.15,4.519],[7.147,4.513],[7.138,4.509],[7.135,4.505],[7.134,4.499],[7.125,4.494],[7.126,4.481],[7.12,4.482],[7.118,4.484],[7.116,4.485],[7.114,4.484],[7.112,4.48],[7.111,4.48],[7.109,4.487],[7.116,4.496],[7.119,4.508],[7.128,4.511],[7.131,4.518],[7.141,4.516],[7.141,4.518],[7.139,4.519],[7.142,4.521],[7.145,4.52]]],[[[7.239,4.537],[7.248,4.525],[7.261,4.501],[7.269,4.495],[7.282,4.493],[7.297,4.495],[7.309,4.5],[7.319,4.501],[7.328,4.498],[7.33,4.496],[7.329,4.492],[7.322,4.486],[7.32,4.48],[7.318,4.479],[7.313,4.481],[7.308,4.48],[7.305,4.478],[7.301,4.47],[7.299,4.468],[7.296,4.468],[7.288,4.475],[7.285,4.476],[7.284,4.484],[7.281,4.486],[7.268,4.479],[7.262,4.478],[7.26,4.48],[7.259,4.488],[7.257,4.489],[7.247,4.488],[7.248,4.494],[7.241,4.496],[7.242,4.501],[7.24,4.502],[7.234,4.504],[7.233,4.503],[7.232,4.499],[7.227,4.498],[7.215,4.511],[7.215,4.518],[7.219,4.52],[7.219,4.524],[7.231,4.536],[7.235,4.538],[7.239,4.537]]],[[[7.474,4.495],[7.479,4.49],[7.478,4.489],[7.454,4.49],[7.448,4.494],[7.437,4.496],[7.436,4.497],[7.438,4.5],[7.442,4.502],[7.448,4.501],[7.445,4.504],[7.458,4.504],[7.462,4.506],[7.464,4.508],[7.467,4.508],[7.471,4.511],[7.477,4.512],[7.481,4.514],[7.481,4.511],[7.472,4.498],[7.474,4.495]]],[[[7.443,4.502],[7.442,4.504],[7.445,4.504],[7.444,4.502],[7.443,4.502]]],[[[7.455,4.512],[7.454,4.51],[7.452,4.51],[7.452,4.514],[7.455,4.512]]],[[[7.4,4.514],[7.408,4.511],[7.406,4.506],[7.406,4.5],[7.404,4.498],[7.402,4.501],[7.396,4.502],[7.395,4.499],[7.397,4.497],[7.395,4.497],[7.391,4.504],[7.391,4.508],[7.389,4.508],[7.395,4.515],[7.398,4.516],[7.4,4.514]]],[[[7.105,4.536],[7.106,4.532],[7.109,4.527],[7.11,4.521],[7.117,4.512],[7.118,4.508],[7.114,4.498],[7.107,4.491],[7.106,4.487],[7.108,4.478],[7.105,4.472],[7.105,4.468],[7.109,4.458],[7.105,4.451],[7.096,4.452],[7.077,4.459],[7.071,4.464],[7.06,4.478],[7.061,4.483],[7.072,4.495],[7.076,4.506],[7.073,4.512],[7.06,4.527],[7.053,4.557],[7.058,4.561],[7.062,4.558],[7.067,4.559],[7.07,4.562],[7.074,4.561],[7.081,4.559],[7.082,4.556],[7.087,4.551],[7.093,4.55],[7.098,4.546],[7.105,4.537],[7.105,4.536],[7.105,4.536],[7.105,4.536]]],[[[7.105,4.536],[7.105,4.539],[7.104,4.541],[7.096,4.549],[7.088,4.552],[7.083,4.556],[7.084,4.562],[7.084,4.57],[7.087,4.571],[7.084,4.571],[7.08,4.574],[7.079,4.577],[7.081,4.583],[7.087,4.591],[7.093,4.589],[7.094,4.586],[7.098,4.583],[7.104,4.584],[7.106,4.582],[7.105,4.577],[7.109,4.567],[7.115,4.564],[7.127,4.565],[7.134,4.564],[7.14,4.555],[7.154,4.545],[7.168,4.537],[7.175,4.528],[7.173,4.517],[7.174,4.507],[7.172,4.498],[7.161,4.471],[7.158,4.471],[7.153,4.479],[7.152,4.483],[7.154,4.484],[7.151,4.484],[7.151,4.48],[7.158,4.468],[7.154,4.464],[7.147,4.464],[7.141,4.46],[7.136,4.462],[7.133,4.466],[7.127,4.464],[7.124,4.465],[7.122,4.462],[7.116,4.464],[7.111,4.463],[7.109,4.465],[7.108,4.472],[7.113,4.478],[7.114,4.484],[7.117,4.484],[7.122,4.48],[7.126,4.481],[7.127,4.485],[7.126,4.493],[7.132,4.496],[7.135,4.498],[7.138,4.508],[7.143,4.51],[7.148,4.513],[7.15,4.518],[7.149,4.525],[7.15,4.528],[7.158,4.532],[7.153,4.535],[7.147,4.536],[7.145,4.538],[7.144,4.537],[7.147,4.529],[7.145,4.528],[7.141,4.521],[7.137,4.518],[7.134,4.519],[7.131,4.519],[7.126,4.521],[7.13,4.516],[7.129,4.514],[7.119,4.509],[7.116,4.517],[7.111,4.522],[7.11,4.53],[7.105,4.536],[7.105,4.536]]],[[[7.433,4.519],[7.433,4.515],[7.437,4.51],[7.441,4.509],[7.441,4.504],[7.433,4.497],[7.424,4.496],[7.418,4.492],[7.417,4.489],[7.415,4.489],[7.409,4.503],[7.408,4.506],[7.411,4.51],[7.403,4.517],[7.412,4.521],[7.413,4.524],[7.413,4.532],[7.415,4.536],[7.418,4.535],[7.422,4.53],[7.426,4.528],[7.422,4.526],[7.421,4.523],[7.421,4.522],[7.424,4.521],[7.428,4.523],[7.433,4.519]]],[[[7.146,4.521],[7.146,4.523],[7.147,4.523],[7.148,4.521],[7.146,4.521]]],[[[7.328,4.537],[7.327,4.53],[7.329,4.511],[7.329,4.509],[7.326,4.508],[7.324,4.513],[7.319,4.513],[7.318,4.517],[7.319,4.52],[7.316,4.52],[7.316,4.522],[7.312,4.522],[7.311,4.525],[7.314,4.527],[7.314,4.534],[7.322,4.538],[7.328,4.537]]],[[[6.704,4.53],[6.704,4.523],[6.701,4.521],[6.699,4.524],[6.7,4.528],[6.703,4.531],[6.704,4.53]]],[[[7.497,4.553],[7.496,4.548],[7.497,4.543],[7.508,4.533],[7.517,4.531],[7.52,4.532],[7.525,4.539],[7.529,4.537],[7.532,4.526],[7.543,4.513],[7.533,4.497],[7.53,4.496],[7.516,4.503],[7.504,4.505],[7.499,4.503],[7.486,4.492],[7.48,4.49],[7.475,4.498],[7.475,4.5],[7.485,4.511],[7.484,4.517],[7.481,4.521],[7.481,4.527],[7.479,4.526],[7.476,4.519],[7.474,4.516],[7.46,4.518],[7.455,4.515],[7.444,4.517],[7.441,4.516],[7.428,4.523],[7.421,4.523],[7.422,4.525],[7.426,4.525],[7.428,4.528],[7.421,4.531],[7.418,4.538],[7.425,4.54],[7.429,4.535],[7.429,4.54],[7.433,4.542],[7.44,4.534],[7.439,4.54],[7.44,4.541],[7.445,4.538],[7.444,4.534],[7.445,4.534],[7.446,4.537],[7.449,4.538],[7.45,4.546],[7.454,4.553],[7.462,4.552],[7.462,4.549],[7.457,4.546],[7.458,4.542],[7.462,4.539],[7.465,4.54],[7.465,4.541],[7.461,4.54],[7.458,4.543],[7.459,4.547],[7.463,4.547],[7.465,4.55],[7.465,4.553],[7.463,4.555],[7.464,4.56],[7.467,4.56],[7.464,4.557],[7.469,4.556],[7.473,4.558],[7.484,4.561],[7.495,4.56],[7.498,4.557],[7.497,4.553]]],[[[7.286,4.545],[7.288,4.543],[7.288,4.539],[7.289,4.538],[7.291,4.531],[7.296,4.535],[7.299,4.534],[7.303,4.535],[7.302,4.542],[7.304,4.542],[7.308,4.535],[7.312,4.533],[7.311,4.531],[7.313,4.528],[7.31,4.525],[7.31,4.522],[7.311,4.521],[7.315,4.522],[7.316,4.519],[7.319,4.519],[7.317,4.516],[7.318,4.512],[7.321,4.511],[7.324,4.512],[7.324,4.51],[7.311,4.51],[7.299,4.506],[7.296,4.506],[7.295,4.511],[7.289,4.509],[7.288,4.512],[7.283,4.516],[7.287,4.518],[7.285,4.521],[7.288,4.527],[7.28,4.53],[7.279,4.533],[7.279,4.536],[7.277,4.539],[7.279,4.542],[7.282,4.542],[7.281,4.544],[7.283,4.546],[7.286,4.545]]],[[[7.416,4.541],[7.411,4.537],[7.408,4.522],[7.394,4.521],[7.389,4.517],[7.387,4.513],[7.384,4.513],[7.379,4.521],[7.382,4.524],[7.385,4.525],[7.388,4.523],[7.394,4.523],[7.395,4.528],[7.405,4.53],[7.408,4.532],[7.408,4.538],[7.407,4.543],[7.415,4.544],[7.416,4.541]]],[[[7.382,4.535],[7.389,4.533],[7.389,4.532],[7.386,4.529],[7.379,4.526],[7.377,4.535],[7.38,4.536],[7.382,4.535]]],[[[7.389,4.569],[7.388,4.558],[7.39,4.555],[7.396,4.552],[7.393,4.545],[7.391,4.535],[7.385,4.534],[7.381,4.537],[7.378,4.537],[7.376,4.535],[7.375,4.528],[7.379,4.505],[7.373,4.502],[7.361,4.505],[7.36,4.507],[7.362,4.516],[7.36,4.523],[7.366,4.526],[7.366,4.537],[7.373,4.541],[7.372,4.541],[7.371,4.545],[7.372,4.54],[7.369,4.541],[7.367,4.539],[7.367,4.542],[7.367,4.543],[7.365,4.54],[7.365,4.542],[7.364,4.542],[7.365,4.537],[7.364,4.53],[7.366,4.528],[7.362,4.525],[7.36,4.525],[7.355,4.53],[7.351,4.536],[7.351,4.538],[7.363,4.548],[7.372,4.552],[7.376,4.548],[7.377,4.55],[7.375,4.55],[7.375,4.552],[7.38,4.554],[7.38,4.557],[7.376,4.558],[7.37,4.552],[7.364,4.551],[7.366,4.559],[7.373,4.564],[7.367,4.564],[7.367,4.565],[7.369,4.567],[7.377,4.569],[7.385,4.569],[7.386,4.571],[7.389,4.569]]],[[[6.943,4.538],[6.942,4.538],[6.942,4.542],[6.944,4.542],[6.943,4.538]]],[[[7.399,4.546],[7.402,4.537],[7.4,4.535],[7.4,4.534],[7.395,4.538],[7.396,4.546],[7.397,4.547],[7.399,4.546]]],[[[7.344,4.575],[7.349,4.573],[7.351,4.57],[7.35,4.56],[7.345,4.556],[7.35,4.547],[7.348,4.54],[7.35,4.531],[7.359,4.518],[7.356,4.507],[7.354,4.504],[7.351,4.503],[7.342,4.505],[7.339,4.508],[7.333,4.53],[7.337,4.545],[7.341,4.545],[7.342,4.549],[7.341,4.546],[7.337,4.546],[7.332,4.561],[7.341,4.569],[7.34,4.575],[7.344,4.575]]],[[[7.325,4.541],[7.324,4.544],[7.326,4.545],[7.328,4.543],[7.325,4.541]]],[[[7.445,4.542],[7.445,4.544],[7.447,4.545],[7.447,4.543],[7.445,4.542]]],[[[7.533,4.546],[7.533,4.546],[7.533,4.546],[7.533,4.546],[7.533,4.546]]],[[[6.953,4.601],[6.973,4.595],[6.977,4.593],[6.978,4.571],[6.973,4.569],[6.978,4.568],[6.979,4.566],[6.98,4.543],[6.985,4.517],[6.985,4.513],[6.982,4.511],[6.98,4.513],[6.978,4.532],[6.973,4.542],[6.966,4.55],[6.944,4.566],[6.935,4.569],[6.92,4.569],[6.918,4.571],[6.921,4.576],[6.928,4.584],[6.929,4.593],[6.931,4.596],[6.941,4.598],[6.944,4.602],[6.953,4.601]]],[[[7.279,4.55],[7.282,4.546],[7.279,4.544],[7.271,4.543],[7.272,4.545],[7.275,4.548],[7.275,4.553],[7.278,4.553],[7.279,4.55]]],[[[7.293,4.544],[7.291,4.545],[7.291,4.546],[7.295,4.544],[7.293,4.544]]],[[[7.293,4.546],[7.292,4.551],[7.291,4.547],[7.289,4.547],[7.29,4.543],[7.293,4.542],[7.298,4.543],[7.303,4.538],[7.302,4.535],[7.295,4.536],[7.291,4.532],[7.288,4.544],[7.285,4.547],[7.287,4.55],[7.287,4.553],[7.291,4.555],[7.289,4.556],[7.287,4.553],[7.286,4.557],[7.29,4.558],[7.292,4.555],[7.29,4.557],[7.291,4.559],[7.297,4.56],[7.303,4.55],[7.303,4.545],[7.3,4.542],[7.298,4.544],[7.296,4.543],[7.293,4.546]]],[[[7.31,4.555],[7.315,4.55],[7.321,4.548],[7.317,4.546],[7.317,4.548],[7.315,4.548],[7.315,4.545],[7.32,4.545],[7.324,4.547],[7.324,4.542],[7.319,4.542],[7.314,4.537],[7.311,4.538],[7.306,4.554],[7.307,4.556],[7.31,4.555]]],[[[7.451,4.553],[7.452,4.553],[7.45,4.548],[7.451,4.551],[7.451,4.553]]],[[[7.425,4.55],[7.424,4.548],[7.422,4.548],[7.424,4.551],[7.425,4.55]]],[[[7.358,4.554],[7.359,4.554],[7.358,4.548],[7.354,4.546],[7.354,4.554],[7.358,4.554]]],[[[7.403,4.551],[7.401,4.55],[7.4,4.552],[7.403,4.553],[7.403,4.551]]],[[[7.457,4.555],[7.456,4.555],[7.452,4.555],[7.456,4.558],[7.46,4.557],[7.46,4.555],[7.457,4.555]]],[[[7.278,4.555],[7.275,4.553],[7.273,4.555],[7.281,4.556],[7.278,4.555]]],[[[7.284,4.556],[7.284,4.554],[7.282,4.554],[7.282,4.557],[7.285,4.557],[7.284,4.556]]],[[[7.276,4.557],[7.275,4.558],[7.275,4.559],[7.277,4.559],[7.276,4.557]]],[[[7.301,4.557],[7.3,4.559],[7.3,4.56],[7.301,4.559],[7.301,4.557]]],[[[7.332,4.557],[7.334,4.543],[7.333,4.538],[7.331,4.539],[7.331,4.544],[7.329,4.547],[7.325,4.55],[7.315,4.553],[7.311,4.559],[7.309,4.576],[7.31,4.579],[7.314,4.582],[7.314,4.584],[7.317,4.583],[7.315,4.582],[7.313,4.578],[7.314,4.576],[7.316,4.581],[7.322,4.579],[7.329,4.578],[7.33,4.574],[7.327,4.57],[7.332,4.565],[7.331,4.56],[7.332,4.557]]],[[[6.901,4.679],[6.911,4.663],[6.918,4.641],[6.923,4.634],[6.936,4.608],[6.94,4.604],[6.939,4.6],[6.932,4.598],[6.926,4.602],[6.926,4.601],[6.922,4.6],[6.912,4.599],[6.91,4.602],[6.919,4.609],[6.918,4.611],[6.913,4.612],[6.907,4.619],[6.904,4.618],[6.902,4.614],[6.901,4.614],[6.892,4.622],[6.89,4.627],[6.887,4.629],[6.884,4.629],[6.883,4.628],[6.889,4.627],[6.892,4.62],[6.899,4.614],[6.903,4.613],[6.906,4.618],[6.912,4.611],[6.917,4.61],[6.917,4.608],[6.909,4.605],[6.906,4.609],[6.901,4.609],[6.896,4.605],[6.895,4.6],[6.893,4.597],[6.891,4.597],[6.886,4.605],[6.881,4.608],[6.877,4.607],[6.874,4.597],[6.867,4.601],[6.859,4.599],[6.856,4.608],[6.854,4.609],[6.846,4.607],[6.841,4.6],[6.839,4.605],[6.841,4.616],[6.838,4.623],[6.83,4.632],[6.821,4.637],[6.819,4.64],[6.82,4.644],[6.832,4.644],[6.837,4.647],[6.843,4.646],[6.851,4.641],[6.853,4.642],[6.846,4.646],[6.845,4.651],[6.838,4.66],[6.84,4.669],[6.834,4.676],[6.841,4.681],[6.841,4.688],[6.84,4.684],[6.835,4.68],[6.833,4.675],[6.838,4.67],[6.839,4.665],[6.837,4.66],[6.835,4.66],[6.833,4.665],[6.827,4.669],[6.825,4.673],[6.825,4.68],[6.822,4.684],[6.821,4.688],[6.823,4.691],[6.826,4.693],[6.828,4.695],[6.829,4.701],[6.827,4.707],[6.829,4.71],[6.831,4.71],[6.833,4.703],[6.835,4.702],[6.84,4.704],[6.841,4.708],[6.846,4.708],[6.846,4.711],[6.85,4.708],[6.855,4.707],[6.858,4.709],[6.859,4.715],[6.863,4.718],[6.863,4.712],[6.866,4.704],[6.872,4.701],[6.883,4.699],[6.901,4.679]]],[[[6.963,4.683],[6.966,4.672],[6.97,4.667],[6.975,4.657],[6.978,4.641],[6.984,4.625],[6.984,4.617],[6.982,4.614],[6.976,4.612],[6.963,4.613],[6.961,4.619],[6.966,4.629],[6.961,4.633],[6.959,4.633],[6.964,4.628],[6.96,4.618],[6.963,4.61],[6.954,4.607],[6.945,4.614],[6.932,4.633],[6.925,4.648],[6.921,4.664],[6.923,4.666],[6.931,4.664],[6.933,4.67],[6.938,4.666],[6.939,4.671],[6.943,4.675],[6.944,4.674],[6.953,4.674],[6.954,4.683],[6.957,4.684],[6.963,4.683]]],[[[7.006,4.61],[7.008,4.61],[7.008,4.608],[7.003,4.602],[6.999,4.606],[6.998,4.612],[7.006,4.61]]],[[[7.032,4.612],[7.025,4.611],[7.024,4.602],[7.02,4.6],[7.021,4.598],[7.025,4.597],[7.025,4.595],[7.014,4.595],[7.008,4.597],[7.007,4.601],[7.01,4.61],[7.001,4.629],[7.004,4.63],[7.011,4.629],[7.02,4.629],[7.021,4.628],[7.017,4.627],[7.017,4.623],[7.019,4.623],[7.02,4.619],[7.018,4.616],[7.021,4.618],[7.02,4.622],[7.018,4.624],[7.018,4.626],[7.022,4.627],[7.022,4.629],[7.019,4.63],[7.021,4.633],[7.021,4.64],[7.016,4.644],[7.011,4.645],[7.01,4.648],[7.018,4.657],[7.023,4.66],[7.026,4.656],[7.029,4.649],[7.034,4.641],[7.036,4.634],[7.034,4.632],[7.035,4.629],[7.042,4.623],[7.041,4.613],[7.032,4.612]]],[[[6.722,4.56],[6.722,4.563],[6.723,4.563],[6.723,4.561],[6.722,4.56]]],[[[7.083,4.568],[7.083,4.561],[7.082,4.56],[7.074,4.561],[7.07,4.564],[7.07,4.566],[7.074,4.569],[7.082,4.57],[7.083,4.568]]],[[[7.069,4.573],[7.072,4.569],[7.068,4.563],[7.066,4.56],[7.06,4.56],[7.059,4.562],[7.06,4.569],[7.065,4.575],[7.069,4.573]]],[[[7.384,4.571],[7.383,4.573],[7.385,4.573],[7.385,4.572],[7.384,4.571]]],[[[7.274,4.577],[7.274,4.576],[7.273,4.578],[7.275,4.58],[7.275,4.577],[7.274,4.577]]],[[[7.272,4.579],[7.271,4.577],[7.268,4.578],[7.271,4.581],[7.272,4.579]]],[[[7.274,4.58],[7.272,4.579],[7.271,4.582],[7.274,4.582],[7.274,4.58]]],[[[7.319,4.589],[7.318,4.591],[7.319,4.591],[7.32,4.59],[7.319,4.589]]],[[[7.358,4.564],[7.358,4.56],[7.355,4.559],[7.354,4.561],[7.355,4.566],[7.358,4.564]]],[[[7.275,4.56],[7.272,4.56],[7.274,4.564],[7.276,4.564],[7.276,4.56],[7.275,4.56]]],[[[7.336,4.577],[7.339,4.575],[7.34,4.569],[7.333,4.566],[7.33,4.57],[7.331,4.577],[7.334,4.579],[7.336,4.577]]],[[[7.288,4.579],[7.29,4.574],[7.296,4.569],[7.3,4.561],[7.293,4.563],[7.287,4.559],[7.279,4.559],[7.277,4.562],[7.275,4.572],[7.28,4.579],[7.288,4.579]]],[[[7.296,4.585],[7.303,4.584],[7.306,4.583],[7.303,4.582],[7.302,4.58],[7.305,4.579],[7.303,4.577],[7.307,4.566],[7.306,4.56],[7.304,4.565],[7.305,4.564],[7.306,4.565],[7.304,4.569],[7.302,4.571],[7.302,4.574],[7.299,4.572],[7.294,4.574],[7.289,4.581],[7.286,4.582],[7.285,4.587],[7.29,4.592],[7.293,4.593],[7.294,4.591],[7.293,4.587],[7.296,4.585]]],[[[7.298,4.596],[7.308,4.591],[7.309,4.589],[7.304,4.586],[7.303,4.588],[7.298,4.587],[7.295,4.597],[7.298,4.596]]],[[[7.281,4.594],[7.282,4.593],[7.279,4.596],[7.28,4.596],[7.281,4.594]]],[[[7.231,4.629],[7.225,4.628],[7.227,4.623],[7.226,4.623],[7.223,4.628],[7.221,4.628],[7.22,4.627],[7.222,4.621],[7.218,4.62],[7.22,4.616],[7.215,4.616],[7.214,4.614],[7.223,4.61],[7.223,4.608],[7.221,4.605],[7.223,4.599],[7.229,4.6],[7.229,4.596],[7.233,4.594],[7.231,4.587],[7.234,4.585],[7.236,4.578],[7.247,4.572],[7.242,4.56],[7.233,4.565],[7.224,4.569],[7.202,4.587],[7.197,4.594],[7.191,4.61],[7.178,4.622],[7.177,4.625],[7.178,4.626],[7.187,4.623],[7.196,4.623],[7.2,4.614],[7.202,4.614],[7.208,4.618],[7.205,4.623],[7.206,4.626],[7.21,4.628],[7.214,4.627],[7.215,4.628],[7.218,4.629],[7.221,4.631],[7.226,4.631],[7.227,4.638],[7.23,4.638],[7.232,4.633],[7.231,4.629]]],[[[7.047,4.595],[7.044,4.593],[7.047,4.593],[7.05,4.591],[7.058,4.591],[7.063,4.582],[7.06,4.573],[7.053,4.566],[7.051,4.568],[7.049,4.579],[7.047,4.584],[7.039,4.589],[7.028,4.592],[7.026,4.593],[7.026,4.597],[7.021,4.599],[7.025,4.602],[7.026,4.606],[7.026,4.611],[7.036,4.612],[7.038,4.608],[7.038,4.612],[7.043,4.614],[7.049,4.612],[7.053,4.616],[7.055,4.616],[7.054,4.611],[7.049,4.606],[7.047,4.595]]],[[[7.146,4.644],[7.15,4.641],[7.156,4.632],[7.159,4.622],[7.167,4.609],[7.169,4.601],[7.174,4.594],[7.177,4.58],[7.171,4.562],[7.166,4.558],[7.157,4.558],[7.151,4.56],[7.145,4.566],[7.142,4.567],[7.14,4.57],[7.136,4.57],[7.13,4.58],[7.131,4.596],[7.129,4.606],[7.131,4.612],[7.132,4.622],[7.127,4.633],[7.122,4.636],[7.122,4.641],[7.127,4.649],[7.133,4.652],[7.146,4.644]]],[[[7.071,4.634],[7.072,4.623],[7.075,4.614],[7.078,4.61],[7.077,4.599],[7.07,4.593],[7.072,4.59],[7.078,4.589],[7.08,4.584],[7.078,4.579],[7.079,4.572],[7.077,4.569],[7.074,4.57],[7.07,4.575],[7.067,4.587],[7.059,4.594],[7.065,4.602],[7.062,4.61],[7.064,4.621],[7.06,4.627],[7.066,4.635],[7.071,4.634]]],[[[7.045,4.634],[7.053,4.632],[7.059,4.626],[7.062,4.619],[7.06,4.611],[7.063,4.602],[7.058,4.599],[7.057,4.595],[7.053,4.594],[7.052,4.592],[7.048,4.593],[7.048,4.596],[7.05,4.606],[7.055,4.611],[7.056,4.616],[7.052,4.617],[7.049,4.613],[7.043,4.614],[7.042,4.625],[7.037,4.628],[7.035,4.63],[7.037,4.635],[7.045,4.634]]],[[[7.066,4.636],[7.061,4.64],[7.056,4.645],[7.056,4.655],[7.051,4.658],[7.048,4.658],[7.047,4.656],[7.053,4.657],[7.055,4.654],[7.054,4.646],[7.064,4.635],[7.062,4.63],[7.059,4.628],[7.053,4.634],[7.047,4.634],[7.037,4.637],[7.031,4.646],[7.025,4.665],[7.02,4.676],[7.002,4.691],[7.002,4.696],[7.005,4.7],[7.013,4.705],[7.021,4.707],[7.027,4.711],[7.037,4.71],[7.042,4.703],[7.048,4.702],[7.056,4.704],[7.078,4.698],[7.082,4.684],[7.092,4.676],[7.095,4.667],[7.089,4.663],[7.088,4.654],[7.085,4.658],[7.085,4.661],[7.083,4.66],[7.08,4.664],[7.077,4.665],[7.074,4.67],[7.067,4.671],[7.066,4.668],[7.07,4.67],[7.073,4.669],[7.076,4.664],[7.088,4.653],[7.1,4.653],[7.104,4.651],[7.109,4.641],[7.119,4.634],[7.118,4.622],[7.125,4.606],[7.127,4.592],[7.126,4.581],[7.131,4.567],[7.112,4.566],[7.107,4.575],[7.108,4.582],[7.106,4.585],[7.096,4.585],[7.093,4.59],[7.089,4.592],[7.085,4.591],[7.083,4.587],[7.077,4.59],[7.072,4.591],[7.078,4.6],[7.079,4.61],[7.076,4.613],[7.073,4.623],[7.072,4.634],[7.066,4.636]]],[[[7.532,4.546],[7.53,4.548],[7.525,4.544],[7.517,4.533],[7.513,4.534],[7.5,4.545],[7.5,4.557],[7.497,4.561],[7.485,4.564],[7.481,4.569],[7.48,4.569],[7.481,4.564],[7.477,4.565],[7.475,4.573],[7.477,4.576],[7.476,4.583],[7.478,4.586],[7.472,4.588],[7.472,4.591],[7.471,4.587],[7.466,4.587],[7.473,4.585],[7.475,4.583],[7.474,4.576],[7.468,4.57],[7.465,4.568],[7.461,4.572],[7.455,4.574],[7.449,4.573],[7.458,4.57],[7.46,4.566],[7.464,4.564],[7.464,4.562],[7.46,4.559],[7.458,4.56],[7.452,4.558],[7.449,4.553],[7.447,4.546],[7.446,4.547],[7.444,4.547],[7.441,4.543],[7.432,4.547],[7.432,4.55],[7.44,4.548],[7.44,4.551],[7.435,4.55],[7.434,4.552],[7.428,4.553],[7.426,4.563],[7.423,4.565],[7.426,4.57],[7.43,4.57],[7.427,4.572],[7.425,4.573],[7.421,4.567],[7.422,4.553],[7.417,4.552],[7.416,4.549],[7.413,4.55],[7.411,4.546],[7.405,4.551],[7.406,4.553],[7.409,4.554],[7.407,4.56],[7.409,4.562],[7.409,4.567],[7.407,4.569],[7.408,4.572],[7.404,4.577],[7.403,4.568],[7.405,4.566],[7.402,4.559],[7.397,4.558],[7.395,4.56],[7.396,4.563],[7.392,4.57],[7.391,4.573],[7.388,4.573],[7.384,4.579],[7.384,4.581],[7.386,4.585],[7.383,4.585],[7.381,4.581],[7.382,4.572],[7.38,4.571],[7.373,4.571],[7.371,4.573],[7.37,4.57],[7.366,4.569],[7.362,4.57],[7.357,4.58],[7.352,4.585],[7.35,4.59],[7.346,4.591],[7.345,4.598],[7.345,4.589],[7.348,4.587],[7.351,4.577],[7.351,4.575],[7.349,4.574],[7.343,4.577],[7.341,4.582],[7.338,4.578],[7.336,4.579],[7.33,4.588],[7.331,4.585],[7.325,4.583],[7.325,4.59],[7.327,4.591],[7.315,4.595],[7.318,4.6],[7.313,4.607],[7.311,4.606],[7.315,4.6],[7.312,4.598],[7.308,4.599],[7.304,4.597],[7.296,4.6],[7.291,4.606],[7.292,4.61],[7.292,4.611],[7.289,4.606],[7.291,4.601],[7.288,4.593],[7.286,4.594],[7.284,4.599],[7.282,4.6],[7.282,4.604],[7.277,4.599],[7.275,4.602],[7.271,4.602],[7.27,4.605],[7.267,4.605],[7.266,4.606],[7.266,4.603],[7.276,4.599],[7.279,4.59],[7.278,4.588],[7.275,4.592],[7.272,4.592],[7.272,4.591],[7.275,4.591],[7.275,4.587],[7.268,4.584],[7.266,4.589],[7.264,4.59],[7.266,4.585],[7.262,4.581],[7.262,4.58],[7.265,4.581],[7.263,4.58],[7.265,4.578],[7.266,4.58],[7.267,4.579],[7.268,4.575],[7.266,4.571],[7.268,4.572],[7.269,4.575],[7.271,4.574],[7.276,4.566],[7.272,4.565],[7.27,4.567],[7.271,4.561],[7.27,4.559],[7.267,4.559],[7.27,4.557],[7.268,4.555],[7.271,4.556],[7.27,4.553],[7.271,4.553],[7.272,4.556],[7.273,4.556],[7.274,4.55],[7.273,4.547],[7.27,4.545],[7.271,4.538],[7.268,4.536],[7.27,4.535],[7.272,4.538],[7.271,4.542],[7.278,4.542],[7.276,4.541],[7.276,4.539],[7.277,4.536],[7.279,4.535],[7.278,4.533],[7.279,4.529],[7.282,4.527],[7.287,4.526],[7.285,4.521],[7.287,4.518],[7.282,4.517],[7.282,4.515],[7.288,4.512],[7.289,4.508],[7.291,4.508],[7.294,4.51],[7.295,4.507],[7.29,4.503],[7.28,4.499],[7.271,4.498],[7.266,4.502],[7.26,4.518],[7.26,4.522],[7.269,4.523],[7.27,4.525],[7.269,4.53],[7.266,4.534],[7.256,4.543],[7.252,4.55],[7.253,4.551],[7.259,4.553],[7.261,4.556],[7.26,4.563],[7.251,4.568],[7.251,4.571],[7.254,4.575],[7.254,4.577],[7.251,4.583],[7.256,4.596],[7.253,4.598],[7.245,4.598],[7.241,4.602],[7.242,4.604],[7.25,4.606],[7.251,4.608],[7.251,4.61],[7.245,4.614],[7.245,4.617],[7.254,4.625],[7.257,4.625],[7.26,4.621],[7.263,4.62],[7.258,4.625],[7.262,4.626],[7.263,4.628],[7.26,4.634],[7.262,4.636],[7.261,4.638],[7.258,4.641],[7.258,4.638],[7.255,4.637],[7.255,4.63],[7.253,4.629],[7.251,4.623],[7.244,4.618],[7.245,4.614],[7.25,4.61],[7.25,4.607],[7.243,4.606],[7.24,4.602],[7.244,4.597],[7.252,4.598],[7.255,4.596],[7.249,4.584],[7.253,4.577],[7.25,4.57],[7.252,4.566],[7.26,4.563],[7.26,4.557],[7.258,4.553],[7.252,4.552],[7.252,4.548],[7.257,4.539],[7.268,4.531],[7.269,4.525],[7.267,4.523],[7.258,4.523],[7.241,4.542],[7.239,4.557],[7.244,4.56],[7.248,4.574],[7.239,4.577],[7.236,4.583],[7.232,4.587],[7.234,4.594],[7.23,4.596],[7.231,4.601],[7.229,4.602],[7.225,4.6],[7.223,4.604],[7.225,4.608],[7.224,4.61],[7.215,4.614],[7.215,4.615],[7.221,4.615],[7.221,4.617],[7.219,4.62],[7.223,4.621],[7.222,4.627],[7.224,4.625],[7.225,4.622],[7.228,4.622],[7.226,4.628],[7.23,4.627],[7.233,4.631],[7.233,4.635],[7.23,4.638],[7.226,4.64],[7.226,4.646],[7.228,4.651],[7.228,4.656],[7.231,4.658],[7.234,4.655],[7.232,4.659],[7.228,4.659],[7.225,4.661],[7.227,4.674],[7.225,4.671],[7.223,4.672],[7.225,4.67],[7.223,4.665],[7.225,4.658],[7.221,4.655],[7.219,4.649],[7.215,4.647],[7.216,4.645],[7.22,4.643],[7.22,4.641],[7.213,4.64],[7.211,4.643],[7.208,4.644],[7.205,4.641],[7.205,4.637],[7.208,4.634],[7.211,4.63],[7.205,4.626],[7.205,4.623],[7.207,4.617],[7.202,4.614],[7.2,4.615],[7.197,4.624],[7.184,4.625],[7.177,4.63],[7.174,4.65],[7.169,4.657],[7.171,4.668],[7.174,4.668],[7.181,4.661],[7.186,4.661],[7.189,4.663],[7.191,4.67],[7.198,4.676],[7.205,4.676],[7.208,4.675],[7.212,4.67],[7.215,4.67],[7.219,4.675],[7.229,4.678],[7.233,4.676],[7.231,4.68],[7.234,4.684],[7.236,4.684],[7.238,4.681],[7.242,4.682],[7.243,4.68],[7.244,4.682],[7.242,4.684],[7.238,4.682],[7.237,4.686],[7.235,4.687],[7.23,4.681],[7.227,4.685],[7.226,4.691],[7.225,4.683],[7.227,4.679],[7.224,4.677],[7.217,4.675],[7.214,4.671],[7.208,4.676],[7.204,4.678],[7.193,4.676],[7.185,4.662],[7.182,4.662],[7.176,4.669],[7.17,4.67],[7.165,4.661],[7.163,4.651],[7.161,4.65],[7.155,4.656],[7.155,4.661],[7.16,4.662],[7.162,4.667],[7.16,4.673],[7.162,4.679],[7.16,4.682],[7.161,4.691],[7.165,4.693],[7.175,4.692],[7.184,4.698],[7.192,4.699],[7.192,4.705],[7.199,4.708],[7.2,4.712],[7.198,4.715],[7.193,4.715],[7.191,4.718],[7.195,4.721],[7.194,4.718],[7.197,4.717],[7.201,4.72],[7.201,4.722],[7.198,4.722],[7.196,4.727],[7.191,4.728],[7.191,4.731],[7.187,4.725],[7.184,4.727],[7.181,4.733],[7.178,4.732],[7.178,4.731],[7.183,4.73],[7.185,4.724],[7.191,4.726],[7.196,4.725],[7.195,4.723],[7.191,4.721],[7.19,4.717],[7.194,4.713],[7.199,4.713],[7.199,4.711],[7.191,4.707],[7.191,4.7],[7.18,4.699],[7.174,4.694],[7.16,4.695],[7.158,4.699],[7.156,4.699],[7.159,4.692],[7.154,4.676],[7.152,4.664],[7.15,4.662],[7.146,4.666],[7.136,4.668],[7.127,4.673],[7.126,4.678],[7.121,4.681],[7.119,4.686],[7.123,4.695],[7.123,4.702],[7.117,4.709],[7.116,4.713],[7.116,4.716],[7.119,4.719],[7.119,4.722],[7.117,4.725],[7.115,4.725],[7.114,4.721],[7.117,4.719],[7.116,4.717],[7.102,4.72],[7.099,4.727],[7.1,4.733],[7.098,4.728],[7.095,4.729],[7.096,4.73],[7.095,4.733],[7.098,4.735],[7.1,4.735],[7.097,4.738],[7.093,4.731],[7.093,4.729],[7.096,4.726],[7.098,4.727],[7.099,4.721],[7.102,4.719],[7.114,4.716],[7.115,4.707],[7.12,4.704],[7.122,4.697],[7.122,4.692],[7.118,4.69],[7.118,4.686],[7.12,4.68],[7.124,4.677],[7.123,4.673],[7.117,4.675],[7.111,4.678],[7.112,4.683],[7.116,4.687],[7.116,4.689],[7.111,4.695],[7.111,4.698],[7.114,4.698],[7.115,4.7],[7.114,4.702],[7.104,4.701],[7.104,4.707],[7.102,4.71],[7.1,4.71],[7.103,4.707],[7.103,4.701],[7.114,4.7],[7.11,4.698],[7.11,4.695],[7.115,4.687],[7.111,4.683],[7.11,4.678],[7.114,4.673],[7.105,4.675],[7.098,4.686],[7.093,4.689],[7.091,4.693],[7.088,4.704],[7.09,4.717],[7.087,4.721],[7.086,4.718],[7.085,4.722],[7.084,4.722],[7.086,4.727],[7.084,4.729],[7.087,4.733],[7.092,4.736],[7.093,4.735],[7.091,4.733],[7.092,4.732],[7.094,4.735],[7.093,4.737],[7.095,4.737],[7.093,4.737],[7.091,4.737],[7.096,4.741],[7.093,4.744],[7.095,4.748],[7.087,4.753],[7.086,4.748],[7.092,4.743],[7.083,4.73],[7.079,4.732],[7.076,4.743],[7.079,4.746],[7.082,4.747],[7.084,4.756],[7.081,4.756],[7.079,4.766],[7.076,4.768],[7.078,4.771],[7.075,4.77],[7.075,4.768],[7.072,4.766],[7.071,4.769],[7.071,4.777],[7.064,4.788],[7.064,4.791],[7.066,4.793],[7.076,4.795],[7.077,4.8],[7.075,4.804],[7.078,4.812],[7.078,4.816],[7.081,4.817],[7.083,4.815],[7.083,4.818],[7.078,4.818],[7.077,4.815],[7.076,4.818],[7.074,4.817],[7.077,4.814],[7.074,4.804],[7.076,4.798],[7.074,4.795],[7.07,4.796],[7.07,4.803],[7.063,4.806],[7.058,4.813],[7.055,4.814],[7.048,4.813],[7.047,4.815],[7.048,4.816],[7.048,4.819],[7.047,4.821],[7.046,4.814],[7.048,4.812],[7.055,4.813],[7.064,4.804],[7.07,4.803],[7.069,4.795],[7.062,4.793],[7.06,4.788],[7.06,4.783],[7.066,4.78],[7.069,4.775],[7.063,4.774],[7.062,4.77],[7.06,4.769],[7.058,4.77],[7.055,4.767],[7.045,4.77],[7.032,4.769],[7.029,4.77],[7.027,4.779],[7.029,4.79],[7.02,4.792],[7.021,4.795],[7.017,4.793],[7.023,4.786],[7.019,4.788],[7.016,4.787],[7.011,4.788],[7.009,4.79],[7.011,4.787],[7.016,4.785],[7.019,4.788],[7.021,4.785],[7.024,4.787],[7.024,4.785],[7.027,4.785],[7.026,4.777],[7.028,4.77],[7.032,4.768],[7.053,4.767],[7.055,4.765],[7.053,4.753],[7.046,4.753],[7.045,4.76],[7.042,4.762],[7.041,4.764],[7.04,4.759],[7.042,4.761],[7.044,4.76],[7.042,4.756],[7.043,4.751],[7.045,4.75],[7.048,4.752],[7.054,4.752],[7.055,4.748],[7.06,4.742],[7.059,4.736],[7.06,4.727],[7.055,4.725],[7.045,4.725],[7.03,4.715],[7.027,4.715],[7.022,4.722],[7.02,4.727],[7.012,4.734],[7.013,4.739],[7.011,4.748],[7.019,4.753],[7.025,4.756],[7.03,4.755],[7.031,4.752],[7.033,4.753],[7.033,4.755],[7.026,4.758],[7.019,4.755],[7.016,4.752],[7.015,4.753],[7.01,4.748],[7.011,4.737],[7.01,4.739],[7.007,4.737],[7.003,4.742],[7.002,4.751],[7.003,4.751],[7.004,4.759],[7.009,4.77],[7.008,4.773],[7.0,4.774],[6.988,4.768],[6.988,4.773],[6.987,4.774],[6.98,4.773],[6.973,4.78],[6.974,4.792],[6.972,4.795],[6.974,4.795],[6.971,4.796],[6.97,4.801],[6.97,4.795],[6.971,4.795],[6.973,4.791],[6.972,4.78],[6.981,4.772],[6.987,4.773],[6.988,4.77],[6.983,4.763],[6.976,4.758],[6.964,4.756],[6.963,4.759],[6.966,4.763],[6.966,4.771],[6.963,4.774],[6.959,4.776],[6.95,4.774],[6.946,4.78],[6.945,4.789],[6.939,4.796],[6.934,4.796],[6.93,4.795],[6.925,4.796],[6.92,4.789],[6.916,4.788],[6.91,4.794],[6.899,4.796],[6.899,4.797],[6.898,4.798],[6.899,4.802],[6.897,4.802],[6.896,4.799],[6.896,4.795],[6.893,4.793],[6.887,4.797],[6.884,4.804],[6.855,4.808],[6.838,4.822],[6.826,4.826],[6.822,4.821],[6.822,4.813],[6.82,4.812],[6.823,4.806],[6.821,4.8],[6.816,4.794],[6.807,4.791],[6.805,4.792],[6.804,4.8],[6.801,4.803],[6.791,4.798],[6.781,4.806],[6.782,4.809],[6.786,4.814],[6.79,4.816],[6.79,4.818],[6.787,4.816],[6.779,4.815],[6.778,4.82],[6.78,4.825],[6.777,4.819],[6.775,4.811],[6.768,4.813],[6.765,4.812],[6.765,4.819],[6.764,4.822],[6.763,4.822],[6.764,4.819],[6.763,4.814],[6.765,4.81],[6.765,4.808],[6.753,4.808],[6.746,4.819],[6.743,4.822],[6.744,4.832],[6.741,4.836],[6.743,4.839],[6.742,4.84],[6.74,4.836],[6.742,4.829],[6.74,4.824],[6.733,4.826],[6.727,4.825],[6.721,4.826],[6.717,4.823],[6.718,4.817],[6.71,4.811],[6.705,4.815],[6.702,4.815],[6.7,4.812],[6.704,4.815],[6.707,4.811],[6.709,4.81],[6.718,4.814],[6.717,4.815],[6.72,4.817],[6.72,4.821],[6.731,4.817],[6.733,4.812],[6.734,4.801],[6.726,4.801],[6.718,4.798],[6.717,4.801],[6.722,4.808],[6.721,4.812],[6.719,4.812],[6.72,4.807],[6.716,4.799],[6.717,4.797],[6.731,4.796],[6.733,4.794],[6.731,4.789],[6.739,4.791],[6.746,4.782],[6.76,4.77],[6.758,4.761],[6.75,4.759],[6.757,4.759],[6.758,4.756],[6.758,4.746],[6.76,4.739],[6.755,4.736],[6.753,4.732],[6.756,4.736],[6.759,4.736],[6.766,4.72],[6.77,4.699],[6.773,4.691],[6.772,4.678],[6.774,4.67],[6.779,4.663],[6.786,4.656],[6.8,4.648],[6.81,4.633],[6.823,4.621],[6.825,4.617],[6.828,4.606],[6.827,4.602],[6.826,4.598],[6.819,4.592],[6.816,4.587],[6.805,4.582],[6.796,4.574],[6.793,4.574],[6.79,4.578],[6.796,4.58],[6.8,4.588],[6.799,4.59],[6.795,4.591],[6.8,4.589],[6.798,4.583],[6.796,4.58],[6.792,4.58],[6.79,4.578],[6.791,4.574],[6.796,4.571],[6.795,4.56],[6.801,4.529],[6.809,4.506],[6.811,4.494],[6.822,4.463],[6.82,4.452],[6.815,4.455],[6.809,4.453],[6.809,4.452],[6.815,4.453],[6.817,4.45],[6.82,4.45],[6.822,4.457],[6.824,4.458],[6.829,4.438],[6.833,4.432],[6.833,4.426],[6.832,4.423],[6.833,4.405],[6.84,4.395],[6.851,4.384],[6.852,4.382],[6.871,4.365],[6.872,4.36],[6.865,4.359],[6.815,4.355],[6.8,4.351],[6.771,4.347],[6.735,4.35],[6.722,4.354],[6.714,4.36],[6.713,4.364],[6.714,4.373],[6.713,4.404],[6.72,4.409],[6.723,4.408],[6.725,4.411],[6.725,4.415],[6.731,4.412],[6.734,4.412],[6.735,4.421],[6.737,4.415],[6.74,4.415],[6.744,4.417],[6.748,4.423],[6.751,4.418],[6.766,4.414],[6.767,4.409],[6.769,4.411],[6.77,4.414],[6.775,4.412],[6.779,4.412],[6.782,4.414],[6.78,4.416],[6.779,4.413],[6.775,4.413],[6.772,4.415],[6.755,4.418],[6.752,4.42],[6.752,4.423],[6.751,4.424],[6.747,4.425],[6.74,4.416],[6.738,4.415],[6.737,4.421],[6.735,4.422],[6.733,4.42],[6.734,4.413],[6.727,4.416],[6.724,4.416],[6.723,4.41],[6.716,4.408],[6.714,4.425],[6.71,4.438],[6.71,4.447],[6.714,4.446],[6.723,4.442],[6.729,4.441],[6.734,4.446],[6.737,4.457],[6.757,4.458],[6.761,4.452],[6.759,4.451],[6.763,4.452],[6.769,4.451],[6.771,4.453],[6.771,4.457],[6.773,4.458],[6.771,4.458],[6.771,4.454],[6.769,4.452],[6.763,4.453],[6.759,4.462],[6.756,4.464],[6.757,4.465],[6.756,4.471],[6.752,4.475],[6.755,4.47],[6.756,4.466],[6.749,4.461],[6.739,4.459],[6.735,4.456],[6.73,4.444],[6.725,4.444],[6.711,4.452],[6.714,4.455],[6.724,4.458],[6.726,4.463],[6.73,4.465],[6.731,4.47],[6.736,4.47],[6.737,4.471],[6.737,4.474],[6.739,4.475],[6.738,4.48],[6.742,4.481],[6.742,4.485],[6.742,4.482],[6.738,4.48],[6.739,4.475],[6.736,4.475],[6.735,4.471],[6.73,4.47],[6.729,4.465],[6.725,4.463],[6.724,4.458],[6.711,4.455],[6.701,4.471],[6.699,4.491],[6.697,4.496],[6.698,4.498],[6.703,4.499],[6.7,4.502],[6.7,4.511],[6.706,4.521],[6.71,4.535],[6.715,4.543],[6.721,4.55],[6.725,4.551],[6.731,4.571],[6.732,4.582],[6.73,4.594],[6.729,4.596],[6.726,4.604],[6.729,4.614],[6.733,4.616],[6.739,4.613],[6.744,4.613],[6.749,4.618],[6.751,4.621],[6.758,4.623],[6.758,4.627],[6.751,4.629],[6.75,4.633],[6.754,4.639],[6.757,4.639],[6.761,4.636],[6.764,4.637],[6.765,4.642],[6.762,4.645],[6.763,4.649],[6.763,4.652],[6.755,4.654],[6.763,4.651],[6.761,4.646],[6.763,4.638],[6.761,4.638],[6.758,4.64],[6.753,4.64],[6.749,4.633],[6.75,4.628],[6.756,4.626],[6.756,4.623],[6.75,4.623],[6.744,4.614],[6.739,4.615],[6.733,4.618],[6.733,4.622],[6.726,4.639],[6.729,4.645],[6.719,4.65],[6.72,4.653],[6.725,4.657],[6.728,4.663],[6.727,4.665],[6.724,4.657],[6.718,4.652],[6.719,4.649],[6.725,4.646],[6.727,4.643],[6.725,4.634],[6.729,4.621],[6.728,4.617],[6.721,4.612],[6.717,4.616],[6.715,4.624],[6.72,4.637],[6.72,4.645],[6.714,4.652],[6.708,4.652],[6.706,4.656],[6.705,4.659],[6.709,4.665],[6.712,4.667],[6.711,4.667],[6.708,4.665],[6.705,4.66],[6.705,4.655],[6.699,4.656],[6.698,4.659],[6.697,4.658],[6.698,4.655],[6.712,4.65],[6.718,4.642],[6.717,4.637],[6.713,4.636],[6.715,4.632],[6.713,4.628],[6.712,4.62],[6.715,4.614],[6.713,4.608],[6.697,4.613],[6.682,4.621],[6.653,4.641],[6.643,4.652],[6.633,4.68],[6.629,4.696],[6.627,4.713],[6.623,4.723],[6.615,4.741],[6.601,4.753],[6.587,4.755],[6.569,4.754],[6.463,4.713],[6.446,4.717],[6.444,4.737],[6.441,4.748],[6.447,4.772],[6.441,4.779],[6.426,4.779],[6.394,4.795],[6.386,4.809],[6.384,4.821],[6.387,4.879],[6.39,4.888],[6.41,4.91],[6.418,4.922],[6.42,4.937],[6.43,4.955],[6.431,4.976],[6.422,4.978],[6.41,4.973],[6.401,4.978],[6.396,4.986],[6.396,4.998],[6.407,5.031],[6.418,5.058],[6.471,5.155],[6.488,5.178],[6.49,5.185],[6.502,5.186],[6.535,5.182],[6.544,5.19],[6.55,5.201],[6.555,5.216],[6.556,5.231],[6.565,5.236],[6.577,5.24],[6.581,5.243],[6.581,5.249],[6.576,5.255],[6.575,5.262],[6.577,5.273],[6.603,5.29],[6.613,5.302],[6.618,5.314],[6.62,5.329],[6.618,5.346],[6.611,5.354],[6.607,5.37],[6.595,5.38],[6.564,5.393],[6.531,5.391],[6.517,5.385],[6.504,5.388],[6.5,5.39],[6.492,5.403],[6.49,5.408],[6.494,5.414],[6.503,5.422],[6.522,5.431],[6.533,5.433],[6.543,5.44],[6.551,5.443],[6.555,5.454],[6.556,5.468],[6.551,5.505],[6.554,5.529],[6.559,5.543],[6.565,5.553],[6.578,5.56],[6.592,5.572],[6.598,5.576],[6.607,5.59],[6.613,5.604],[6.618,5.629],[6.624,5.642],[6.626,5.656],[6.623,5.67],[6.608,5.713],[6.611,5.719],[6.613,5.718],[6.619,5.707],[6.63,5.698],[6.644,5.693],[6.669,5.694],[6.662,5.683],[6.661,5.665],[6.627,5.499],[6.624,5.493],[6.624,5.483],[6.649,5.476],[6.664,5.477],[6.705,5.486],[6.733,5.48],[6.739,5.474],[6.741,5.46],[6.746,5.447],[6.744,5.422],[6.742,5.411],[6.738,5.372],[6.723,5.343],[6.72,5.327],[6.724,5.305],[6.733,5.295],[6.754,5.284],[6.764,5.267],[6.771,5.243],[6.782,5.229],[6.795,5.218],[6.817,5.202],[6.834,5.2],[6.851,5.196],[6.925,5.198],[6.947,5.196],[6.96,5.198],[6.981,5.192],[7.036,5.18],[7.061,5.185],[7.08,5.192],[7.094,5.193],[7.103,5.197],[7.137,5.198],[7.155,5.194],[7.169,5.188],[7.178,5.188],[7.19,5.183],[7.21,5.179],[7.225,5.184],[7.247,5.195],[7.26,5.194],[7.271,5.166],[7.27,5.146],[7.272,5.121],[7.264,5.105],[7.256,5.098],[7.246,5.083],[7.233,5.053],[7.206,5.021],[7.2,5.007],[7.178,4.983],[7.167,4.96],[7.156,4.923],[7.153,4.905],[7.163,4.888],[7.186,4.865],[7.199,4.862],[7.215,4.86],[7.228,4.866],[7.257,4.867],[7.266,4.87],[7.284,4.88],[7.302,4.877],[7.318,4.878],[7.329,4.882],[7.357,4.869],[7.382,4.862],[7.411,4.869],[7.429,4.862],[7.458,4.846],[7.493,4.815],[7.496,4.817],[7.494,4.814],[7.513,4.793],[7.528,4.761],[7.531,4.743],[7.538,4.723],[7.537,4.706],[7.53,4.693],[7.523,4.654],[7.525,4.633],[7.526,4.595],[7.532,4.581],[7.524,4.575],[7.523,4.565],[7.533,4.546],[7.532,4.546]]]]}},{"type":"Feature","properties":{"NAME_1":"Sokoto"},"geometry":{"type":"MultiPolygon","coordinates":[[[[4.977,11.677],[4.973,11.691],[4.97,11.694],[4.956,11.691],[4.937,11.683],[4.923,11.687],[4.917,11.692],[4.906,11.696],[4.893,11.699],[4.879,11.694],[4.848,11.677],[4.827,11.669],[4.805,11.657],[4.775,11.648],[4.752,11.638],[4.724,11.629],[4.685,11.608],[4.659,11.581],[4.646,11.56],[4.631,11.544],[4.619,11.539],[4.602,11.538],[4.574,11.543],[4.561,11.551],[4.543,11.57],[4.527,11.593],[4.52,11.609],[4.527,11.648],[4.539,11.685],[4.581,11.775],[4.593,11.843],[4.599,11.864],[4.609,11.889],[4.615,11.931],[4.617,11.964],[4.614,12.005],[4.608,12.027],[4.605,12.065],[4.605,12.092],[4.607,12.111],[4.603,12.138],[4.607,12.287],[4.605,12.296],[4.621,12.356],[4.642,12.38],[4.681,12.394],[4.706,12.399],[4.727,12.402],[4.749,12.399],[4.8,12.366],[4.817,12.367],[4.824,12.38],[4.827,12.392],[4.832,12.427],[4.833,12.454],[4.833,12.486],[4.831,12.519],[4.819,12.565],[4.804,12.607],[4.803,12.639],[4.809,12.68],[4.824,12.735],[4.822,12.766],[4.827,12.788],[4.817,12.813],[4.811,12.833],[4.798,12.856],[4.783,12.871],[4.773,12.879],[4.768,12.89],[4.775,12.948],[4.783,12.957],[4.788,12.984],[4.798,12.995],[4.796,13.034],[4.8,13.046],[4.805,13.052],[4.814,13.071],[4.816,13.084],[4.822,13.096],[4.816,13.116],[4.809,13.126],[4.798,13.13],[4.787,13.128],[4.78,13.125],[4.77,13.115],[4.763,13.1],[4.746,13.079],[4.739,13.066],[4.729,13.057],[4.716,13.053],[4.7,13.05],[4.669,13.055],[4.65,13.061],[4.603,13.094],[4.551,13.111],[4.512,13.12],[4.488,13.129],[4.46,13.144],[4.448,13.143],[4.431,13.161],[4.404,13.174],[4.38,13.19],[4.362,13.209],[4.353,13.223],[4.341,13.228],[4.322,13.226],[4.308,13.221],[4.291,13.21],[4.266,13.203],[4.255,13.205],[4.236,13.215],[4.219,13.216],[4.129,13.213],[4.13,13.375],[4.128,13.45],[4.13,13.473],[4.173,13.473],[4.182,13.472],[4.197,13.474],[4.197,13.473],[4.213,13.485],[4.321,13.579],[4.324,13.58],[4.35,13.605],[4.465,13.703],[4.478,13.705],[4.48,13.708],[4.55,13.721],[4.555,13.723],[4.568,13.725],[4.626,13.737],[4.742,13.757],[4.752,13.76],[4.871,13.783],[4.876,13.775],[4.898,13.754],[4.91,13.749],[5.002,13.741],[5.106,13.752],[5.129,13.749],[5.135,13.751],[5.148,13.746],[5.165,13.745],[5.172,13.746],[5.184,13.744],[5.271,13.746],[5.355,13.845],[5.444,13.87],[5.449,13.873],[5.459,13.874],[5.527,13.892],[5.753,13.794],[5.886,13.748],[5.991,13.714],[6.085,13.68],[6.149,13.643],[6.194,13.657],[6.206,13.662],[6.224,13.666],[6.261,13.669],[6.269,13.667],[6.283,13.667],[6.314,13.656],[6.415,13.603],[6.421,13.602],[6.434,13.592],[6.572,13.458],[6.579,13.453],[6.636,13.395],[6.678,13.356],[6.774,13.191],[6.76,13.18],[6.744,13.165],[6.725,13.15],[6.706,13.139],[6.644,13.101],[6.611,13.086],[6.597,13.089],[6.567,13.091],[6.519,13.1],[6.494,13.099],[6.471,13.105],[6.457,13.107],[6.444,13.112],[6.426,13.117],[6.399,13.149],[6.386,13.153],[6.381,13.153],[6.375,13.156],[6.362,13.16],[6.334,13.164],[6.298,13.161],[6.282,13.163],[6.276,13.139],[6.278,13.123],[6.273,13.099],[6.272,13.076],[6.263,13.062],[6.261,13.047],[6.253,13.043],[6.244,13.052],[6.229,13.055],[6.218,13.062],[6.209,13.066],[6.164,13.066],[6.126,13.055],[6.086,13.041],[6.051,13.012],[6.05,13.001],[6.051,12.981],[6.06,12.945],[6.062,12.92],[6.06,12.898],[6.064,12.879],[6.064,12.826],[6.066,12.794],[6.063,12.786],[6.042,12.77],[5.99,12.748],[5.976,12.744],[5.924,12.74],[5.9,12.739],[5.844,12.732],[5.814,12.732],[5.729,12.72],[5.716,12.717],[5.709,12.71],[5.671,12.648],[5.644,12.613],[5.622,12.58],[5.592,12.551],[5.58,12.546],[5.542,12.52],[5.538,12.512],[5.543,12.492],[5.543,12.475],[5.551,12.46],[5.566,12.401],[5.568,12.375],[5.577,12.334],[5.572,12.309],[5.565,12.285],[5.525,12.258],[5.499,12.255],[5.478,12.257],[5.426,12.25],[5.406,12.255],[5.367,12.252],[5.328,12.245],[5.285,12.249],[5.213,12.244],[5.16,12.251],[5.094,12.263],[5.062,12.271],[5.048,12.261],[5.041,12.246],[5.034,12.213],[5.032,12.19],[5.032,12.15],[5.035,12.105],[5.034,12.069],[5.035,12.032],[5.031,11.995],[5.031,11.936],[5.034,11.9],[5.031,11.817],[5.027,11.79],[5.028,11.76],[5.027,11.73],[5.024,11.681],[4.997,11.665],[4.982,11.666],[4.977,11.677]]]]}},{"type":"Feature","properties":{"NAME_1":"Taraba"},"geometry":{"type":"MultiPolygon","coordinates":[[[[9.911,6.817],[9.888,6.795],[9.864,6.777],[9.856,6.782],[9.845,6.78],[9.826,6.785],[9.821,6.783],[9.812,6.787],[9.81,6.791],[9.807,6.792],[9.803,6.787],[9.797,6.787],[9.794,6.79],[9.787,6.791],[9.783,6.795],[9.779,6.795],[9.773,6.782],[9.77,6.766],[9.763,6.759],[9.763,6.757],[9.768,6.755],[9.768,6.749],[9.765,6.74],[9.766,6.73],[9.764,6.725],[9.759,6.717],[9.762,6.712],[9.76,6.704],[9.756,6.696],[9.759,6.693],[9.764,6.691],[9.764,6.681],[9.759,6.681],[9.756,6.679],[9.751,6.679],[9.751,6.678],[9.753,6.674],[9.752,6.656],[9.745,6.65],[9.745,6.641],[9.741,6.635],[9.739,6.625],[9.736,6.618],[9.736,6.616],[9.731,6.611],[9.723,6.577],[9.72,6.571],[9.719,6.566],[9.72,6.558],[9.716,6.554],[9.71,6.54],[9.712,6.534],[9.706,6.516],[9.701,6.511],[9.697,6.512],[9.696,6.515],[9.694,6.516],[9.691,6.516],[9.687,6.513],[9.676,6.514],[9.673,6.511],[9.67,6.511],[9.666,6.513],[9.662,6.519],[9.656,6.522],[9.656,6.527],[9.653,6.529],[9.651,6.528],[9.65,6.524],[9.645,6.524],[9.644,6.53],[9.651,6.55],[9.652,6.565],[9.658,6.588],[9.668,6.614],[9.668,6.632],[9.673,6.641],[9.676,6.656],[9.679,6.697],[9.678,6.763],[9.679,6.783],[9.676,6.797],[9.682,6.815],[9.672,6.826],[9.679,6.846],[9.687,6.916],[9.706,7.012],[9.71,7.024],[9.72,7.045],[9.74,7.082],[9.759,7.111],[9.772,7.122],[9.783,7.135],[9.815,7.164],[9.848,7.181],[9.865,7.195],[9.873,7.206],[9.88,7.218],[9.882,7.231],[9.875,7.285],[9.875,7.314],[9.881,7.327],[9.887,7.347],[9.897,7.364],[9.913,7.409],[9.916,7.431],[9.92,7.441],[9.923,7.461],[9.923,7.476],[9.914,7.489],[9.918,7.506],[9.899,7.528],[9.901,7.539],[9.844,7.593],[9.815,7.614],[9.766,7.661],[9.754,7.678],[9.74,7.693],[9.725,7.715],[9.71,7.727],[9.704,7.741],[9.694,7.752],[9.671,7.775],[9.646,7.804],[9.611,7.831],[9.575,7.842],[9.548,7.846],[9.491,7.859],[9.444,7.86],[9.418,7.865],[9.358,7.867],[9.333,7.862],[9.311,7.862],[9.287,7.857],[9.238,7.851],[9.202,7.841],[9.184,7.83],[9.152,7.818],[9.139,7.809],[9.122,7.811],[9.108,7.818],[9.112,7.83],[9.128,7.854],[9.137,7.863],[9.142,7.876],[9.148,7.881],[9.157,7.901],[9.171,7.913],[9.169,7.915],[9.172,7.914],[9.175,7.916],[9.18,7.93],[9.189,7.937],[9.2,7.941],[9.257,7.978],[9.284,7.994],[9.318,8.02],[9.342,8.033],[9.349,8.04],[9.36,8.044],[9.37,8.053],[9.373,8.062],[9.372,8.072],[9.358,8.104],[9.359,8.105],[9.356,8.115],[9.365,8.126],[9.359,8.172],[9.326,8.213],[9.299,8.235],[9.305,8.247],[9.31,8.28],[9.332,8.315],[9.353,8.329],[9.362,8.33],[9.364,8.328],[9.383,8.329],[9.399,8.318],[9.411,8.314],[9.421,8.306],[9.427,8.297],[9.451,8.301],[9.457,8.294],[9.474,8.291],[9.491,8.285],[9.516,8.283],[9.53,8.279],[9.562,8.284],[9.574,8.292],[9.587,8.304],[9.616,8.351],[9.678,8.347],[9.744,8.356],[9.815,8.372],[9.855,8.391],[9.882,8.423],[9.939,8.479],[9.979,8.514],[10.093,8.575],[10.127,8.62],[10.17,8.667],[10.191,8.713],[10.203,8.734],[10.243,8.757],[10.397,8.791],[10.428,8.789],[10.493,8.816],[10.625,8.883],[10.654,8.933],[10.655,8.964],[10.65,9.008],[10.65,9.022],[10.643,9.022],[10.638,9.058],[10.647,9.079],[10.643,9.117],[10.634,9.144],[10.63,9.176],[10.616,9.203],[10.593,9.238],[10.592,9.268],[10.581,9.334],[10.587,9.358],[10.589,9.399],[10.586,9.434],[10.579,9.462],[10.56,9.497],[10.569,9.505],[10.635,9.539],[10.657,9.539],[10.695,9.529],[10.729,9.527],[10.834,9.576],[10.871,9.591],[10.9,9.604],[10.928,9.603],[11.004,9.587],[11.042,9.584],[11.06,9.584],[11.069,9.586],[11.1,9.576],[11.112,9.575],[11.126,9.575],[11.175,9.581],[11.222,9.585],[11.265,9.586],[11.312,9.584],[11.423,9.584],[11.479,9.586],[11.526,9.592],[11.536,9.567],[11.578,9.497],[11.614,9.429],[11.637,9.398],[11.658,9.396],[11.713,9.381],[11.746,9.36],[11.769,9.327],[11.79,9.284],[11.805,9.25],[11.821,9.225],[11.831,9.202],[11.824,9.168],[11.826,9.124],[11.829,9.106],[11.848,9.081],[11.872,9.059],[11.897,9.046],[11.939,9.035],[11.972,8.973],[11.976,8.944],[11.971,8.916],[11.96,8.886],[11.931,8.836],[11.917,8.807],[11.897,8.767],[11.887,8.755],[11.873,8.73],[11.863,8.702],[11.862,8.674],[11.864,8.643],[11.869,8.609],[11.862,8.576],[11.823,8.548],[11.763,8.492],[11.722,8.438],[11.7,8.404],[11.624,8.307],[11.587,8.272],[11.542,8.219],[11.48,8.167],[11.443,8.126],[11.414,8.09],[11.4,8.064],[11.428,8.001],[11.434,7.975],[11.441,7.956],[11.477,7.903],[11.488,7.88],[11.532,7.841],[11.544,7.846],[11.559,7.857],[11.576,7.873],[11.596,7.899],[11.601,7.909],[11.621,7.937],[11.648,7.944],[11.671,7.937],[11.695,7.918],[11.708,7.898],[11.736,7.868],[11.768,7.843],[11.806,7.806],[11.84,7.764],[11.857,7.732],[11.848,7.643],[11.86,7.615],[11.866,7.558],[11.889,7.509],[11.897,7.484],[11.896,7.458],[11.916,7.444],[11.924,7.453],[11.936,7.47],[11.951,7.488],[11.96,7.495],[11.971,7.498],[11.992,7.499],[12.007,7.508],[12.012,7.508],[12.009,7.504],[11.981,7.493],[11.968,7.48],[11.965,7.474],[11.966,7.447],[11.963,7.436],[11.961,7.432],[11.949,7.43],[11.942,7.421],[11.94,7.417],[11.944,7.402],[11.943,7.394],[11.936,7.38],[11.934,7.378],[11.923,7.376],[11.916,7.373],[11.902,7.35],[11.895,7.35],[11.892,7.348],[11.891,7.335],[11.884,7.325],[11.881,7.307],[11.867,7.29],[11.858,7.275],[11.846,7.266],[11.837,7.252],[11.817,7.245],[11.811,7.234],[11.811,7.23],[11.814,7.228],[11.84,7.23],[11.851,7.229],[11.854,7.227],[11.853,7.221],[11.845,7.215],[11.841,7.21],[11.839,7.2],[11.835,7.191],[11.837,7.186],[11.836,7.177],[11.837,7.171],[11.845,7.165],[11.843,7.154],[11.848,7.147],[11.849,7.142],[11.853,7.139],[11.854,7.13],[11.864,7.121],[11.87,7.111],[11.873,7.108],[11.874,7.104],[11.871,7.093],[11.872,7.089],[11.871,7.079],[11.85,7.09],[11.836,7.087],[11.827,7.073],[11.819,7.079],[11.807,7.081],[11.8,7.076],[11.792,7.063],[11.783,7.051],[11.777,7.048],[11.768,7.049],[11.747,7.056],[11.733,7.058],[11.717,7.053],[11.71,7.055],[11.708,7.052],[11.71,7.043],[11.717,7.032],[11.703,7.029],[11.686,7.021],[11.679,7.013],[11.678,7.006],[11.669,6.998],[11.66,6.999],[11.656,6.997],[11.66,6.989],[11.658,6.987],[11.652,6.99],[11.637,6.989],[11.625,6.979],[11.619,6.976],[11.625,6.969],[11.623,6.95],[11.616,6.943],[11.61,6.942],[11.61,6.939],[11.607,6.935],[11.606,6.926],[11.609,6.921],[11.607,6.911],[11.601,6.907],[11.593,6.91],[11.592,6.907],[11.583,6.909],[11.564,6.888],[11.563,6.882],[11.565,6.876],[11.555,6.864],[11.553,6.859],[11.555,6.851],[11.568,6.85],[11.573,6.844],[11.581,6.84],[11.582,6.831],[11.579,6.817],[11.588,6.816],[11.591,6.814],[11.593,6.809],[11.592,6.804],[11.597,6.802],[11.595,6.798],[11.588,6.798],[11.582,6.795],[11.574,6.789],[11.572,6.785],[11.571,6.772],[11.577,6.766],[11.576,6.76],[11.581,6.755],[11.585,6.747],[11.586,6.741],[11.584,6.733],[11.574,6.729],[11.576,6.725],[11.56,6.724],[11.556,6.722],[11.552,6.716],[11.55,6.711],[11.552,6.708],[11.549,6.701],[11.549,6.694],[11.554,6.684],[11.549,6.677],[11.556,6.67],[11.554,6.665],[11.539,6.66],[11.534,6.654],[11.537,6.649],[11.533,6.646],[11.526,6.645],[11.524,6.633],[11.52,6.629],[11.522,6.619],[11.519,6.616],[11.512,6.616],[11.509,6.609],[11.497,6.601],[11.484,6.599],[11.48,6.603],[11.473,6.604],[11.464,6.611],[11.448,6.601],[11.443,6.603],[11.427,6.598],[11.425,6.597],[11.419,6.597],[11.417,6.589],[11.427,6.582],[11.43,6.558],[11.432,6.555],[11.432,6.545],[11.419,6.542],[11.42,6.538],[11.427,6.533],[11.426,6.532],[11.424,6.53],[11.396,6.53],[11.391,6.527],[11.386,6.528],[11.38,6.521],[11.366,6.528],[11.357,6.526],[11.351,6.515],[11.351,6.513],[11.357,6.508],[11.357,6.505],[11.354,6.501],[11.351,6.5],[11.342,6.503],[11.338,6.508],[11.329,6.505],[11.322,6.508],[11.316,6.509],[11.312,6.513],[11.312,6.517],[11.309,6.521],[11.295,6.53],[11.287,6.532],[11.28,6.539],[11.267,6.537],[11.257,6.527],[11.252,6.528],[11.246,6.523],[11.241,6.524],[11.236,6.533],[11.225,6.539],[11.218,6.54],[11.208,6.534],[11.192,6.539],[11.195,6.529],[11.188,6.528],[11.184,6.525],[11.171,6.524],[11.16,6.53],[11.148,6.53],[11.145,6.534],[11.142,6.534],[11.136,6.529],[11.129,6.528],[11.119,6.518],[11.114,6.516],[11.11,6.519],[11.099,6.522],[11.097,6.527],[11.098,6.54],[11.096,6.577],[11.098,6.591],[11.096,6.594],[11.097,6.601],[11.094,6.612],[11.096,6.657],[11.1,6.673],[11.097,6.682],[11.082,6.694],[11.078,6.701],[11.069,6.711],[11.06,6.716],[11.057,6.716],[11.054,6.71],[11.052,6.709],[11.046,6.712],[11.04,6.712],[11.032,6.716],[11.023,6.713],[11.017,6.704],[10.994,6.687],[10.983,6.688],[10.979,6.691],[10.971,6.687],[10.948,6.695],[10.947,6.688],[10.934,6.697],[10.928,6.704],[10.919,6.708],[10.915,6.729],[10.917,6.755],[10.913,6.766],[10.904,6.773],[10.901,6.772],[10.898,6.763],[10.889,6.775],[10.88,6.795],[10.876,6.797],[10.874,6.8],[10.867,6.803],[10.864,6.808],[10.856,6.811],[10.852,6.805],[10.851,6.806],[10.849,6.809],[10.841,6.812],[10.826,6.829],[10.826,6.833],[10.82,6.844],[10.823,6.849],[10.818,6.853],[10.82,6.859],[10.826,6.866],[10.824,6.871],[10.828,6.886],[10.843,6.921],[10.845,6.931],[10.841,6.94],[10.815,6.949],[10.801,6.963],[10.792,6.96],[10.782,6.968],[10.776,6.967],[10.771,6.963],[10.768,6.957],[10.765,6.957],[10.761,6.964],[10.75,6.97],[10.75,6.974],[10.748,6.979],[10.738,6.99],[10.733,6.992],[10.732,6.99],[10.721,6.989],[10.711,6.997],[10.704,7.012],[10.694,7.017],[10.687,7.016],[10.687,7.019],[10.682,7.023],[10.684,7.036],[10.678,7.042],[10.659,7.052],[10.656,7.049],[10.655,7.043],[10.632,7.05],[10.628,7.049],[10.613,7.061],[10.606,7.071],[10.598,7.078],[10.605,7.091],[10.607,7.103],[10.601,7.118],[10.603,7.127],[10.601,7.136],[10.598,7.145],[10.588,7.148],[10.584,7.156],[10.572,7.162],[10.569,7.156],[10.566,7.147],[10.564,7.107],[10.559,7.082],[10.56,7.066],[10.557,7.049],[10.56,7.035],[10.555,7.013],[10.555,7.001],[10.552,6.994],[10.551,6.978],[10.541,6.968],[10.54,6.947],[10.541,6.939],[10.535,6.94],[10.528,6.927],[10.516,6.924],[10.496,6.915],[10.494,6.912],[10.493,6.904],[10.49,6.9],[10.487,6.9],[10.477,6.904],[10.473,6.913],[10.463,6.915],[10.217,6.889],[10.174,6.938],[10.173,6.942],[10.178,6.942],[10.179,6.949],[10.184,6.959],[10.184,6.967],[10.181,6.972],[10.181,6.977],[10.183,6.985],[10.177,6.986],[10.172,6.991],[10.174,6.993],[10.171,6.995],[10.171,6.998],[10.169,7.0],[10.18,7.012],[10.178,7.015],[10.163,7.021],[10.166,7.034],[10.163,7.036],[10.153,7.038],[10.135,7.019],[10.118,7.005],[10.079,6.969],[10.066,6.96],[10.048,6.939],[10.02,6.92],[10.013,6.903],[10.003,6.901],[9.99,6.892],[9.964,6.869],[9.911,6.817]]]]}},{"type":"Feature","properties":{"NAME_1":"Yobe"},"geometry":{"type":"MultiPolygon","coordinates":[[[[11.701,10.594],[11.687,10.591],[11.592,10.594],[11.587,10.602],[11.582,10.663],[11.574,10.705],[11.576,10.742],[11.591,10.842],[11.594,10.895],[11.589,10.944],[11.583,10.972],[11.556,10.995],[11.523,11.026],[11.498,11.01],[11.514,11.034],[11.497,11.049],[11.459,11.091],[11.429,11.129],[11.408,11.16],[11.382,11.194],[11.341,11.227],[11.32,11.241],[11.288,11.267],[11.245,11.294],[11.21,11.314],[11.162,11.33],[11.132,11.333],[11.096,11.333],[11.063,11.323],[11.029,11.309],[11.014,11.295],[10.965,11.301],[10.949,11.311],[10.939,11.325],[10.94,11.356],[10.953,11.402],[10.955,11.433],[10.972,11.477],[10.977,11.508],[10.975,11.555],[10.959,11.606],[10.932,11.669],[10.909,11.73],[10.896,11.76],[10.877,11.789],[10.861,11.831],[10.841,11.888],[10.836,11.918],[10.837,11.949],[10.822,11.992],[10.817,12.035],[10.817,12.088],[10.813,12.143],[10.791,12.178],[10.762,12.216],[10.765,12.245],[10.761,12.307],[10.753,12.358],[10.734,12.404],[10.704,12.433],[10.665,12.462],[10.629,12.484],[10.605,12.507],[10.595,12.549],[10.584,12.619],[10.579,12.672],[10.567,12.731],[10.531,12.785],[10.501,12.799],[10.469,12.79],[10.388,12.825],[10.316,12.801],[10.293,12.795],[10.275,12.784],[10.252,12.824],[10.241,12.893],[10.206,12.969],[10.17,12.989],[10.115,12.973],[10.068,12.957],[10.023,12.936],[9.972,12.926],[9.886,12.885],[9.873,12.853],[9.852,12.822],[9.83,12.804],[9.801,12.793],[9.741,12.797],[9.704,12.805],[9.675,12.823],[9.77,12.918],[9.79,12.94],[9.794,12.942],[9.812,12.966],[9.817,12.97],[9.833,12.996],[9.847,13.015],[9.869,13.036],[9.873,13.036],[9.913,13.071],[9.979,13.143],[9.982,13.15],[9.984,13.149],[9.992,13.156],[9.996,13.163],[10.033,13.183],[10.04,13.19],[10.061,13.204],[10.207,13.268],[10.258,13.271],[10.269,13.271],[10.403,13.277],[10.466,13.283],[10.484,13.291],[10.546,13.313],[10.562,13.32],[10.655,13.354],[10.669,13.357],[10.756,13.36],[10.86,13.367],[10.882,13.366],[10.986,13.374],[11.025,13.372],[11.059,13.374],[11.065,13.376],[11.069,13.374],[11.146,13.376],[11.167,13.375],[11.175,13.376],[11.181,13.375],[11.213,13.376],[11.29,13.374],[11.302,13.373],[11.368,13.372],[11.396,13.37],[11.464,13.36],[11.48,13.356],[11.486,13.357],[11.522,13.353],[11.54,13.348],[11.601,13.319],[11.61,13.317],[11.638,13.305],[11.661,13.299],[11.666,13.296],[11.696,13.287],[11.739,13.278],[11.744,13.276],[11.772,13.272],[11.777,13.268],[11.786,13.268],[11.81,13.264],[11.885,13.246],[11.885,13.245],[11.928,13.223],[11.995,13.173],[12.011,13.158],[12.015,13.151],[12.041,13.131],[12.045,13.13],[12.047,13.127],[12.104,13.094],[12.114,13.09],[12.118,13.092],[12.13,13.091],[12.131,13.101],[12.135,13.104],[12.139,13.099],[12.149,13.097],[12.151,13.098],[12.149,13.106],[12.151,13.109],[12.158,13.108],[12.164,13.102],[12.17,13.104],[12.177,13.098],[12.18,13.104],[12.188,13.107],[12.179,13.115],[12.177,13.12],[12.179,13.125],[12.184,13.121],[12.188,13.12],[12.203,13.123],[12.207,13.12],[12.211,13.115],[12.219,13.114],[12.23,13.108],[12.234,13.107],[12.238,13.113],[12.241,13.115],[12.257,13.114],[12.265,13.11],[12.27,13.103],[12.273,13.095],[12.273,13.089],[12.275,13.083],[12.278,13.081],[12.287,13.08],[12.288,13.082],[12.282,13.084],[12.28,13.086],[12.287,13.092],[12.297,13.096],[12.307,13.096],[12.323,13.086],[12.335,13.083],[12.333,13.078],[12.337,13.072],[12.34,13.073],[12.341,13.084],[12.343,13.086],[12.352,13.079],[12.355,13.079],[12.362,13.081],[12.362,13.09],[12.366,13.09],[12.369,13.087],[12.369,13.079],[12.37,13.077],[12.386,13.077],[12.385,13.01],[12.378,12.976],[12.367,12.935],[12.361,12.883],[12.381,12.822],[12.404,12.793],[12.437,12.768],[12.464,12.745],[12.482,12.732],[12.488,12.704],[12.49,12.673],[12.46,12.606],[12.422,12.557],[12.396,12.529],[12.321,12.473],[12.307,12.457],[12.299,12.422],[12.312,12.387],[12.326,12.361],[12.328,12.342],[12.326,12.269],[12.32,12.236],[12.315,12.192],[12.285,12.011],[12.282,11.955],[12.296,11.915],[12.31,11.836],[12.234,11.691],[12.236,11.66],[12.246,11.654],[12.292,11.66],[12.326,11.658],[12.355,11.629],[12.376,11.598],[12.39,11.545],[12.374,11.511],[12.341,11.475],[12.3,11.441],[12.269,11.387],[12.247,11.347],[12.2,11.293],[12.186,11.248],[12.187,11.2],[12.199,11.134],[12.195,11.087],[12.161,11.038],[12.111,11.004],[12.062,10.98],[12.002,10.965],[11.965,10.952],[11.881,10.932],[11.838,10.901],[11.811,10.856],[11.801,10.812],[11.805,10.678],[11.777,10.637],[11.75,10.605],[11.701,10.594]]]]}},{"type":"Feature","properties":{"NAME_1":"Zamfara"},"geometry":{"type":"MultiPolygon","coordinates":[[[[6.822,11.295],[6.804,11.282],[6.775,11.242],[6.763,11.21],[6.752,11.153],[6.728,11.101],[6.7,11.072],[6.679,11.052],[6.641,11.028],[6.565,11.018],[6.517,11.017],[6.437,11.027],[6.366,11.02],[6.346,11.012],[6.331,11.004],[6.314,10.989],[6.291,10.959],[6.261,10.937],[6.25,10.924],[6.232,10.89],[6.214,10.87],[6.206,10.863],[6.194,10.858],[6.177,10.856],[6.167,10.856],[6.168,10.87],[6.142,10.935],[6.119,10.973],[6.081,11.041],[6.053,11.075],[6.027,11.111],[6.027,11.157],[6.023,11.18],[6.024,11.199],[6.018,11.23],[6.01,11.292],[6.001,11.319],[5.988,11.346],[5.97,11.367],[5.945,11.383],[5.883,11.411],[5.883,11.43],[5.893,11.449],[5.899,11.476],[5.916,11.533],[5.917,11.572],[5.907,11.591],[5.894,11.607],[5.823,11.635],[5.745,11.645],[5.725,11.632],[5.705,11.625],[5.685,11.623],[5.667,11.627],[5.641,11.627],[5.624,11.63],[5.599,11.624],[5.574,11.622],[5.557,11.617],[5.535,11.618],[5.517,11.628],[5.499,11.647],[5.477,11.657],[5.463,11.659],[5.43,11.659],[5.418,11.674],[5.411,11.694],[5.403,11.711],[5.393,11.718],[5.386,11.72],[5.327,11.71],[5.309,11.71],[5.293,11.715],[5.279,11.725],[5.266,11.723],[5.249,11.713],[5.24,11.697],[5.236,11.676],[5.208,11.667],[5.195,11.668],[5.133,11.652],[5.113,11.661],[5.106,11.672],[5.067,11.688],[5.037,11.688],[5.024,11.681],[5.027,11.73],[5.028,11.76],[5.027,11.79],[5.031,11.817],[5.034,11.9],[5.031,11.936],[5.031,11.995],[5.035,12.032],[5.034,12.069],[5.035,12.105],[5.032,12.15],[5.032,12.19],[5.034,12.213],[5.041,12.246],[5.048,12.261],[5.062,12.271],[5.094,12.263],[5.16,12.251],[5.213,12.244],[5.285,12.249],[5.328,12.245],[5.367,12.252],[5.406,12.255],[5.426,12.25],[5.478,12.257],[5.499,12.255],[5.525,12.258],[5.565,12.285],[5.572,12.309],[5.577,12.334],[5.568,12.375],[5.566,12.401],[5.551,12.46],[5.543,12.475],[5.543,12.492],[5.538,12.512],[5.542,12.52],[5.58,12.546],[5.592,12.551],[5.622,12.58],[5.644,12.613],[5.671,12.648],[5.709,12.71],[5.716,12.717],[5.729,12.72],[5.814,12.732],[5.844,12.732],[5.9,12.739],[5.924,12.74],[5.976,12.744],[5.99,12.748],[6.042,12.77],[6.063,12.786],[6.066,12.794],[6.064,12.826],[6.064,12.879],[6.06,12.898],[6.062,12.92],[6.06,12.945],[6.051,12.981],[6.05,13.001],[6.051,13.012],[6.086,13.041],[6.126,13.055],[6.164,13.066],[6.209,13.066],[6.218,13.062],[6.229,13.055],[6.244,13.052],[6.253,13.043],[6.261,13.047],[6.263,13.062],[6.272,13.076],[6.273,13.099],[6.278,13.123],[6.276,13.139],[6.282,13.163],[6.298,13.161],[6.334,13.164],[6.362,13.16],[6.375,13.156],[6.381,13.153],[6.386,13.153],[6.399,13.149],[6.426,13.117],[6.444,13.112],[6.457,13.107],[6.471,13.105],[6.494,13.099],[6.519,13.1],[6.567,13.091],[6.597,13.089],[6.611,13.086],[6.644,13.101],[6.706,13.139],[6.725,13.15],[6.744,13.165],[6.76,13.18],[6.774,13.191],[6.792,13.159],[6.819,13.118],[6.892,13.032],[6.905,13.019],[6.913,13.006],[6.928,12.99],[6.934,12.989],[6.947,12.991],[7.01,12.992],[7.064,13.001],[7.05,12.927],[7.045,12.862],[7.041,12.83],[7.052,12.773],[7.057,12.732],[7.057,12.699],[7.061,12.668],[7.056,12.636],[7.062,12.592],[7.072,12.554],[7.078,12.479],[7.082,12.464],[7.099,12.428],[7.097,12.393],[7.093,12.371],[7.128,12.306],[7.136,12.281],[7.139,12.26],[7.144,12.24],[7.142,12.213],[7.158,12.174],[7.157,12.154],[7.142,12.103],[7.14,12.092],[7.132,12.071],[7.111,12.034],[7.131,12.015],[7.172,11.996],[7.189,11.98],[7.215,11.96],[7.234,11.937],[7.242,11.921],[7.242,11.906],[7.237,11.899],[7.224,11.887],[7.211,11.881],[7.197,11.882],[7.172,11.892],[7.157,11.893],[7.149,11.842],[7.141,11.838],[7.139,11.833],[7.123,11.826],[7.118,11.816],[7.07,11.779],[7.063,11.779],[7.049,11.793],[7.003,11.792],[6.96,11.788],[6.942,11.791],[6.929,11.787],[6.918,11.778],[6.913,11.766],[6.907,11.714],[6.882,11.648],[6.883,11.629],[6.877,11.611],[6.875,11.588],[6.878,11.571],[6.889,11.557],[6.908,11.541],[6.915,11.502],[6.923,11.482],[6.913,11.434],[6.911,11.411],[6.903,11.385],[6.904,11.363],[6.902,11.348],[6.886,11.348],[6.871,11.33],[6.848,11.31],[6.822,11.295]]]]}}]}